arm	cancer_type	discovery	replication	seed	n_common	n_dis_tested	n_rep_tested	n_dis_joint	n_rep_joint	rep_joint	repdir_joint	n_dis_fdr	n_rep_fdr	rep_fdr	repdir_fdr	n_dis_lfc	n_rep_lfc	rep_lfc	repdir_lfc	n_dis_topp100	n_rep_topp100	rep_topp100	repdir_topp100	n_dis_topp500	n_rep_topp500	rep_topp500	repdir_topp500	n_dis_topfc100	n_rep_topfc100	rep_topfc100	repdir_topfc100	n_dis_topfc500	n_rep_topfc500	rep_topfc500	repdir_topfc500	gene_sign_conc	gene_bothsig_fdr	gene_bothsig_sign	pi1	rep_median_abs_lfc	dis_median_abs_lfc	lfc_shrinkage	spearman_lfc	spearman_stat	pearson_lfc	global_sign_conc	status
cross_full	BRCA	SRP157974	SRP023262	-1	14173	16585	14373	2542	1485	0.3493312352478363	0.3269079464988198	11407	4000	0.30200753923029716	0.2675550100815289	2542	1516	0.3583792289535799	0.3324154209284028	100	100	0.03	0.03	500	500	0.186	0.186	100	100	0.23	0.22	500	500	0.348	0.34	0.8587726199842644	0.5672698662470496	0.536191974822974	0.7797010228166797	0.7585597343904706	1.4428685496124118	0.47426968687186544	0.5396213967694162	0.5490751951062255	0.5740934672623081	0.6947011924080999	ok
cross_full	BRCA	SRP157974	SRP116023	-1	16344	16585	16739	3334	2820	0.45980803839232154	0.4298140371925615	13132	7757	0.49307036247334757	0.40945781297593664	3334	2912	0.4772045590881824	0.4439112177564487	100	100	0.04	0.04	500	500	0.186	0.186	100	100	0.32	0.32	500	500	0.316	0.314	0.8599280143971205	0.6514697060587883	0.6067786442711458	0.8162867426514697	0.9576494160871498	1.486098842374985	0.3555950729652021	0.5152638971402091	0.5198351960658424	0.5974873943068927	0.6784752814488497	ok
cross_full	BRCA	SRP157974	SRP062132	-1	16492	16585	17037	3418	5	0.001462843768285547	0.0011702750146284377	13262	5	0.0003770170411702609	0.0003016136329362087	3418	209	0.047396138092451724	0.03247513165593915	100	100	0.0	0.0	500	500	0.022	0.022	100	5	0.0	0.0	500	5	0.006	0.004	0.7703335283791691	0.001462843768285547	0.0011702750146284377	0.28028086600351054	0.2895992876897706	1.4928074235042201	0.8060035855060498	0.4333387737310996	0.43565702768764425	0.37860612490400863	0.6558937666747514	ok
cross_full	BRCA	SRP157974	SRP156355	-1	16536	16585	17666	3475	1606	0.3082014388489209	0.300431654676259	13311	3165	0.21508526782360454	0.2065209225452633	3475	2159	0.40172661870503595	0.3818705035971223	100	100	0.03	0.03	500	500	0.208	0.208	100	100	0.29	0.29	500	500	0.378	0.372	0.8776978417266187	0.3951079136690647	0.3864748201438849	0.7251798561151079	0.8367985061211299	1.5021905150699981	0.4429478167207458	0.6254061228074177	0.6461938414167351	0.6553255942714231	0.7337929366231253	ok
cross_full	LIHC	SRP068976	SRP049592	-1	15956	16012	16728	3764	4124	0.5233793836344315	0.48007438894792775	10943	7900	0.5270949465411678	0.45673032989125467	3764	4297	0.5504782146652497	0.5005313496280552	100	100	0.01	0.01	500	500	0.09	0.088	100	100	0.26	0.26	500	500	0.292	0.288	0.8358129649309245	0.6668437832093518	0.6118490967056323	0.8126992561105206	1.1156224361673566	1.5249348921676118	0.26841307002847836	0.5306014446434014	0.5268244390108915	0.5619237191257916	0.6886437703685134	ok
cross_full	LIHC	SRP068976	SRP102722	-1	15376	16012	15433	3493	60	0.015173203549957057	0.000286286859433152	10580	66	0.0060491493383742915	9.45179584120983e-05	3493	992	0.22273117663899228	0.007443458345261953	100	100	0.02	0.0	500	500	0.15	0.0	100	66	0.11	0.0	500	66	0.064	0.0	0.11795018608645863	0.015173203549957057	0.000286286859433152	0.5190380761523044	0.5784424661485974	1.5036778681583538	0.6153149032797489	-0.6258602536501043	-0.6232266627882936	-0.6638636485835312	0.2685353798126951	ok
cross_full	LIHC	SRP068976	SRP039694	-1	15980	16012	16625	3793	1764	0.36409174795676247	0.363037173741102	10970	2960	0.24749316317228806	0.24658158614402917	3794	2679	0.5287295730100158	0.5231945176594623	100	100	0.04	0.04	500	500	0.3	0.3	100	100	0.36	0.36	500	500	0.542	0.542	0.9475349327708937	0.4439757447930398	0.4429211705773794	0.8513050355918796	1.0542207258483043	1.5347207089095793	0.3130862705323568	0.7595845942152774	0.772858288521899	0.8099157997588954	0.7896120150187734	ok
cross_full	LIHC	SRP068976	SRP076032	-1	13226	16012	13305	2583	208	0.05884630274874177	0.05845915602013163	9106	375	0.03821656050955414	0.03766747199648583	2583	511	0.13201703445605883	0.12930700735578785	100	100	0.04	0.04	500	500	0.164	0.164	100	100	0.14	0.14	500	375	0.144	0.144	0.8819202477739063	0.08904374758033294	0.0886566008517228	0.6221447928765	0.5233974984498857	1.4287316958202805	0.6336628493781777	0.5780952803099243	0.5898702767054492	0.597579422267137	0.7127627400574625	ok
cross_full	ESCA	TCGA-ESCA	SRP064894	-1	16390	17634	16426	3239	3675	0.4686631676443347	0.4146341463414634	6934	6559	0.47303143928468416	0.4232766080184598	3512	3916	0.5074031890660592	0.4271070615034169	100	100	0.05	0.05	500	500	0.08	0.078	100	100	0.31	0.3	500	500	0.272	0.25	0.7934547699907378	0.5486261191725841	0.488731089842544	0.7375733251003396	1.0059511235188243	1.668906039254989	0.3972392094836641	0.453089597931008	0.48421664782790586	0.4249109504600853	0.6702867602196462	ok
cross_full	ESCA	SRP099599	TCGA-ESCA	-1	1623	1626	17634	262	371	0.41603053435114506	0.2480916030534351	807	732	0.44609665427509293	0.3135068153655514	268	399	0.4962686567164179	0.30597014925373134	100	100	0.11	0.11	500	500	0.29	0.24	100	100	0.24	0.15	500	500	0.418	0.278	0.5114503816793893	0.46564885496183206	0.2862595419847328	0.5896946564885497	0.9698204221883326	1.5023288966365	0.35445532309228545	0.17786338140130045	0.23077580062607864	0.16184657552210613	0.574245224892175	ok
cross_full	ESCA	SRP099599	ERP013206	-1	1587	1626	15593	252	565	0.873015873015873	0.8492063492063492	792	1109	0.8055555555555556	0.7815656565656566	255	565	0.8745098039215686	0.8509803921568627	100	100	0.2	0.2	500	500	0.552	0.544	100	100	0.49	0.49	500	500	0.668	0.654	0.9444444444444444	0.9444444444444444	0.9126984126984127	0.99999999	2.607332999098057	1.4948870437621278	-0.7441672332220348	0.7299457664630609	0.7201879065806225	0.7553548763232015	0.7800882167611847	ok
cross_full	ESCA	SRP099599	SRP064894	-1	1586	1626	16426	251	385	0.5896414342629482	0.5179282868525896	787	679	0.5324015247776366	0.48284625158831	257	401	0.6147859922178989	0.5214007782101168	100	100	0.29	0.29	500	500	0.49	0.46	100	100	0.46	0.44	500	500	0.54	0.482	0.7928286852589641	0.6334661354581673	0.549800796812749	0.8007968127490039	1.2887129333428238	1.5009292912443002	0.14138997695590627	0.5282773543069069	0.5636610584304326	0.6039801074346703	0.7036569987389659	ok
cross_full	COAD	SRP119775	TCGA-COAD	-1	16437	17321	16566	2729	4247	0.8200806156101136	0.8193477464272627	6468	12221	0.8990414347557205	0.8871366728509585	2900	4247	0.8103448275862069	0.8079310344827586	100	100	0.41	0.41	500	500	0.428	0.428	100	100	0.45	0.45	500	500	0.604	0.604	0.976181751557347	0.9417368999633565	0.9358739465005497	0.9622290498069171	1.7765237764913515	1.4899270330336474	-0.19235622758932247	0.7897911738113047	0.7944908483575774	0.8348374627465645	0.796799902658636	ok
cross_full	COAD	SRP119775	SRP029880	-1	16322	17321	16445	2754	2879	0.6525054466230937	0.6285403050108932	6491	9022	0.7850870435988292	0.7695270374364505	2906	2915	0.6551961459050241	0.6276668960770819	100	100	0.19	0.19	500	500	0.306	0.306	100	100	0.07	0.07	500	500	0.418	0.412	0.9353667392883079	0.8496732026143791	0.8228031953522149	0.9394819656257565	1.273043492809729	1.4997549434648971	0.15116566319254443	0.7495981120847179	0.7638046925331321	0.643619928614255	0.7939590736429359	ok
cross_full	ESCA	TCGA-ESCA	SRP099599	-1	1623	17634	1626	371	262	0.29380053908355797	0.1752021563342318	732	807	0.4918032786885246	0.34562841530054644	399	268	0.3333333333333333	0.20551378446115287	100	100	0.11	0.11	500	500	0.29	0.24	100	100	0.24	0.15	500	500	0.418	0.278	0.6415094339622641	0.5741239892183289	0.3908355795148248	0.7160826594788858	0.6707788304683463	1.6608188453634172	0.5961155954239141	0.17786338140130045	0.23077580062607864	0.16184657552210613	0.574245224892175	ok
cross_full	ESCA	TCGA-ESCA	ERP013206	-1	15569	17634	15593	2846	5477	0.6026001405481377	0.2297962052002811	6506	10902	0.6858284660313557	0.3157085766984322	3091	5486	0.6279521190553219	0.23778712390812035	100	100	0.0	0.0	500	500	0.01	0.002	100	100	0.07	0.06	500	500	0.24	0.114	0.4479971890372453	0.7772312016865777	0.3264230498945889	0.8727258530491138	1.4250569243215845	1.6077670854061568	0.1136421828404428	-0.09269569472981996	-0.07399934792622587	-0.11935756504881792	0.48179073800500993	ok
cross_full	BRCA	SRP062132	SRP058722	-1	16389	17037	16567	4	6225	1.0	1.0	4	10380	1.0	1.0	227	6304	0.8458149779735683	0.47577092511013214	100	100	0.0	0.0	500	500	0.028	0.024	4	100	0.0	0.0	4	500	0.0	0.0								0.10736984487247421	0.10606981252229843	0.13443353086244803	0.5260235523826957	ok
cross_full	BRCA	SRP062132	SRP023262	-1	14282	17037	14373	2	1524	1.0	1.0	2	4046	1.0	1.0	131	1556	0.5954198473282443	0.4961832061068702	100	100	0.0	0.0	500	500	0.058	0.056	2	100	0.5	0.5	2	500	0.5	0.5								0.4222517866128631	0.3917130333566527	0.43579379831610615	0.6383559725528637	ok
cross_full	BRCA	SRP062132	SRP116023	-1	16576	17037	16739	6	2899	0.8333333333333334	0.8333333333333334	6	7844	0.8333333333333334	0.8333333333333334	222	3008	0.5720720720720721	0.5	100	100	0.01	0.01	500	500	0.048	0.048	6	100	0.3333333333333333	0.3333333333333333	6	500	0.5	0.5	1.0	0.8333333333333334	0.8333333333333334		2.181175308344174	3.3562190091450717	0.3501093634232816	0.3801237189948693	0.3633633686387502	0.3930341534489429	0.6166747104247104	ok
cross_full	BRCA	SRP062132	SRP156355	-1	16922	17037	17666	6	1689	0.5	0.5	6	3248	0.5	0.5	271	2313	0.47601476014760147	0.39114391143911437	100	100	0.02	0.02	500	500	0.038	0.036	6	100	0.5	0.5	6	500	0.5	0.5	0.8333333333333334	0.5	0.5		2.3382933362168363	3.3562190091450717	0.3032953660516723	0.41661174121921785	0.39904118881476214	0.3930211396696421	0.6434227632667533	ok
cross_full	BRCA	SRP116023	TCGA-BRCA	-1	16435	16739	17081	2885	3763	0.755632582322357	0.7545927209705373	7818	13455	0.9132770529547198	0.8917881811204912	3005	3763	0.7527454242928453	0.7507487520798669	100	100	0.35	0.35	500	500	0.474	0.474	100	100	0.58	0.58	500	500	0.5	0.5	0.9864818024263432	0.9674176776429809	0.9636048526863085	0.99999999	1.5599001853291368	1.4867907561700502	-0.049172641715512944	0.81124078609582	0.8022642840189338	0.8461159608527075	0.8110130818375418	ok
cross_full	BRCA	SRP116023	SRP157974	-1	16344	16739	16585	2820	3334	0.5436170212765957	0.5081560283687944	7757	13132	0.834729921361351	0.6931803532293412	2912	3334	0.5463598901098901	0.5082417582417582	100	100	0.04	0.04	500	500	0.186	0.186	100	100	0.32	0.32	500	500	0.316	0.314	0.8407801418439717	0.8734042553191489	0.7695035460992907	0.9134751773049645	1.0941771888970082	1.4697800920400712	0.25555040864767864	0.5152638971402091	0.5198351960658424	0.5974873943068926	0.6784752814488497	ok
cross_full	BRCA	SRP116023	SRP218935	-1	16534	16739	17058	2875	3084	0.49426086956521736	0.4594782608695652	7818	9709	0.6390381171655155	0.5402916346891788	2982	3127	0.5046948356807511	0.4614352783366868	100	100	0.04	0.04	500	500	0.182	0.182	100	100	0.35	0.35	500	500	0.336	0.332	0.8222608695652174	0.6991304347826087	0.6351304347826087	0.8191304347826087	1.0020763777671786	1.4783533672415639	0.32216721659927827	0.461578116438976	0.4657933703230569	0.5591847639802769	0.6539857263820007	ok
cross_full	BRCA	SRP116023	SRP111343	-1	16158	16739	16421	2841	1482	0.3745160154875044	0.37205209433298136	7759	8550	0.6525325428534605	0.6332001546591055	2938	1489	0.37848876786929886	0.3750850918992512	100	100	0.0	0.0	500	500	0.052	0.052	100	100	0.06	0.06	500	500	0.282	0.282	0.9447377683914114	0.7578317493840198	0.7518479408658922	0.8803238296374516	0.8250272520940601	1.481634621337187	0.4431641646241591	0.6942435967886489	0.6787211653534759	0.7212725983426167	0.7430375046416636	ok
cross_full	LIHC	SRP174991	TCGA-LIHC	-1	15669	15733	16307	2375	3071	0.7574736842105263	0.7566315789473684	8229	11114	0.7991250455705432	0.7664357759144489	2394	3071	0.7560568086883876	0.7543859649122807	100	100	0.37	0.37	500	500	0.498	0.498	100	100	0.55	0.55	500	500	0.7	0.7	0.9734736842105263	0.9225263157894736	0.9174736842105263	0.9775438596491228	1.550731524774412	1.4894352380899596	-0.04115404625652497	0.7356106786762667	0.7239019737386257	0.839703900623421	0.7669283298232178	ok
cross_full	LIHC	SRP174991	SRP068976	-1	15661	15733	16012	2364	3632	0.7842639593908629	0.7779187817258884	8220	10757	0.7854014598540145	0.7535279805352798	2381	3632	0.7828643427131458	0.7761444771104578	100	100	0.32	0.32	500	500	0.476	0.476	100	100	0.48	0.48	500	500	0.662	0.662	0.9665820642978004	0.9166666666666666	0.9065143824027073	0.9520586576424139	1.721628483760846	1.4881042400601563	-0.15692734246308548	0.7217248331938644	0.7243489527582214	0.8252036650140806	0.7580614264734052	ok
cross_full	LIHC	SRP174991	SRP099053	-1	15682	15733	16117	2376	3238	0.8341750841750841	0.8329124579124579	8233	8758	0.7954573059638042	0.7941212194825702	2394	3300	0.8446115288220551	0.841687552213868	100	100	0.33	0.33	500	500	0.542	0.542	100	100	0.51	0.51	500	500	0.686	0.686	0.9810606060606061	0.9031986531986532	0.9010942760942761	0.9768518518518519	1.7688120815137465	1.4881042400601563	-0.1886345283461075	0.8617686258280245	0.8730914536144921	0.8976913816852375	0.8507205713556945	ok
cross_full	LIHC	SRP174991	SRP062885	-1	15625	15733	16024	2353	3531	0.6918827029324267	0.68380790480238	8206	7820	0.6240555690957835	0.605288813063612	2372	3677	0.7145868465430016	0.7032040472175379	100	100	0.26	0.26	500	500	0.428	0.428	100	100	0.42	0.42	500	500	0.584	0.584	0.926476838079048	0.7556311092222694	0.7462813429664258	0.8629409264768381	1.5469571761118284	1.4879457335799118	-0.039659673871263124	0.672483149946434	0.6971520763719845	0.7624513932513952	0.751552	ok
cross_full	LIHC	SRP174991	SRP049592	-1	15684	15733	16728	2360	4003	0.6419491525423728	0.5936440677966102	8219	7774	0.559557123737681	0.48314880155736706	2381	4157	0.6757664846703066	0.617387652246955	100	100	0.03	0.03	500	500	0.128	0.128	100	100	0.22	0.22	500	500	0.298	0.288	0.8555084745762712	0.7203389830508474	0.6652542372881356	0.8813559322033898	1.5172316006472242	1.4857401999853834	-0.021195765358001717	0.510140902701125	0.4908073476583099	0.5613782343123072	0.6683244070390206	ok
cross_full	LIHC	SRP174991	SRP102722	-1	15358	15733	15433	2241	59	0.01651048639000446	0.0	8069	65	0.006692279092824389	0.0	2255	987	0.27583148558758314	0.012860310421286032	100	100	0.07	0.0	500	500	0.12	0.0	100	65	0.13	0.0	500	65	0.052	0.0	0.15841142347166443	0.01651048639000446	0.0	0.46117804551539476	0.6415521722425599	1.4748096847145877	0.5649932469987027	-0.44582592849924857	-0.4168603197619776	-0.5580822379774013	0.35382211225419974	ok
cross_full	LIHC	SRP174991	SRP039694	-1	15714	15733	16625	2393	1734	0.4697033012954451	0.4676138737985792	8253	2930	0.3114019144553496	0.3104325699745547	2413	2586	0.6535433070866141	0.644840447575632	100	100	0.14	0.14	500	500	0.32	0.32	100	100	0.28	0.28	500	500	0.496	0.496	0.9423318010865023	0.5022983702465524	0.5002089427496866	0.8280699659721807	1.298048505399977	1.4912824609677904	0.12957569114197942	0.7323603252346556	0.7633056755931926	0.7784834087573295	0.7812142038946163	ok
cross_full	LIHC	SRP174991	SRP076032	-1	13227	15733	13305	1523	207	0.07747866053841103	0.07747866053841103	6960	374	0.04439655172413793	0.04396551724137931	1531	510	0.18745917700849118	0.18419333768778576	100	100	0.08	0.08	500	500	0.15	0.15	100	100	0.13	0.13	500	374	0.11	0.11	0.8765594221930401	0.09914642153644124	0.09914642153644124	0.5816527530250444	0.5650423446173864	1.4151176156050829	0.600709977470118	0.437424651541294	0.43122685797720783	0.513990935902152	0.6363498903757466	ok
cross_full	LIHC	SRP068976	SRP050551	-1	15773	16012	15968	3705	2999	0.631578947368421	0.631578947368421	10846	6298	0.5314401622718052	0.529872764152683	3705	3274	0.6734143049932524	0.6720647773279352	100	100	0.28	0.28	500	500	0.462	0.462	100	100	0.51	0.51	500	500	0.612	0.612	0.9757085020242915	0.7786774628879892	0.7781376518218623	0.9244264507422402	1.299652993682762	1.5319362896907618	0.15162725602308735	0.8475523581164977	0.8684265482514751	0.8767383363757202	0.8454954669371711	ok
cross_full	LIHC	SRP068976	SRP118972	-1	15777	16012	16010	3704	2003	0.41765658747300216	0.4144168466522678	10844	3503	0.30284028033935817	0.3015492438214681	3704	2863	0.5718142548596112	0.5631749460043196	100	100	0.51	0.51	500	500	0.484	0.484	100	100	0.46	0.46	500	500	0.612	0.61	0.9559935205183585	0.5010799136069114	0.4978401727861771	0.8596112311015118	1.1278361897294373	1.52422279015431	0.26005817718074076	0.8029041555709051	0.8254603417791438	0.8292430344024511	0.8220193953223046	ok
cross_full	LIHC	SRP068976	SRP137150	-1	15284	16012	15802	3504	3298	0.4192351598173516	0.4012557077625571	10542	5048	0.365110984632897	0.3292544109277177	3504	3943	0.5111301369863014	0.4811643835616438	100	100	0.13	0.13	500	500	0.238	0.238	100	100	0.39	0.38	500	500	0.446	0.444	0.8493150684931506	0.4763127853881279	0.4563356164383562	0.7340182648401825	1.0258577712278911	1.5167623814435318	0.32365294407449463	0.5114583006416199	0.521071216721855	0.5953198229644171	0.6813007066213034	ok
cross_full	LIHC	SRP068976	SRP161530	-1	15455	16012	15823	3553	2800	0.5676892766676048	0.5637489445538981	10640	4756	0.40291353383458645	0.39906015037593984	3553	3363	0.6583169152828595	0.6507177033492823	100	100	0.4	0.4	500	500	0.472	0.472	100	100	0.51	0.51	500	500	0.644	0.644	0.955249085280045	0.6633830565719111	0.6588798198705319	0.8817900365887982	1.332900374494439	1.51157578028852	0.11820472921309744	0.7861125996325198	0.8049761905022392	0.8365291800106147	0.8084115173083145	ok
cross_full	LIHC	SRP099053	SRP049592	-1	16008	16117	16728	3381	4160	0.567583555161195	0.5187814256137238	8917	7936	0.5352697095435685	0.44656274531793205	3452	4342	0.5958864426419467	0.5365005793742758	100	100	0.03	0.03	500	500	0.11	0.108	100	100	0.2	0.2	500	500	0.316	0.31	0.8281573498964804	0.6708074534161491	0.6110618160307602	0.8054487495481284	1.2439698624347064	1.5946447650278426	0.2199078505030011	0.4607316669146224	0.43596089517086184	0.5437420983917247	0.6444902548725637	ok
cross_full	LIHC	SRP099053	SRP102722	-1	15404	16117	15433	3116	62	0.015083440308087292	0.0	8605	68	0.006972690296339338	0.0	3174	999	0.21865154379332072	0.007561436672967864	100	100	0.01	0.0	500	500	0.124	0.0	100	68	0.13	0.0	500	68	0.066	0.0	0.15629011553273428	0.015083440308087292	0.0	0.45351182835136605	0.5438815448881114	1.5660953123887378	0.6527149142292379	-0.48911507947677774	-0.46441451594126315	-0.5862919858812788	0.33095299922098154	ok
cross_full	LIHC	SRP099053	SRP039694	-1	16049	16117	16625	3421	1778	0.3966676410406314	0.3960830166617948	8956	2974	0.29399285395265745	0.2935462259937472	3491	2725	0.560011458034947	0.5534230879404182	100	100	0.05	0.05	500	500	0.336	0.336	100	100	0.4	0.4	500	500	0.514	0.514	0.938322128032739	0.45249926921952643	0.4519146448406899	0.8304589301373867	1.1151271099355737	1.602455177606162	0.3041133845619235	0.7245713061805357	0.7596518867946441	0.787467594305281	0.7763723596485762	ok
cross_full	LIHC	SRP099053	SRP076032	-1	13250	16117	13305	2252	209	0.06261101243339254	0.06216696269982238	7391	376	0.04329590041942904	0.042890001352996886	2287	516	0.14560559685177088	0.14210756449497158	100	100	0.07	0.07	500	500	0.164	0.164	100	100	0.14	0.14	500	376	0.134	0.134	0.8690053285968028	0.0905861456483126	0.09014209591474245	0.5082149200710478	0.49914415202873597	1.4885366980473642	0.6646746078323065	0.5038178916080628	0.4966309542526988	0.5608655325072157	0.6710188679245283	ok
cross_full	BRCA	SRP023262	TCGA-BRCA	-1	14318	14373	17081	1539	2917	0.7108512020792722	0.7056530214424951	4067	11733	0.9188591099090239	0.8777969018932874	1573	2917	0.7069294342021615	0.7012078830260648	100	100	0.09	0.09	500	500	0.216	0.216	100	100	0.26	0.26	500	500	0.432	0.428	0.9486679662118258	0.9317738791423001	0.9090318388564003	0.9593892137751787	1.5655933921658307	1.3889085056979935	-0.1272113215110915	0.693037860375273	0.6871535566825755	0.7157142168526074	0.7473809191227825	ok
cross_full	BRCA	SRP023262	SRP157974	-1	14173	14373	16585	1485	2542	0.597979797979798	0.5595959595959596	4000	11407	0.86125	0.763	1516	2542	0.6009234828496042	0.5573878627968337	100	100	0.03	0.03	500	500	0.186	0.186	100	100	0.23	0.22	500	500	0.348	0.34	0.8518518518518519	0.8787878787878788	0.7818181818181819	0.9204162840526477	1.2398979294871948	1.3837984897175741	0.10398953409737333	0.5396213967694162	0.5490751951062255	0.5740934672623081	0.6947011924080999	ok
cross_full	BRCA	SRP023262	SRP218935	-1	14273	14373	17058	1521	2321	0.514792899408284	0.48717948717948717	4044	8433	0.6179525222551929	0.5343719090009891	1554	2344	0.5231660231660231	0.48841698841698844	100	100	0.05	0.05	500	500	0.122	0.122	100	100	0.24	0.23	500	500	0.33	0.324	0.8310322156476002	0.6877054569362262	0.6410256410256411	0.7852290159982468	1.0527975910970617	1.3875999323551917	0.24128160678839583	0.38048352988239703	0.35149055756373604	0.4955803869716335	0.6073004974427241	ok
cross_full	BRCA	SRP023262	SRP111343	-1	14252	14373	16421	1518	1078	0.4044795783926219	0.40250329380764166	4041	7588	0.6691413016580054	0.649839148725563	1551	1083	0.4049000644745326	0.4010315925209542	100	100	0.04	0.04	500	500	0.112	0.112	100	100	0.2	0.2	500	500	0.396	0.394	0.9288537549407114	0.7536231884057971	0.7457180500658761	0.8670499461013295	0.8747158776482583	1.388953096259397	0.3702336817535711	0.5977481501031281	0.568448257879339	0.6630169362481304	0.6980072972214426	ok
cross_full	BRCA	SRP062132	TCGA-BRCA	-1	16675	17037	17081	5	3848	1.0	1.0	5	13623	1.0	1.0	253	3848	0.691699604743083	0.5691699604743083	100	100	0.0	0.0	500	500	0.034	0.03	5	100	0.8	0.8	5	500	0.8	0.8	1.0	1.0	1.0		4.746935271874398	2.9630915368315085	-0.602021136664036	0.43546752511327164	0.40822620822440003	0.4192820562486428	0.6430584707646176	ok
cross_full	BRCA	SRP062132	SRP157974	-1	16492	17037	16585	5	3418	1.0	0.8	5	13262	1.0	0.8	209	3418	0.7751196172248804	0.5311004784688995	100	100	0.0	0.0	500	500	0.022	0.022	5	100	0.0	0.0	5	500	0.6	0.4	0.8	1.0	0.8		2.816726787445664	2.9630915368315085	0.049395959445233784	0.4333387737310996	0.43565702768764425	0.37860612490400863	0.6558937666747514	ok
cross_full	BRCA	SRP062132	SRP218935	-1	16812	17037	17058	5	3192	1.0	0.8	5	9847	1.0	0.8	240	3238	0.6333333333333333	0.4625	100	100	0.0	0.0	500	500	0.028	0.028	5	100	0.8	0.6	5	500	0.8	0.6	0.8	1.0	0.8		3.6793367513851187	2.9630915368315085	-0.2417222706928268	0.4368940287714251	0.4480503307830179	0.3798110901277682	0.6578039495598382	ok
cross_full	BRCA	SRP062132	SRP111343	-1	16300	17037	16421	5	1506	0.6	0.6	5	8605	0.6	0.6	215	1515	0.4372093023255814	0.3488372093023256	100	100	0.0	0.0	500	500	0.026	0.024	5	100	0.0	0.0	5	500	0.4	0.4	0.8	0.6	0.6		1.2724085167763404	2.9630915368315085	0.5705807596693582	0.4605943113055756	0.4669447540858886	0.4070284783794563	0.6673006134969325	ok
cross_full	BRCA	TCGA-BRCA	SRP023262	-1	14318	17081	14373	2917	1539	0.37504285224545764	0.3723003085361673	11733	4067	0.318503366572914	0.30427000767067247	2917	1573	0.381213575591361	0.37812821391840934	100	100	0.09	0.09	500	500	0.216	0.216	100	100	0.26	0.26	500	500	0.432	0.428	0.9242372300308536	0.6177579705176551	0.6115872471717518	0.8457319163524168	0.8109362850226441	1.5271365855406238	0.46898247825320516	0.693037860375273	0.6871535566825755	0.7157142168526074	0.7473809191227825	ok
cross_full	BRCA	TCGA-BRCA	SRP116023	-1	16435	17081	16739	3763	2885	0.5793250066436354	0.5785277703959607	13455	7818	0.5306577480490524	0.5181716833890747	3763	3005	0.6011161307467446	0.5995216582513951	100	100	0.35	0.35	500	500	0.474	0.474	100	100	0.58	0.58	500	500	0.5	0.5	0.9720967313313845	0.7815572681371247	0.7796970502258836	0.9162901939941536	1.1872665049423523	1.5813306094864936	0.24919779720959556	0.81124078609582	0.8022642840189338	0.8461159608527073	0.8110130818375418	ok
cross_full	BRCA	TCGA-BRCA	SRP062132	-1	16675	17081	17037	3848	5	0.0012993762993762994	0.0012993762993762994	13623	5	0.0003670263524921089	0.0003670263524921089	3848	253	0.04547817047817048	0.037422037422037424	100	100	0.0	0.0	500	500	0.034	0.03	100	5	0.04	0.04	500	5	0.008	0.008	0.7793659043659044	0.0012993762993762994	0.0012993762993762994	0.2454954954954952	0.2698721640845399	1.5819669664300857	0.8294072064642781	0.43546752511327164	0.40822620822440003	0.41928205624864273	0.6430584707646176	ok
cross_full	BRCA	TCGA-BRCA	SRP156355	-1	16887	17081	17666	3997	1659	0.2867150362772079	0.2804603452589442	13807	3218	0.21445643514159485	0.2061997537480988	3997	2258	0.3760320240180135	0.35626720040030024	100	100	0.09	0.09	500	500	0.242	0.242	100	100	0.37	0.37	500	500	0.39	0.382	0.8754065549161871	0.3815361521140856	0.37478108581436076	0.6902677007755817	0.7856359596583193	1.6010588620910151	0.5093022634831408	0.6102391537998743	0.631400251973414	0.6496466248494311	0.7265944217445373	ok
cross_full	BRCA	SRP111343	SRP023262	-1	14252	16421	14373	1078	1518	0.5695732838589982	0.5667903525046383	7588	4041	0.3563521349499209	0.3460727464417501	1083	1551	0.579870729455217	0.5743305632502308	100	100	0.04	0.04	500	500	0.112	0.112	100	100	0.2	0.2	500	500	0.396	0.394	0.950834879406308	0.7207792207792207	0.7152133580705009	0.904143475572047	1.1564443267747735	1.274634069298632	0.09272444960528359	0.5977481501031281	0.568448257879339	0.6630169362481305	0.6980072972214426	ok
cross_full	BRCA	SRP111343	SRP116023	-1	16158	16421	16739	1482	2841	0.717948717948718	0.713225371120108	8550	7759	0.5921637426900584	0.5746198830409357	1489	2938	0.7468099395567495	0.7400940228341168	100	100	0.0	0.0	500	500	0.052	0.052	100	100	0.06	0.06	500	500	0.282	0.282	0.9527665317139001	0.7948717948717948	0.7881241565452092	0.9145299145299145	1.51279709450202	1.3096911467228334	-0.15507927062606108	0.6942435967886489	0.6787211653534759	0.7212725983426166	0.7430375046416636	ok
cross_full	BRCA	SRP111343	SRP062132	-1	16300	16421	17037	1506	5	0.00199203187250996	0.00199203187250996	8605	5	0.0003486345148169669	0.0003486345148169669	1515	215	0.062046204620462043	0.04950495049504951	100	100	0.0	0.0	500	500	0.026	0.024	100	5	0.0	0.0	500	5	0.004	0.004	0.798804780876494	0.00199203187250996	0.00199203187250996	0.3359893758300131	0.359097111051618	1.3119677436610826	0.7262912043480981	0.4605943113055756	0.4669447540858886	0.4070284783794563	0.6673006134969325	ok
cross_full	BRCA	SRP111343	SRP156355	-1	16372	16421	17666	1536	1638	0.470703125	0.46875	8649	3197	0.28546652792230315	0.28350098277257485	1545	2127	0.5922330097087378	0.5779935275080906	100	100	0.07	0.07	500	500	0.174	0.174	100	100	0.21	0.21	500	500	0.33	0.328	0.916015625	0.5032552083333334	0.5006510416666666	0.8274739583333333	1.146899293190701	1.3199541715650494	0.13110673241720194	0.6486715869916805	0.6627822361329402	0.6746408587081862	0.744502809675055	ok
cross_full	LIHC	SRP062885	TCGA-LIHC	-1	15860	16024	16307	3640	3182	0.5810439560439561	0.5733516483516483	7935	11270	0.824952741020794	0.7987397605545054	3805	3182	0.5779237844940868	0.5679369250985545	100	100	0.49	0.49	500	500	0.496	0.496	100	100	0.49	0.49	500	500	0.602	0.602	0.9354395604395604	0.8722527472527473	0.8519230769230769	0.9487179487179487	1.1758498968838536	1.5752051014414352	0.2535258451055933	0.7311147546135937	0.7574985368367035	0.803425665655532	0.7840479192938209	ok
cross_full	LIHC	SRP062885	SRP068976	-1	15850	16024	16012	3619	3713	0.6225476651008566	0.6112185686653772	7914	10874	0.7868334596916856	0.7519585544604498	3778	3714	0.617787188988883	0.6048173636844891	100	100	0.48	0.48	500	500	0.524	0.524	100	100	0.56	0.56	500	500	0.658	0.656	0.9309201436861011	0.846366399557889	0.8228792484111633	0.9267753523072672	1.280852960064961	1.5697582107221377	0.18404442715051728	0.7065699074664659	0.7225134894594679	0.7975569462405289	0.7656151419558359	ok
cross_full	LIHC	SRP062885	SRP174991	-1	15625	16024	15733	3531	2353	0.46105919003115264	0.4556782781081847	7820	8206	0.6548593350383631	0.6351662404092071	3677	2372	0.46097361979874896	0.45363067718248573	100	100	0.26	0.26	500	500	0.428	0.428	100	100	0.42	0.42	500	500	0.584	0.584	0.9119229679977343	0.740016992353441	0.7252902860379495	0.8647691871990937	0.926920927213547	1.5568312194311897	0.4046105219085916	0.672483149946434	0.6971520763719845	0.7624513932513953	0.751552	ok
cross_full	LIHC	SRP062885	SRP099053	-1	15819	16024	16117	3614	3304	0.5938018815716657	0.5871610403984505	7907	8832	0.7226508157328949	0.7134184899456179	3775	3365	0.5978807947019867	0.5896688741721854	100	100	0.46	0.46	500	500	0.476	0.476	100	100	0.51	0.51	500	500	0.602	0.602	0.92612064194798	0.7861095738793581	0.7772551189817377	0.8962368566685113	1.2042375766828917	1.5699104406908118	0.23292593929562766	0.7357724503358785	0.7728379753223902	0.8034072883741441	0.7826031986851255	ok
cross_full	LIHC	SRP062885	SRP049592	-1	15958	16024	16728	3657	4127	0.4703308722996992	0.3975936560021876	7953	7902	0.5254620897774425	0.4172010562052056	3831	4297	0.5030018271991648	0.41294701122422345	100	100	0.0	0.0	500	500	0.074	0.07	100	100	0.25	0.25	500	500	0.246	0.228	0.7544435329505059	0.6015859994531036	0.505332239540607	0.7716707683893902	0.9876443131495287	1.572472110840439	0.37191616541824535	0.3625438975158714	0.36036027128827763	0.42555818684716296	0.6246396791577892	ok
cross_full	LIHC	SRP062885	SRP102722	-1	15353	16024	15433	3408	61	0.011150234741784037	0.00029342723004694836	7687	67	0.0059841290490438405	0.00013008976193573565	3537	987	0.1894260672886627	0.013853548204693244	100	100	0.02	0.0	500	500	0.088	0.0	100	67	0.06	0.0	500	67	0.042	0.002	0.21214788732394366	0.011150234741784037	0.00029342723004694836	0.3720657276995303	0.4768128173100791	1.5432391931115301	0.6910311639061517	-0.42622058604323443	-0.4109190907086822	-0.5141045814254667	0.3500944440825897	ok
cross_full	LIHC	SRP062885	SRP039694	-1	15960	16024	16625	3676	1755	0.34684439608269857	0.34630032644178455	7972	2951	0.3000501756146513	0.2989212242849975	3846	2681	0.49011960478419136	0.48049921996879874	100	100	0.06	0.06	500	500	0.25	0.25	100	100	0.38	0.38	500	500	0.464	0.464	0.9270946681175191	0.41974972796517956	0.41838955386289445	0.779651795429815	0.9888728350620932	1.5800133701215278	0.3741364131709636	0.7130493356153694	0.726510210419847	0.7489730540309304	0.7733082706766917	ok
cross_full	LIHC	SRP062885	SRP076032	-1	13233	16024	13305	2536	207	0.0555993690851735	0.05362776025236593	6601	374	0.04272079987880624	0.04150886229359188	2598	510	0.12933025404157045	0.11816782140107775	100	100	0.03	0.03	500	500	0.124	0.124	100	100	0.07	0.07	500	374	0.102	0.102	0.7862776025236593	0.07689274447949526	0.0749211356466877	0.46635120925341733	0.4611892386074084	1.4725651401169482	0.68681233444737	0.42196161993256115	0.43291214686986346	0.4608234655788975	0.6424091286934179	ok
cross_full	ESCA	SRP064894	SRP099599	-1	1586	16426	1626	385	251	0.38441558441558443	0.33766233766233766	679	787	0.6170839469808542	0.5596465390279823	401	257	0.3940149625935162	0.3341645885286783	100	100	0.29	0.29	500	500	0.49	0.46	100	100	0.46	0.44	500	500	0.54	0.482	0.8233766233766234	0.6753246753246753	0.6	0.8161838161838162	0.7834563283016378	1.5086496932004043	0.48069036050401004	0.5282773543069069	0.5636610584304326	0.6039801074346703	0.7036569987389659	ok
cross_full	ESCA	SRP064894	ERP013206	-1	15264	16426	15593	3204	5221	0.6423220973782772	0.5452559300873908	6075	10637	0.7679012345679013	0.6548148148148148	3349	5229	0.6464616303374141	0.5368766796058525	100	100	0.02	0.02	500	500	0.074	0.068	100	100	0.16	0.06	500	500	0.214	0.156	0.8164794007490637	0.8392634207240949	0.7100499375780275	0.9157303370786517	1.531291053210273	1.5588650515743292	0.01768850891628404	0.4375374917298974	0.45320367170958714	0.3821663968825755	0.6762971698113207	ok
cross_full	KIRC	TCGA-KIRC	SRP114482	-1	16907	16967	17314	4546	4451	0.7131544214694236	0.7076550813902331	13669	8787	0.5810959104543126	0.5649279391323433	4547	4665	0.7380690565207829	0.7308115240818122	100	100	0.2	0.2	500	500	0.336	0.336	100	100	0.37	0.37	500	500	0.61	0.61	0.9505059392872856	0.8042234931808183	0.7956445226572811	0.8953903309380652	1.6068414628675831	1.693058279546579	0.05092371462964984	0.8127640586479129	0.820747893570957	0.8463213251824164	0.812858579286686	ok
cross_full	KIRC	SRP114482	TCGA-KIRC	-1	16907	17314	16967	4451	4546	0.7283756459222647	0.7227589305773984	8787	13669	0.9039490155912143	0.8787982246500512	4665	4547	0.7193997856377278	0.712325830653805	100	100	0.2	0.2	500	500	0.336	0.336	100	100	0.37	0.37	500	500	0.61	0.61	0.9651763648618288	0.9375421253650865	0.919793304875309	0.9614853804923452	1.5255045690903422	1.7994373996266557	0.15223248699462877	0.8127640586479129	0.820747893570957	0.8463213251824164	0.812858579286686	ok
cross_full	COAD	TCGA-COAD	SRP029880	-1	16176	16566	16445	4109	2760	0.545144804088586	0.5320029204185933	12028	8896	0.6613734619221816	0.6424176920518789	4109	2790	0.5504989048430275	0.5361401800924799	100	100	0.17	0.17	500	500	0.378	0.376	100	100	0.22	0.22	500	500	0.504	0.496	0.9303966901922609	0.8087125821367729	0.7899732294962278	0.8996106108542224	1.0801368027187668	1.5766029760500475	0.31489612849463566	0.793536571334581	0.8300916597076081	0.7368099197063459	0.8320351137487636	ok
cross_full	COAD	TCGA-COAD	SRP119775	-1	16437	16566	17321	4247	2729	0.526960207205086	0.5264892865552154	12221	6468	0.47582030930365765	0.46951967924065136	4247	2900	0.5533317635978338	0.551683541323287	100	100	0.41	0.41	500	500	0.428	0.428	100	100	0.45	0.45	500	500	0.604	0.604	0.9505533317635978	0.7077937367553567	0.7063809748057452	0.8899222980927713	1.095293430048089	1.5844443425384385	0.3087207921148437	0.7897911738113047	0.7944908483575774	0.8348374627465646	0.796799902658636	ok
cross_full	COAD	SRP029880	TCGA-COAD	-1	16176	16445	16566	2760	4109	0.8115942028985508	0.7920289855072464	8896	12028	0.8942221223021583	0.8685926258992805	2790	4109	0.810752688172043	0.7896057347670251	100	100	0.17	0.17	500	500	0.378	0.376	100	100	0.22	0.22	500	500	0.504	0.496	0.928623188405797	0.9235507246376812	0.8818840579710145	0.9516908212560387	1.7311859785385142	1.5391251199944098	-0.12478573447284247	0.793536571334581	0.8300916597076081	0.7368099197063459	0.8320351137487636	ok
cross_full	COAD	SRP029880	SRP119775	-1	16322	16445	17321	2879	2754	0.6241750607849947	0.6012504341785342	9022	6491	0.5648414985590778	0.5536466415428951	2915	2906	0.6531732418524872	0.6257289879931389	100	100	0.19	0.19	500	500	0.306	0.306	100	100	0.07	0.07	500	500	0.418	0.412	0.9076068079194165	0.733935394234109	0.7071899965265718	0.8930184091698506	1.2963805421855135	1.5632404626309782	0.17070945054501208	0.7495981120847179	0.7638046925331321	0.643619928614255	0.7939590736429359	ok
cross_full	LIHC	TCGA-LIHC	SRP049592	-1	16127	16307	16728	3341	4257	0.5917390002993116	0.5516312481293026	11466	8034	0.5284318855747427	0.456305599162742	3341	4447	0.6195749775516313	0.573780305297815	100	100	0.07	0.07	500	500	0.124	0.124	100	100	0.27	0.27	500	500	0.328	0.324	0.8476504040706375	0.6878180185573182	0.6393295420532774	0.8174199341514516	1.348770026610987	1.5360670046923266	0.12193281771510678	0.5393850047549339	0.5282062219316506	0.6005757613344784	0.6871705834935202	ok
cross_full	LIHC	TCGA-LIHC	SRP102722	-1	15371	16307	15433	2924	62	0.01709986320109439	0.0003419972640218878	10902	68	0.005778756191524491	9.1726288754357e-05	2924	1001	0.24110807113543092	0.011969904240766074	100	100	0.02	0.0	500	500	0.15	0.0	100	68	0.16	0.0	500	68	0.072	0.002	0.15082079343365254	0.01709986320109439	0.0003419972640218878	0.47161422708618317	0.5782351841692392	1.4918156667783067	0.6123950183349505	-0.5617332934425667	-0.5573164171288474	-0.612013594376572	0.2915880554290547	ok
cross_full	LIHC	TCGA-LIHC	SRP039694	-1	16147	16307	16625	3384	1784	0.38002364066193856	0.37884160756501184	11502	2980	0.2389149713093375	0.23639367066597114	3384	2788	0.5647163120567376	0.5585106382978723	100	100	0.05	0.05	500	500	0.252	0.252	100	100	0.4	0.4	500	500	0.468	0.468	0.9273049645390071	0.4287825059101655	0.42730496453900707	0.7922998986828773	1.1337427110476872	1.5470003510430577	0.26713480686460955	0.7032989607543599	0.7058361123330259	0.7682001248514808	0.7585929274787886	ok
cross_full	LIHC	TCGA-LIHC	SRP076032	-1	13238	16307	13305	2005	209	0.08129675810473816	0.08129675810473816	9327	376	0.039026482255816446	0.03859761981344484	2005	514	0.1805486284289277	0.17955112219451372	100	100	0.08	0.08	500	500	0.188	0.188	100	100	0.13	0.13	500	376	0.172	0.172	0.9057356608478803	0.11521197007481297	0.11521197007481297	0.6309226932668328	0.5942123435513116	1.4085065788709281	0.5781259722424317	0.6434228240851257	0.6595681113501158	0.6514287619432046	0.7425592989877625	ok
cross_full	LIHC	SRP050551	SRP049592	-1	15866	15968	16728	3028	4114	0.6020475561426685	0.5752972258916776	6327	7887	0.6061324482377114	0.5626679310889837	3316	4281	0.6272617611580217	0.5904704463208685	100	100	0.08	0.08	500	500	0.16	0.158	100	100	0.38	0.38	500	500	0.398	0.398	0.8778071334214003	0.7189564068692206	0.6836195508586526	0.8490281185129269	1.3303081048482293	1.6074487016897907	0.17241022780398796	0.5689793088001852	0.5601969084150178	0.6308032840880268	0.7009958401613513	ok
cross_full	LIHC	SRP050551	SRP102722	-1	15377	15968	15433	2851	61	0.017186951946685375	0.0	6149	67	0.0094324280370792	0.0	3081	996	0.2392080493346316	0.008438818565400843	100	100	0.04	0.0	500	500	0.132	0.0	100	67	0.1	0.0	500	67	0.06	0.0	0.13012977902490355	0.017186951946685375	0.0	0.524143575353677	0.5865818399376498	1.5711404896141277	0.6266522034056201	-0.5848011766583276	-0.5901540736405946	-0.6202089223934526	0.2848409962931651	ok
cross_full	LIHC	SRP050551	SRP039694	-1	15923	15968	16625	3068	1771	0.4410039113428944	0.4406779661016949	6368	2967	0.3811243718592965	0.3809673366834171	3359	2704	0.5995832092884787	0.5945221792200059	100	100	0.09	0.09	500	500	0.27	0.27	100	100	0.35	0.35	500	500	0.506	0.506	0.9657757496740548	0.5026075619295959	0.5022816166883963	0.8842894393741851	1.1844031999634088	1.624325589779816	0.27083387258341496	0.7844054276496769	0.7925517658661986	0.8141856077514399	0.8035546065439929	ok
cross_full	LIHC	SRP050551	SRP076032	-1	13231	15968	13305	2110	207	0.06919431279620854	0.06919431279620854	5253	374	0.0563487530934704	0.05596801827527127	2240	511	0.15446428571428572	0.14866071428571428	100	100	0.1	0.1	500	500	0.218	0.218	100	100	0.13	0.13	500	374	0.148	0.148	0.8924170616113745	0.1037914691943128	0.1037914691943128	0.5987361769352291	0.5449400993078466	1.4923211003308778	0.6348372349710647	0.5396727681142588	0.5541675522209354	0.5810851667105603	0.6960925100143602	ok
cross_full	BRCA	SRP156355	TCGA-BRCA	-1	16887	17666	17081	1659	3997	0.6907775768535263	0.675708257986739	3218	13807	0.9201367308887508	0.884711000621504	2258	3997	0.6656333038086802	0.6306465899025686	100	100	0.09	0.09	500	500	0.242	0.242	100	100	0.37	0.37	500	500	0.39	0.382	0.9403254972875226	0.9222423146473779	0.8866787221217601	0.9758890898131405	1.5830900128814736	1.495028631335178	-0.058902806073787284	0.6102391537998743	0.631400251973414	0.649646624849431	0.7265944217445373	ok
cross_full	BRCA	SRP156355	SRP157974	-1	16536	17666	16585	1606	3475	0.6668742216687422	0.6500622665006227	3165	13311	0.9045813586097946	0.8685624012638231	2159	3475	0.6465956461324688	0.6146364057433997	100	100	0.03	0.03	500	500	0.208	0.208	100	100	0.29	0.29	500	500	0.378	0.372	0.9090909090909091	0.9053549190535491	0.8580323785803238	0.9408468244084682	1.4239588485390433	1.4795559660605266	0.0375768938768275	0.6254061228074177	0.6461938414167351	0.6553255942714231	0.7337929366231253	ok
cross_full	BRCA	SRP156355	SRP218935	-1	16919	17666	17058	1659	3277	0.6371308016877637	0.6292947558770343	3218	9926	0.7768800497203232	0.761963952765693	2282	3330	0.6187554776511832	0.5924627519719544	100	100	0.06	0.06	500	500	0.19	0.19	100	100	0.33	0.33	500	500	0.376	0.37	0.9168173598553345	0.7902350813743219	0.7745629897528632	0.8760010333247222	1.3394077940418967	1.495028631335178	0.10409221203630037	0.6290354874838028	0.6497754085594369	0.65458043290643	0.7368638808440215	ok
cross_full	BRCA	SRP156355	SRP111343	-1	16372	17666	16421	1638	1536	0.4413919413919414	0.43956043956043955	3197	8649	0.772286518611198	0.7669690334688771	2127	1545	0.4301833568406206	0.41984015044663847	100	100	0.07	0.07	500	500	0.174	0.174	100	100	0.21	0.21	500	500	0.33	0.328	0.9383394383394383	0.7716727716727717	0.7637362637362637	0.8856698856698857	0.9199061568355902	1.4893307260412207	0.38233587694736815	0.6486715869916805	0.6627822361329402	0.6746408587081861	0.744502809675055	ok
cross_full	ESCA	ERP013206	TCGA-ESCA	-1	15569	15593	17634	5477	2846	0.3131276246120139	0.11940843527478547	10902	6506	0.4092827004219409	0.18840579710144928	5486	3091	0.3538096974115931	0.13397739701057237	100	100	0.0	0.0	500	500	0.01	0.002	100	100	0.07	0.06	500	500	0.24	0.114	0.440569654920577	0.4230418112105167	0.17034873105714807	0.6442265056469911	0.6789052420573408	2.0573228166191684	0.6700054864637157	-0.09269569472981996	-0.07399934792622587	-0.11935756504881792	0.48179073800500993	ok
cross_full	ESCA	ERP013206	SRP099599	-1	1587	15593	1626	565	252	0.3893805309734513	0.3787610619469027	1109	792	0.5752930568079351	0.5581605049594229	565	255	0.39469026548672564	0.384070796460177	100	100	0.2	0.2	500	500	0.552	0.544	100	100	0.49	0.49	500	500	0.668	0.654	0.9132743362831859	0.6973451327433628	0.6831858407079646	0.8584070796460177	0.8511461661324311	2.0535527274883387	0.5855250489850086	0.7299457664630609	0.7201879065806225	0.7553548763232014	0.7800882167611847	ok
cross_full	ESCA	ERP013206	SRP064894	-1	15264	15593	16426	5221	3204	0.3941773606588776	0.33461022792568473	10637	6075	0.4385635047475792	0.373977625270283	5229	3349	0.41403710078408873	0.3438515968636451	100	100	0.02	0.02	500	500	0.074	0.068	100	100	0.16	0.06	500	500	0.214	0.156	0.7458341313924536	0.5223137330013408	0.4504884121815744	0.7165294004979887	0.8141231272091571	2.0018253949401412	0.5933096216748208	0.4375374917298974	0.45320367170958714	0.3821663968825755	0.6762971698113207	ok
cross_full	ESCA	SRP064894	TCGA-ESCA	-1	16390	16426	17634	3675	3239	0.41306122448979593	0.3654421768707483	6559	6934	0.5000762311327946	0.4474767495044976	3916	3512	0.4550561797752809	0.3830439223697651	100	100	0.05	0.05	500	500	0.08	0.078	100	100	0.31	0.3	500	500	0.272	0.25	0.7687074829931972	0.5414965986394558	0.4816326530612245	0.7170068027210883	0.8847007260780019	1.6111556553933404	0.45089059327292935	0.453089597931008	0.48421664782790586	0.4249109504600853	0.6702867602196462	ok
cross_full	LIHC	SRP118972	SRP049592	-1	15911	16010	16728	2020	4121	0.5301980198019802	0.4900990099009901	3520	7895	0.609375	0.559375	2927	4299	0.5732832251451999	0.5001708233686368	100	100	0.02	0.02	500	500	0.066	0.064	100	100	0.18	0.18	500	500	0.258	0.25	0.8475247524752475	0.6816831683168317	0.6297029702970297	0.8206820682068207	1.1397350846168028	1.6847288740090174	0.323490502121766	0.4558856954605717	0.4607670566009492	0.48854350816851194	0.6658915215888379	ok
cross_full	LIHC	SRP118972	SRP102722	-1	15386	16010	15433	1908	62	0.01519916142557652	0.0	3408	68	0.01056338028169014	0.0	2684	997	0.2596870342771982	0.011549925484351714	100	100	0.03	0.0	500	500	0.142	0.0	100	68	0.1	0.0	500	68	0.048	0.0	0.1069182389937107	0.01519916142557652	0.0	0.5822102425876009	0.644599652248885	1.626605404269505	0.6037147973583861	-0.622237024533128	-0.6271884839704417	-0.626201507190908	0.26316131548160665	ok
cross_full	LIHC	SRP118972	SRP039694	-1	15962	16010	16625	2046	1769	0.44379276637341153	0.44281524926686217	3546	2965	0.4241398759165257	0.4235758601240835	2970	2701	0.5804713804713805	0.5683501683501684	100	100	0.04	0.04	500	500	0.238	0.238	100	100	0.22	0.22	500	500	0.456	0.456	0.9721407624633431	0.5171065493646139	0.5161290322580645	0.8966624773076386	1.1883918256342942	1.69494838248396	0.29886252707430727	0.713100296494849	0.7159600525996623	0.7456596179713136	0.7652549805788749	ok
cross_full	LIHC	SRP118972	SRP076032	-1	13235	16010	13305	1390	207	0.06762589928057554	0.06690647482014389	2843	374	0.05944424903271192	0.05909250791417517	1853	512	0.15812196438208312	0.14786832164058283	100	100	0.04	0.04	500	500	0.124	0.124	100	100	0.07	0.07	500	374	0.094	0.094	0.841726618705036	0.09136690647482014	0.09064748201438849	0.5724563206577593	0.5161787695297171	1.4616591951537958	0.6468542248144207	0.49985193437356557	0.5107213149875434	0.4907412638405055	0.6917264828107291	ok
cross_full	LIHC	SRP118972	SRP062885	-1	15741	16010	16024	2003	3594	0.6834747878182726	0.6764852720918622	3503	7884	0.7516414501855553	0.7447901798458464	2858	3749	0.6836948915325403	0.6662001399580126	100	100	0.43	0.43	500	500	0.402	0.402	100	100	0.39	0.39	500	500	0.582	0.574	0.9520718921617574	0.8127808287568647	0.8042935596605092	0.9123536916846952	1.5028680988280572	1.6671652007869027	0.09854878321674254	0.6638426550765409	0.6714294437983167	0.7528170627116798	0.7453783114160473	ok
cross_full	LIHC	SRP118972	SRP050551	-1	15767	16010	15968	2017	3001	0.668815071888944	0.6643529995042142	3517	6299	0.7398350867216378	0.7372760875746375	2881	3279	0.6622700451232211	0.6463033668864977	100	100	0.17	0.17	500	500	0.382	0.382	100	100	0.36	0.36	500	500	0.482	0.478	0.9598413485374319	0.7922657411998016	0.7878036688150719	0.9093420213896168	1.3731976193279318	1.6836096133978504	0.1843729042645742	0.7413495601646324	0.7675390652456987	0.7562354226923698	0.7917168770216274	ok
cross_full	LIHC	SRP118972	SRP137150	-1	15273	16010	15802	1918	3299	0.4916579770594369	0.48227320125130346	3417	5049	0.49048873280655547	0.479075212174422	2677	3940	0.5607022786701532	0.5326858423608517	100	100	0.12	0.12	500	500	0.244	0.244	100	100	0.17	0.17	500	500	0.384	0.378	0.8941605839416058	0.5427528675703858	0.5328467153284672	0.778415015641293	1.190420521041922	1.6409717936568984	0.2745636910741316	0.5242707649975289	0.5192840250506284	0.5798623286555195	0.685588947816408	ok
cross_full	LIHC	SRP118972	SRP161530	-1	15494	16010	15823	1960	2826	0.6530612244897959	0.65	3459	4782	0.6276380456779416	0.6253252385082394	2768	3400	0.684971098265896	0.6697976878612717	100	100	0.35	0.35	500	500	0.412	0.412	100	100	0.4	0.4	500	500	0.572	0.572	0.9612244897959183	0.7290816326530613	0.7260204081632653	0.8836734693877552	1.4996244531986982	1.646409162086053	0.08915445338106232	0.7129906132057615	0.7322045641134578	0.7616939743904575	0.7785594423647864	ok
cross_full	BRCA	SRP218935	SRP023262	-1	14273	17058	14373	2321	1521	0.3373545885394227	0.31925894011202066	8433	4044	0.29633582355033794	0.25625518795209296	2344	1554	0.3468430034129693	0.32380546075085326	100	100	0.05	0.05	500	500	0.122	0.122	100	100	0.24	0.23	500	500	0.33	0.324	0.8211977595863852	0.5053856096510125	0.47694959069366655	0.7102542007755277	0.6873975036802277	1.3972459736516778	0.5080340064364427	0.38048352988239703	0.35149055756373604	0.4955803869716334	0.6073004974427241	ok
cross_full	BRCA	SRP218935	SRP116023	-1	16534	17058	16739	3084	2875	0.4607652399481193	0.4283398184176394	9709	7818	0.5145741064991245	0.4350602533731589	3127	2982	0.4812919731371922	0.4400383754397186	100	100	0.04	0.04	500	500	0.182	0.182	100	100	0.35	0.35	500	500	0.336	0.332	0.8362516212710766	0.6455901426718548	0.5956549935149157	0.7963683527885862	0.9575240630447366	1.444095460489112	0.3369385270967993	0.461578116438976	0.4657933703230569	0.5591847639802769	0.6539857263820007	ok
cross_full	BRCA	SRP218935	SRP062132	-1	16812	17058	17037	3192	5	0.0015664160401002505	0.0012531328320802004	9847	5	0.0005077688636132832	0.0004062150908906266	3238	240	0.04694255713403336	0.034280420012353305	100	100	0.0	0.0	500	500	0.028	0.028	100	5	0.04	0.03	500	5	0.008	0.006	0.7885338345864662	0.0015664160401002505	0.0012531328320802004	0.3107769423558895	0.29489708573993245	1.4455548155837192	0.7959972997489879	0.4368940287714251	0.4480503307830179	0.3798110901277682	0.6578039495598382	ok
cross_full	BRCA	SRP218935	SRP156355	-1	16919	17058	17666	3277	1659	0.3225511138236192	0.3185840707964602	9926	3218	0.25186379206125326	0.2470280072536772	3330	2282	0.424024024024024	0.406006006006006	100	100	0.06	0.06	500	500	0.19	0.19	100	100	0.33	0.33	500	500	0.376	0.37	0.8989929813854135	0.4192859322551114	0.4144034177601465	0.7393086010724094	0.8724637935748788	1.4543609002758466	0.4001050266069448	0.6290354874838028	0.6497754085594369	0.65458043290643	0.7368638808440215	ok
cross_full	BRCA	SRP218935	TCGA-BRCA	-1	16703	17058	17081	3196	3883	0.6142052565707133	0.594180225281602	9810	13655	0.8419979612640163	0.6860346585117227	3248	3883	0.6145320197044335	0.5920566502463054	100	100	0.3	0.3	500	500	0.418	0.418	100	100	0.48	0.48	500	500	0.542	0.538	0.9102002503128911	0.9133291614518148	0.8554443053817271	0.9470929571054727	1.3077136865560055	1.454053041284996	0.1006423772544538	0.5559837903212437	0.545428805486949	0.6916024677832348	0.6838292522301384	ok
cross_full	BRCA	SRP218935	SRP157974	-1	16554	17058	16585	3126	3478	0.7568777991042867	0.7565579014715291	9759	13324	0.8737575571267547	0.835536427912696	3165	3478	0.7557661927330174	0.7554502369668247	100	100	0.56	0.56	500	500	0.624	0.624	100	100	0.64	0.64	500	500	0.732	0.732	0.9955214331413947	0.9840051183621241	0.9833653230966091	0.9894621956268111	1.5085711433205278	1.4479581329723694	-0.04186102413315762	0.827231131369543	0.7980107796112057	0.8964223263022801	0.7940678989972212	ok
cross_full	BRCA	SRP218935	SRP111343	-1	16290	17058	16421	3029	1503	0.36084516342027073	0.35358204027731926	9598	8604	0.6326317982913107	0.6053344446759742	3068	1511	0.36147327249022165	0.3533246414602347	100	100	0.52	0.52	500	500	0.398	0.398	100	100	0.34	0.34	500	500	0.486	0.482	0.9168042258171013	0.7566853747111257	0.7418289864641796	0.8625408925838111	0.8077936727592596	1.445057797089841	0.4409955958951598	0.6708972965115113	0.7049892078500654	0.718942053130124	0.7524248004910988	ok
cross_full	BRCA	SRP218935	SRP058722	-1	16389	17058	16567	3048	6218	0.6151574803149606	0.31922572178477693	9646	10374	0.6369479577026746	0.29276383993365124	3087	6295	0.6290897311305474	0.3242630385487528	100	100	0.05	0.05	500	500	0.102	0.086	100	100	0.14	0.04	500	500	0.208	0.138	0.5036089238845144	0.7198162729658792	0.3674540682414698	0.8208661417322834	1.4109572734876565	1.4471132552451977	0.024984901234571977	-0.03006403451901091	-0.053117465390529535	0.011162776286780978	0.47531881139788884	ok
cross_full	BRCA	SRP156355	SRP058722	-1	16486	17666	16567	1602	6291	0.6248439450686641	0.3264669163545568	3161	10451	0.6570705472951598	0.33185700727617845	2126	6375	0.6538099717779868	0.35230479774223894	100	100	0.01	0.01	500	500	0.044	0.034	100	100	0.15	0.06	500	500	0.156	0.102	0.5181023720349563	0.7166042446941323	0.37702871410736577	0.7868049553442812	1.4514572369408993	1.4776029317529045	0.017694669014352904	0.020363035515041848	-0.014555664397451564	0.06766343531570744	0.4866553439281815	ok
cross_full	BRCA	SRP156355	SRP023262	-1	14307	17666	14373	1279	1539	0.5035183737294762	0.5011727912431587	2778	4066	0.5248380129589633	0.5190784737221023	1573	1573	0.5104895104895105	0.501589319771138	100	100	0.17	0.17	500	500	0.262	0.262	100	100	0.29	0.29	500	500	0.404	0.4	0.944487881157154	0.6919468334636435	0.6888193901485535	0.8983580922595777	1.0112375631243433	1.4245495193647484	0.2901351975638684	0.5700754183642502	0.5561929022259635	0.6463195007252841	0.6928077165024114	ok
cross_full	BRCA	SRP156355	SRP116023	-1	16670	17666	16739	1634	2921	0.554467564259486	0.5416156670746634	3193	7865	0.6818039461321641	0.6608205449420608	2203	3050	0.5374489332728098	0.5093054925102134	100	100	0.1	0.1	500	500	0.202	0.202	100	100	0.3	0.3	500	500	0.304	0.3	0.8929008567931457	0.7099143206854345	0.6915544675642595	0.8592411260709913	1.1662370693254442	1.4926333760867787	0.21867145140291866	0.5330179274763951	0.5499374793388545	0.5850512289480052	0.6836832633473305	ok
cross_full	BRCA	SRP156355	SRP062132	-1	16922	17666	17037	1689	6	0.0017761989342806395	0.0017761989342806395	3248	6	0.0009236453201970443	0.0009236453201970443	2313	271	0.055771725032425425	0.04582792909641158	100	100	0.02	0.02	500	500	0.038	0.036	100	6	0.03	0.03	500	6	0.006	0.006	0.8146832445233866	0.0017761989342806395	0.0017761989342806395	0.30925597000197336	0.31290935390592195	1.506085356284811	0.792236640107967	0.41661174121921785	0.39904118881476214	0.39302113966964214	0.6434227632667533	ok
cross_full	LIHC	SRP068976	TCGA-LIHC	-1	15872	16012	16307	3744	3194	0.6239316239316239	0.6207264957264957	10909	11279	0.7947566229718581	0.7646897057475479	3744	3194	0.6239316239316239	0.6207264957264957	100	100	0.63	0.63	500	500	0.562	0.562	100	100	0.62	0.62	500	500	0.688	0.688	0.9647435897435898	0.9161324786324786	0.9043803418803419	0.9732905982905983	1.2378670223983321	1.5341676512690383	0.19313445217386194	0.7958764521054285	0.8035469236979594	0.8638607153227759	0.8185483870967742	ok
cross_full	LIHC	SRP068976	SRP174991	-1	15661	16012	15733	3632	2364	0.5104625550660793	0.5063325991189427	10757	8220	0.6001673328995073	0.5758110997490007	3632	2381	0.513215859030837	0.5088105726872246	100	100	0.32	0.32	500	500	0.476	0.476	100	100	0.48	0.48	500	500	0.662	0.662	0.9609030837004405	0.8100220264317181	0.8045154185022027	0.9095342983008181	1.0259838317315877	1.5151642325228596	0.32285635463869855	0.7217248331938644	0.7243489527582214	0.8252036650140806	0.7580614264734052	ok
cross_full	LIHC	SRP068976	SRP099053	-1	15853	16012	16117	3720	3311	0.6155913978494624	0.610752688172043	10878	8838	0.6341239198382056	0.6033278176135319	3721	3374	0.6237570545552271	0.6181134103735555	100	100	0.7	0.7	500	500	0.556	0.556	100	100	0.62	0.62	500	500	0.672	0.672	0.9497311827956989	0.8150537634408602	0.806989247311828	0.8996415770609318	1.2867254051465657	1.5220454675340036	0.15460777447647478	0.7202543264185733	0.7292270485241995	0.8301199203713362	0.7652810193654198	ok
cross_full	LIHC	SRP068976	SRP062885	-1	15850	16012	16024	3713	3619	0.6067869647185564	0.5957446808510638	10874	7914	0.5726503586536693	0.5472687143645393	3714	3778	0.6284329563812601	0.615239633817986	100	100	0.48	0.48	500	500	0.524	0.524	100	100	0.56	0.56	500	500	0.658	0.656	0.9369781847562618	0.7506059789927283	0.7376784271478589	0.8931681479486488	1.2704978199172507	1.5239445406615881	0.16630967465148627	0.7065699074664659	0.7225134894594679	0.797556946240529	0.7656151419558359	ok
cross_full	BRCA	SRP023262	SRP058722	-1	14157	14373	16567	1479	4888	0.6450304259634888	0.4462474645030426	3994	8855	0.6604907361041562	0.43665498247371054	1511	4924	0.6591661151555261	0.4586366644606221	100	100	0.02	0.02	500	500	0.056	0.044	100	100	0.06	0.06	500	500	0.192	0.146	0.6490872210953347	0.7214334009465855	0.4908722109533469	0.8242055442866801	1.630132713437361	1.3864607482487938	-0.1757510737295258	0.2059768262163246	0.1869659737887004	0.22573959626333173	0.5625485625485626	ok
cross_full	BRCA	SRP023262	SRP116023	-1	14169	14373	16739	1489	2334	0.5601074546675622	0.5500335795836132	4006	6934	0.6255616575137294	0.5891163255117324	1519	2389	0.5747202106649111	0.5635286372613562	100	100	0.05	0.05	500	500	0.148	0.148	100	100	0.13	0.13	500	500	0.292	0.29	0.9039623908663532	0.7300201477501679	0.7139019476158496	0.8737407656145063	1.1725108404352456	1.3893795240906874	0.15609031218261027	0.5251734996417745	0.5090214989847996	0.5893867464787195	0.6656785941139106	ok
cross_full	BRCA	SRP023262	SRP062132	-1	14282	14373	17037	1524	2	0.0013123359580052493	0.0013123359580052493	4046	2	0.0004943153732081067	0.0004943153732081067	1556	131	0.05012853470437018	0.04177377892030849	100	100	0.0	0.0	500	500	0.058	0.056	100	2	0.01	0.01	500	2	0.002	0.002	0.8175853018372703	0.0013123359580052493	0.0013123359580052493	0.3285214348206472	0.32871194810225085	1.3881493485963776	0.7632013094018832	0.4222517866128631	0.3917130333566527	0.43579379831610615	0.6383559725528637	ok
cross_full	BRCA	SRP023262	SRP156355	-1	14307	14373	17666	1539	1279	0.4184535412605588	0.41650422352176736	4066	2778	0.3585833743236596	0.3546483030004919	1573	1573	0.5104895104895105	0.501589319771138	100	100	0.17	0.17	500	500	0.262	0.262	100	100	0.29	0.29	500	500	0.404	0.4	0.9083820662768031	0.48797920727745286	0.48408057179987	0.7883597883597883	1.0247869794987159	1.3889976868208005	0.26221116908819786	0.5700754183642502	0.5561929022259635	0.6463195007252841	0.6928077165024114	ok
cross_full	BRCA	SRP058722	SRP023262	-1	14157	16567	14373	4888	1479	0.1951718494271686	0.13502454991816695	8855	3994	0.2979107848673066	0.19695087521174479	4924	1511	0.20227457351746547	0.1407392363931763	100	100	0.02	0.02	500	500	0.056	0.044	100	100	0.06	0.06	500	500	0.192	0.146	0.6159983633387889	0.3782733224222586	0.2602291325695581	0.6426623022367701	0.46010597296715283	1.687633141896974	0.7273661191258822	0.2059768262163246	0.1869659737887004	0.22573959626333173	0.5625485625485626	ok
cross_full	BRCA	SRP058722	SRP116023	-1	16267	16567	16739	6158	2833	0.29197791490743746	0.1865865540759987	10311	7763	0.4958781883425468	0.3174279895257492	6228	2937	0.30571612074502247	0.19637122671804752	100	100	0.0	0.0	500	500	0.048	0.016	100	100	0.12	0.02	500	500	0.15	0.076	0.6261773303020461	0.5451445274439753	0.3634296849626502	0.7362780123416692	0.6171734550614565	1.7658950870970131	0.6505038948400728	0.2156235103365181	0.18394886134047847	0.15346838574115867	0.5741070879695088	ok
cross_full	BRCA	SRP058722	SRP062132	-1	16389	16567	17037	6225	4	0.000642570281124498	0.000642570281124498	10380	4	0.0003853564547206166	0.0003853564547206166	6304	227	0.030456852791878174	0.01713197969543147	100	100	0.0	0.0	500	500	0.028	0.024	100	4	0.0	0.0	500	4	0.0	0.0	0.551004016064257	0.000642570281124498	0.000642570281124498	0.12074966532797848	0.195205761769256	1.7732494206290554	0.8899163538426493	0.10736984487247421	0.10606981252229843	0.13443353086244803	0.5260235523826957	ok
cross_full	BRCA	SRP058722	SRP156355	-1	16486	16567	17666	6291	1602	0.1591161977428072	0.08313463678270545	10451	3161	0.19873696297005072	0.10037317003157592	6375	2126	0.21803921568627452	0.11749019607843138	100	100	0.01	0.01	500	500	0.044	0.034	100	100	0.15	0.06	500	500	0.156	0.102	0.5112064854554125	0.23096487044984898	0.11921793037672866	0.5235824420373774	0.4888092291785492	1.7845275281457198	0.7260847919300719	0.020363035515041848	-0.014555664397451564	0.06766343531570744	0.4866553439281815	ok
cross_full	BRCA	SRP058722	TCGA-BRCA	-1	16417	16567	17081	6238	3740	0.36950945815966657	0.23757614620070536	10398	13437	0.8250625120215426	0.4789382573571841	6320	3740	0.37294303797468353	0.2393987341772152	100	100	0.05	0.05	500	500	0.106	0.082	100	100	0.19	0.09	500	500	0.224	0.154	0.6005129849310676	0.8440205193972427	0.5179544725873677	0.912365074275943	0.7098885090252062	1.7815215832833626	0.6015268545234942	0.16255106433215033	0.11458169655555282	0.14222903208646012	0.55265882926235	ok
cross_full	BRCA	SRP058722	SRP157974	-1	16218	16567	16585	6112	3311	0.3483311518324607	0.18520942408376964	10268	13049	0.8079470198675497	0.3812816517335411	6177	3311	0.35081754897199285	0.18585073660352922	100	100	0.04	0.04	500	500	0.11	0.094	100	100	0.13	0.03	500	500	0.212	0.14	0.4856020942408377	0.8236256544502618	0.4031413612565445	0.8847440372309482	0.669837975118982	1.763232709153062	0.6201080143070128	-0.021462041802728683	-0.048655917283734106	0.016105943487300788	0.4792822789493156	ok
cross_full	BRCA	SRP058722	SRP218935	-1	16389	16567	17058	6218	3048	0.3015439047925378	0.15648118366034094	10374	9646	0.5922498554077501	0.27221900906111435	6295	3087	0.3084988085782367	0.15901509134233519	100	100	0.05	0.05	500	500	0.102	0.086	100	100	0.14	0.04	500	500	0.208	0.138	0.48906400771952396	0.6061434544869733	0.29318108716629143	0.7630535005896858	0.6224415673352359	1.7738252316350454	0.6490964519872724	-0.03006403451901091	-0.053117465390529535	0.011162776286780978	0.47531881139788884	ok
cross_full	BRCA	SRP058722	SRP111343	-1	16141	16567	16421	6066	1480	0.1724365314869766	0.10600065941312233	10221	8539	0.5290089032384306	0.29801389296546327	6143	1489	0.17532150415106626	0.10776493569916978	100	100	0.04	0.04	500	500	0.094	0.088	100	100	0.09	0.07	500	500	0.198	0.162	0.559841740850643	0.54071876030333	0.3189910979228487	0.740630838553687	0.4168409899396994	1.7648104368898283	0.763804099734185	0.09156022207449471	0.06716656946197759	0.12050181161174518	0.5253082212997956	ok
cross_full	BRCA	SRP116023	SRP058722	-1	16267	16739	16567	2833	6158	0.6346629015178257	0.40557712672079066	7763	10311	0.6586371248228777	0.421615354888574	2937	6228	0.648280558392918	0.4164113040517535	100	100	0.0	0.0	500	500	0.048	0.016	100	100	0.12	0.02	500	500	0.15	0.076	0.613483939286975	0.7317331450758913	0.4645252382633251	0.8366194342191517	1.4667893299926775	1.4767545247094915	0.006748037368481619	0.2156235103365181	0.18394886134047847	0.15346838574115867	0.5741070879695088	ok
cross_full	BRCA	SRP116023	SRP023262	-1	14169	16739	14373	2334	1489	0.35732647814910024	0.3508997429305913	6934	4006	0.3614075569656764	0.34035188924141907	2389	1519	0.3654248639598158	0.3583089158643784	100	100	0.05	0.05	500	500	0.148	0.148	100	100	0.13	0.13	500	500	0.292	0.29	0.8808911739502999	0.5608397600685519	0.5454155955441302	0.7857754927163667	0.7442681200058558	1.4660560809170295	0.49233311761149656	0.5251734996417745	0.5090214989847996	0.5893867464787195	0.6656785941139106	ok
cross_full	BRCA	SRP116023	SRP062132	-1	16576	16739	17037	2899	6	0.0017247326664367024	0.0017247326664367024	7844	6	0.0006374298827129016	0.0006374298827129016	3008	222	0.04222074468085106	0.036901595744680854	100	100	0.01	0.01	500	500	0.048	0.048	100	6	0.02	0.02	500	6	0.006	0.006	0.7775094860296654	0.0017247326664367024	0.0017247326664367024	0.26181441876509126	0.27143903439155137	1.4823619760982418	0.8168874817566407	0.3801237189948693	0.3633633686387502	0.39303415344894294	0.6166747104247104	ok
cross_full	BRCA	SRP116023	SRP156355	-1	16670	16739	17666	2921	1634	0.31016775077028413	0.30297843204382063	7865	3193	0.2767959313413859	0.2682771773680865	3050	2203	0.3881967213114754	0.3678688524590164	100	100	0.1	0.1	500	500	0.202	0.202	100	100	0.3	0.3	500	500	0.304	0.3	0.8705922629236563	0.4015748031496063	0.3937007874015748	0.7035261896610749	0.8250740231374382	1.4836975857604902	0.4439068776171562	0.5330179274763951	0.5499374793388545	0.5850512289480052	0.6836832633473305	ok
cross_full	BRCA	TCGA-BRCA	SRP157974	-1	16350	17081	16585	3701	3396	0.5947041340178331	0.5817346663064037	13376	13163	0.8235645933014354	0.724357057416268	3701	3396	0.5947041340178331	0.5817346663064037	100	100	0.37	0.37	500	500	0.504	0.504	100	100	0.42	0.42	500	500	0.572	0.568	0.9113753039718995	0.9019184004323156	0.8538232910024318	0.9293627205002509	1.1996869769266858	1.5714240628987532	0.23656064250813147	0.7066782338471158	0.7421504963615796	0.7715812723806939	0.7753516819571865	ok
cross_full	BRCA	TCGA-BRCA	SRP218935	-1	16703	17081	17058	3883	3196	0.5055369559618852	0.489054854493948	13655	9810	0.6049066276089344	0.49285975833028195	3883	3248	0.5140355395312902	0.4952356425444244	100	100	0.3	0.3	500	500	0.418	0.418	100	100	0.48	0.48	500	500	0.542	0.538	0.8604172031934072	0.7154262168426474	0.673963430337368	0.8248776719031676	1.031702611303588	1.5869142607480788	0.34986871261889185	0.5559837903212437	0.545428805486949	0.6916024677832348	0.6838292522301384	ok
cross_full	BRCA	TCGA-BRCA	SRP111343	-1	16376	17081	16421	3736	1532	0.3605460385438972	0.35974304068522484	13411	8646	0.5760196853329357	0.5515621504734919	3736	1541	0.3618843683083512	0.360813704496788	100	100	0.31	0.31	500	500	0.296	0.296	100	100	0.23	0.23	500	500	0.48	0.48	0.9617237687366167	0.7850642398286938	0.7831905781584583	0.8941690001647175	0.8252418911740096	1.581585470442593	0.478218593559112	0.7818952685524441	0.7731383916431601	0.8212442982896815	0.7929286761113825	ok
cross_full	BRCA	TCGA-BRCA	SRP058722	-1	16417	17081	16567	3740	6238	0.6163101604278075	0.3962566844919786	13437	10398	0.6384609659894321	0.37061844161643226	3740	6320	0.6302139037433155	0.40454545454545454	100	100	0.05	0.05	500	500	0.106	0.082	100	100	0.19	0.09	500	500	0.224	0.154	0.6176470588235294	0.7165775401069518	0.4590909090909091	0.8255347593582887	1.408295672578217	1.580875513859379	0.1091672555923422	0.16255106433215033	0.11458169655555282	0.14222903208646015	0.55265882926235	ok
cross_full	LIHC	SRP161530	TCGA-LIHC	-1	15540	15823	16307	2843	3035	0.6605698206120295	0.6559971860710517	4799	11035	0.9120650135444884	0.8985205251093978	3425	3035	0.6347445255474452	0.6262773722627737	100	100	0.41	0.41	500	500	0.45	0.45	100	100	0.52	0.52	500	500	0.614	0.614	0.9606049947238833	0.9212099894477664	0.9064368624692226	0.9765505920975496	1.3142812430362236	1.7157113141971123	0.23397296960109093	0.7762257418573818	0.7941350853077623	0.8188299366047865	0.8103603603603604	ok
cross_full	LIHC	SRP161530	SRP068976	-1	15455	15823	16012	2800	3553	0.7203571428571428	0.7153571428571428	4756	10640	0.9013877207737595	0.892767031118587	3363	3553	0.6955099613440381	0.6874814154029141	100	100	0.4	0.4	500	500	0.472	0.472	100	100	0.51	0.51	500	500	0.644	0.644	0.9703571428571428	0.9182142857142858	0.9078571428571428	0.9607142857142857	1.4744987871475206	1.7002232748877764	0.13276167376026238	0.7861125996325198	0.8049761905022392	0.8365291800106147	0.8084115173083145	ok
cross_full	LIHC	SRP161530	SRP174991	-1	15386	15823	15733	2779	2286	0.5505577545879813	0.5476790212306585	4733	8105	0.7929431650116205	0.7880836678639341	3332	2302	0.5309123649459784	0.5249099639855942	100	100	0.3	0.3	500	500	0.47	0.47	100	100	0.42	0.42	500	500	0.606	0.604	0.9643756747031306	0.8481468154012235	0.8427491903562433	0.9337891327815762	1.0912616910991886	1.6994184114399227	0.3578616756455174	0.7424790242231241	0.7592535105563415	0.8084288151646766	0.7824645781879631	ok
cross_full	LIHC	SRP161530	SRP099053	-1	15567	15823	16117	2847	3217	0.6828240252897787	0.6807165437302424	4802	8715	0.8381924198250729	0.8359017076218243	3422	3277	0.6677381648158971	0.6618936294564582	100	100	0.43	0.43	500	500	0.496	0.496	100	100	0.48	0.48	500	500	0.626	0.624	0.972251492799438	0.8651211801896733	0.8626624517035476	0.934141201264489	1.4016723484319606	1.7138492898674405	0.18214958764526223	0.7817762090479308	0.7983311665492216	0.8358540911905564	0.8030449026787435	ok
cross_full	BRCA	SRP111343	TCGA-BRCA	-1	16376	16421	17081	1532	3736	0.8792428198433421	0.8772845953002611	8646	13411	0.8934767522553783	0.8555401341660883	1541	3736	0.8773523685918235	0.8747566515249838	100	100	0.31	0.31	500	500	0.296	0.296	100	100	0.23	0.23	500	500	0.48	0.48	0.9882506527415144	0.9751958224543081	0.9699738903394256	0.9947780678851175	2.152780605124502	1.3186936703266818	-0.632510001046104	0.7818952685524441	0.7731383916431601	0.8212442982896814	0.7929286761113825	ok
cross_full	BRCA	SRP111343	SRP157974	-1	16102	16421	16585	1443	3286	0.7657657657657657	0.7498267498267498	8505	12969	0.8636096413874191	0.7955320399764845	1450	3286	0.7641379310344828	0.7482758620689656	100	100	0.51	0.51	500	500	0.378	0.378	100	100	0.35	0.35	500	500	0.498	0.494	0.9306999306999307	0.9154539154539154	0.875952875952876	0.9395199395199395	1.7632325708845535	1.3098458853884452	-0.34613742773383827	0.6716106832673043	0.6983093050540937	0.718422395152014	0.7560551484287666	ok
cross_full	BRCA	SRP111343	SRP218935	-1	16290	16421	17058	1503	3029	0.7272122421823021	0.7125748502994012	8604	9598	0.705718270571827	0.6752673175267317	1511	3068	0.7339510258107214	0.7174056915949703	100	100	0.52	0.52	500	500	0.398	0.398	100	100	0.34	0.34	500	500	0.486	0.482	0.9214903526280772	0.8137059214903526	0.7904191616766467	0.9068529607451763	1.6039982237458477	1.3131480818199064	-0.2214907411834688	0.6708972965115113	0.7049892078500654	0.718942053130124	0.7524248004910988	ok
cross_full	BRCA	SRP111343	SRP058722	-1	16141	16421	16567	1480	6066	0.7067567567567568	0.43445945945945946	8539	10221	0.6332123199437873	0.35671624311980327	1489	6143	0.7233042310275353	0.4445936870382807	100	100	0.04	0.04	500	500	0.094	0.088	100	100	0.09	0.07	500	500	0.198	0.162	0.5905405405405405	0.7621621621621621	0.4668918918918919	0.8567567567567568	1.842272595007051	1.3140040618499644	-0.40202960439357094	0.09156022207449471	0.06716656946197759	0.12050181161174517	0.5253082212997956	ok
cross_full	LIHC	TCGA-LIHC	SRP050551	-1	15843	16307	15968	3204	3043	0.6463795255930087	0.6432584269662921	11267	6343	0.501641963255525	0.4903701073932724	3204	3325	0.6928838951310862	0.6882022471910112	100	100	0.25	0.25	500	500	0.396	0.396	100	100	0.53	0.53	500	500	0.598	0.598	0.954119850187266	0.7362671660424469	0.7303370786516854	0.8926342072409488	1.4014301832801888	1.5300824410876537	0.08408191242036145	0.7857542944945518	0.7969538309144476	0.8363052633553658	0.8102632077258095	ok
cross_full	LIHC	TCGA-LIHC	SRP118972	-1	15849	16307	16010	3197	2019	0.4372849546449797	0.43290584923365655	11266	3519	0.29087519971595954	0.28803479495828155	3197	2911	0.6052549264935877	0.5921176102596184	100	100	0.53	0.53	500	500	0.482	0.482	100	100	0.48	0.48	500	500	0.614	0.614	0.9252424147638411	0.4773224898342196	0.4726305911792305	0.7879956904041984	1.1882393911848408	1.5264191526476487	0.22155104702153305	0.737572350415142	0.7660354563225458	0.7942456695229481	0.7947504574421099	ok
cross_full	LIHC	TCGA-LIHC	SRP137150	-1	15365	16307	15802	3015	3306	0.424212271973466	0.4039800995024876	10946	5056	0.3542846701991595	0.3059565137949936	3015	3977	0.5313432835820896	0.4948590381426202	100	100	0.11	0.11	500	500	0.192	0.192	100	100	0.33	0.32	500	500	0.378	0.374	0.829519071310116	0.45041459369817577	0.42918739635157543	0.7094527363184078	1.0804892583952292	1.522524282237065	0.2903303605722123	0.45281769683946904	0.44131817303724646	0.5459768613263665	0.6634559062805077	ok
cross_full	LIHC	TCGA-LIHC	SRP161530	-1	15540	16307	15823	3035	2843	0.6187808896210873	0.6144975288303131	11035	4799	0.396647032170367	0.39075668328047125	3035	3425	0.7163097199341022	0.7067545304777595	100	100	0.41	0.41	500	500	0.45	0.45	100	100	0.52	0.52	500	500	0.614	0.614	0.9462932454695222	0.6675453047775948	0.6632619439868205	0.8609555189456343	1.5005533014611014	1.506802913579853	0.00414759758056471	0.7762257418573818	0.7941350853077623	0.8188299366047865	0.8103603603603604	ok
cross_full	LIHC	SRP049592	SRP062885	-1	15958	16728	16024	4127	3657	0.4167676278168161	0.35231402956142477	7902	7953	0.5288534548215642	0.4198936977980258	4297	3831	0.4484524086572027	0.36816383523388413	100	100	0.0	0.0	500	500	0.074	0.07	100	100	0.25	0.25	500	500	0.246	0.228	0.7264356675551248	0.5592440029076812	0.4618366852435183	0.7390010038422927	0.8595577108596363	1.679416883438337	0.48818085650072207	0.3625438975158714	0.36036027128827763	0.42555818684716296	0.6246396791577892	ok
cross_full	LIHC	SRP049592	SRP050551	-1	15866	16728	15968	4114	3028	0.44312105007292174	0.42343218279047157	7887	6327	0.4862431849879549	0.4513756815012045	4281	3316	0.4858677879000234	0.45736977341742585	100	100	0.08	0.08	500	500	0.16	0.158	100	100	0.38	0.38	500	500	0.398	0.398	0.8490520175012154	0.5683033543996111	0.5379192999513855	0.7659559691645252	0.96730861288691	1.682753467220671	0.42516320320850653	0.5689793088001852	0.5601969084150178	0.6308032840880268	0.7009958401613513	ok
cross_full	LIHC	SRP049592	SRP118972	-1	15911	16728	16010	4121	2020	0.2598883766076195	0.24023295316670712	7895	3520	0.2716909436352122	0.2493983533882204	4299	2927	0.390323331007211	0.3405443126308444	100	100	0.02	0.02	500	500	0.066	0.064	100	100	0.18	0.18	500	500	0.258	0.25	0.7808784275661247	0.3011404998786702	0.27857316185391895	0.6110514091586645	0.7562232916566748	1.682217728833451	0.5504605148935836	0.4558856954605717	0.4607670566009492	0.48854350816851194	0.6658915215888379	ok
cross_full	LIHC	SRP049592	SRP137150	-1	15464	16728	15802	3949	3330	0.3231197771587744	0.2780450747024563	7695	5080	0.35243664717348927	0.2883690708252112	4112	4022	0.41050583657587547	0.3341439688715953	100	100	0.05	0.05	500	500	0.122	0.12	100	100	0.23	0.22	500	500	0.24	0.232	0.7097999493542669	0.36819447961509244	0.31501645986325655	0.6179060803016234	0.8012311167480868	1.672970377333587	0.5210727412728583	0.3276942706090666	0.32804286672393373	0.3632941734302427	0.6127133988618727	ok
cross_full	LIHC	SRP049592	TCGA-LIHC	-1	16127	16728	16307	4257	3341	0.46441155743481327	0.432933991073526	8034	11466	0.7541697784416231	0.6512322628827483	4447	3341	0.4654823476501012	0.4310771306498763	100	100	0.07	0.07	500	500	0.124	0.124	100	100	0.27	0.27	500	500	0.328	0.324	0.8303969931876909	0.7939863753817242	0.7098895936105238	0.8837209302325582	0.9269306157428572	1.7024348284369684	0.45552651986455983	0.5393850047549339	0.5282062219316506	0.6005757613344784	0.6871705834935202	ok
cross_full	LIHC	SRP049592	SRP068976	-1	15956	16728	16012	4124	3764	0.47769156159068865	0.4381668283220175	7900	10943	0.730126582278481	0.6326582278481012	4297	3764	0.48219688154526413	0.4384454270421224	100	100	0.01	0.01	500	500	0.09	0.088	100	100	0.26	0.26	500	500	0.292	0.288	0.8212900096993211	0.7596993210475267	0.6784675072744908	0.8439291067807072	0.9509725762311589	1.6758851851651544	0.432555055293097	0.5306014446434014	0.5268244390108915	0.5619237191257916	0.6886437703685134	ok
cross_full	LIHC	SRP049592	SRP174991	-1	15684	16728	15733	4003	2360	0.3784661503872096	0.349987509367974	7774	8219	0.5915873424234628	0.5108052482634422	4157	2381	0.38705797450084195	0.35362039932643735	100	100	0.03	0.03	500	500	0.128	0.128	100	100	0.22	0.22	500	500	0.298	0.288	0.8323757182113415	0.6729952535598301	0.6120409692730452	0.81413939545341	0.7797460757052013	1.671512554287175	0.5335086932459637	0.510140902701125	0.4908073476583099	0.5613782343123072	0.6683244070390206	ok
cross_full	LIHC	SRP049592	SRP099053	-1	16008	16728	16117	4160	3381	0.46129807692307695	0.4216346153846154	7936	8917	0.6014364919354839	0.5017641129032258	4342	3452	0.4737448180561953	0.4265315522800553	100	100	0.03	0.03	500	500	0.11	0.108	100	100	0.2	0.2	500	500	0.316	0.31	0.8038461538461539	0.6569711538461539	0.5850961538461539	0.798076923076923	0.9395334014081315	1.6825239752696262	0.4415928597644082	0.4607316669146224	0.43596089517086184	0.5437420983917247	0.6444902548725637	ok
cross_full	LIHC	SRP076032	SRP161530	-1	13281	13305	15823	212	2160	0.7641509433962265	0.7641509433962265	379	4053	0.7387862796833773	0.7387862796833773	527	2484	0.6963946869070209	0.681214421252372	100	100	0.07	0.07	500	500	0.178	0.178	100	100	0.14	0.14	379	500	0.18997361477572558	0.18997361477572558	0.9575471698113207	0.8160377358490566	0.8160377358490566	0.89937106918239	1.6656736760317088	1.3426292688496768	-0.240605813292605	0.537111799318436	0.5409173012736044	0.5681896630263299	0.6891047360891499	ok
cross_full	LIHC	SRP076032	SRP049592	-1	13258	13305	16728	208	2986	0.5625	0.5192307692307693	375	6512	0.6586666666666666	0.608	516	3061	0.625968992248062	0.5445736434108527	100	100	0.05	0.05	500	500	0.108	0.108	100	100	0.09	0.08	375	500	0.12266666666666666	0.11466666666666667	0.8365384615384616	0.7163461538461539	0.6634615384615384	0.9038461538461539	1.1995251817515795	1.3369130455011091	0.10276499598224287	0.3654825960129412	0.36829278365941037	0.38964409926734284	0.6239251772514708	ok
cross_full	LIHC	SRP076032	SRP102722	-1	13214	13305	15433	203	35	0.04926108374384237	0.0049261083743842365	370	41	0.02702702702702703	0.002702702702702703	506	562	0.25296442687747034	0.029644268774703556	100	100	0.14	0.01	500	500	0.136	0.012	100	41	0.09	0.01	370	41	0.02702702702702703	0.002702702702702703	0.14285714285714285	0.04926108374384237	0.0049261083743842365	0.5840175150519977	0.6279443079623389	1.3319252894476987	0.5285438958646662	-0.395878268904597	-0.37689157582158156	-0.39984680270659795	0.3582563947328591	ok
cross_full	LIHC	SRP076032	SRP039694	-1	13252	13305	16625	209	1267	0.4784688995215311	0.47368421052631576	376	2424	0.5159574468085106	0.5132978723404256	515	1752	0.541747572815534	0.5184466019417475	100	100	0.02	0.02	500	500	0.142	0.142	100	100	0.14	0.14	376	500	0.1675531914893617	0.16489361702127658	0.9234449760765551	0.569377990430622	0.5645933014354066	0.8851674641148325	1.1577612876227983	1.3386645076846049	0.13513708552316994	0.3989769447960362	0.4016476746699135	0.47246149348817434	0.6276033806217929	ok
cross_full	BRCA	SRP157974	TCGA-BRCA	-1	16350	16585	17081	3396	3701	0.6481154299175501	0.6339811542991755	13163	13376	0.8368912861809618	0.7360784015801869	3396	3701	0.6481154299175501	0.6339811542991755	100	100	0.37	0.37	500	500	0.504	0.504	100	100	0.42	0.42	500	500	0.572	0.568	0.9328621908127208	0.9178445229681979	0.8775029446407538	0.9492049469964664	1.3379343163686759	1.5023479208580643	0.10943776884616963	0.7066782338471158	0.7421504963615796	0.7715812723806937	0.7753516819571865	ok
cross_full	BRCA	SRP157974	SRP218935	-1	16554	16585	17058	3478	3126	0.6802760207015526	0.6799884991374353	13324	9759	0.6399729810867607	0.6119783848694086	3478	3165	0.6877515813686026	0.6874640598044853	100	100	0.56	0.56	500	500	0.624	0.624	100	100	0.64	0.64	500	500	0.732	0.732	0.9902242668200115	0.8855664174813112	0.8852788959171938	0.9784358826912019	1.3273577651194093	1.5043200133435273	0.11763603930974675	0.827231131369543	0.7980107796112057	0.8964223263022802	0.7940678989972212	ok
cross_full	BRCA	SRP157974	SRP111343	-1	16102	16585	16421	3286	1443	0.33627510651247716	0.3292757151552039	12969	8505	0.5663505281825892	0.5217056056750713	3286	1450	0.3371880706025563	0.330188679245283	100	100	0.51	0.51	500	500	0.378	0.378	100	100	0.35	0.35	500	500	0.498	0.494	0.8937918441874619	0.7078514911746805	0.689592209373098	0.8178753686970364	0.7661742072884	1.4919122176923325	0.4864481983574699	0.6716106832673043	0.6983093050540937	0.718422395152014	0.7560551484287666	ok
cross_full	BRCA	SRP157974	SRP058722	-1	16218	16585	16567	3311	6112	0.6430081546360616	0.3418906674720628	13049	10268	0.635757529312591	0.30002299026745344	3311	6177	0.654485049833887	0.346723044397463	100	100	0.04	0.04	500	500	0.11	0.094	100	100	0.13	0.03	500	500	0.212	0.14	0.5221987315010571	0.7281787979462399	0.38205980066445183	0.8403589765716011	1.508663756326465	1.4921381913063136	-0.011075090173574331	-0.021462041802728683	-0.048655917283734106	0.016105943487300784	0.4792822789493156	ok
cross_full	LIHC	TCGA-LIHC	SRP068976	-1	15872	16307	16012	3194	3744	0.7313713212273012	0.7276142767689417	11279	10909	0.7686851671247451	0.739604574873659	3194	3744	0.7313713212273012	0.7276142767689417	100	100	0.63	0.63	500	500	0.562	0.562	100	100	0.62	0.62	500	500	0.688	0.688	0.9643080776455855	0.8954289292423294	0.886662492172824	0.9436443331246086	1.5409120721668788	1.5175235078233	-0.01541232423946215	0.7958764521054285	0.8035469236979594	0.8638607153227759	0.8185483870967742	ok
cross_full	LIHC	TCGA-LIHC	SRP174991	-1	15669	16307	15733	3071	2375	0.5858026701400195	0.5851514164767176	11114	8229	0.5916861615979845	0.5674824545618139	3071	2394	0.5893845652881797	0.5880820579615761	100	100	0.37	0.37	500	500	0.498	0.498	100	100	0.55	0.55	500	500	0.7	0.7	0.9674373168349072	0.8251383914034517	0.8215564962552915	0.9374796483230218	1.1752401026278536	1.5068820249902612	0.22008486189524423	0.7356106786762667	0.7239019737386257	0.839703900623421	0.7669283298232178	ok
cross_full	LIHC	TCGA-LIHC	SRP099053	-1	15909	16307	16117	3202	3362	0.7329793878825734	0.7295440349781387	11291	8893	0.6610574794083783	0.6465326366132318	3202	3429	0.7435977514053717	0.7386008744534666	100	100	0.63	0.63	500	500	0.55	0.55	100	100	0.55	0.55	500	500	0.684	0.684	0.9740787008119925	0.8694565896314803	0.8650843222985634	0.9461274203622736	1.5308429760050308	1.5216068258898794	-0.006069997819410311	0.8091930281491122	0.8152531436401744	0.8684528741711008	0.8110503488591363	ok
cross_full	LIHC	TCGA-LIHC	SRP062885	-1	15860	16307	16024	3182	3640	0.664676304211188	0.6558768070395977	11270	7935	0.5808340727595386	0.5623779946761314	3182	3805	0.6910747957259585	0.6791326209930861	100	100	0.49	0.49	500	500	0.496	0.496	100	100	0.49	0.49	500	500	0.602	0.602	0.9358893777498428	0.764299182903834	0.7523570081709616	0.876578481229644	1.4499679121916187	1.52036687095215	0.04630392841725306	0.7311147546135937	0.7574985368367035	0.803425665655532	0.7840479192938209	ok
cross_full	LIHC	SRP174991	SRP050551	-1	15622	15733	15968	2356	2944	0.7122241086587436	0.7092529711375212	8209	6242	0.5636496528200755	0.5596296747472287	2375	3197	0.7587368421052632	0.7536842105263157	100	100	0.19	0.19	500	500	0.418	0.418	100	100	0.46	0.46	500	500	0.582	0.582	0.9630730050933786	0.7652801358234296	0.7618845500848896	0.9168081494057725	1.5940070294131858	1.4881042400601563	-0.07116624393782289	0.7553137955771535	0.7634276740180536	0.824377262191377	0.7780693893227499	ok
cross_full	LIHC	SRP174991	SRP118972	-1	15643	15733	16010	2366	1984	0.4463229078613694	0.44209636517328826	8222	3484	0.3030892726830455	0.29980540014594986	2385	2809	0.6259958071278826	0.6062893081761006	100	100	0.23	0.23	500	500	0.372	0.372	100	100	0.36	0.36	500	500	0.584	0.584	0.9150464919695689	0.46830092983939137	0.4640743871513102	0.8005071851225697	1.2646253591411878	1.4903615204375018	0.1514640294993984	0.6062604481181209	0.6172113230389956	0.7186958071347429	0.7125870996611903	ok
cross_full	LIHC	SRP174991	SRP137150	-1	15169	15733	15802	2210	3274	0.5004524886877828	0.4828054298642534	8003	5024	0.415219292765213	0.39622641509433965	2225	3895	0.6089887640449438	0.5748314606741574	100	100	0.17	0.17	500	500	0.254	0.254	100	100	0.26	0.26	500	500	0.422	0.42	0.8624434389140272	0.5230769230769231	0.5040723981900452	0.748868778280543	1.2904919866999651	1.4824709316382054	0.12949929799034499	0.5467935798054392	0.5861830151272415	0.5972821381652825	0.7096051156964862	ok
cross_full	LIHC	SRP174991	SRP161530	-1	15386	15733	15823	2286	2779	0.6692913385826772	0.6657917760279966	8105	4733	0.4630475015422579	0.4602097470697101	2302	3332	0.768462206776716	0.7597741094700261	100	100	0.3	0.3	500	500	0.47	0.47	100	100	0.42	0.42	500	500	0.606	0.604	0.9505686789151356	0.6964129483814523	0.6929133858267716	0.8622047244094488	1.6854504827252925	1.4842322557257206	-0.13557057948534168	0.7424790242231241	0.7592535105563415	0.8084288151646766	0.7824645781879631	ok
cross_full	PRAD	TCGA-PRAD	SRP027258	-1	14340	16897	14504	1433	4694	0.6950453593859037	0.5310537334263782	9965	9636	0.6767686904164576	0.45569493226292024	1433	4863	0.7236566643405443	0.5526866713189114	100	100	0.03	0.03	500	500	0.074	0.07	100	100	0.06	0.06	500	500	0.252	0.206	0.7208653175157014	0.7808792742498255	0.592463363572924	0.8680454228256043	2.1535457769632225	1.350785025769622	-0.5942920123327695	0.27779836959579357	0.26724175175321463	0.3083639618137443	0.597629009762901	ok
cross_full	PRAD	TCGA-PRAD	SRP002628	-1	15690	16897	15696	1828	36	0.009846827133479213	0.009846827133479213	10877	50	0.003217799025466581	0.003217799025466581	1828	456	0.15207877461706784	0.14715536105032823	100	100	0.05	0.05	500	500	0.096	0.096	100	50	0.03	0.03	500	50	0.022	0.022	0.8845733041575492	0.009846827133479213	0.009846827133479213	0.673595915390226	0.561179111719304	1.3672339041053556	0.5895514951507076	0.442925608966303	0.42637257221300084	0.5137575835256711	0.6250478011472276	ok
cross_full	PRAD	TCGA-PRAD	SRP148500	-1	16548	16897	16653	2158	278	0.08758109360519	0.08665430954587582	11449	432	0.033540047165691325	0.03292864005590008	2158	989	0.2928637627432808	0.28405931417979613	100	100	0.04	0.04	500	500	0.104	0.104	100	100	0.1	0.1	500	432	0.14	0.138	0.881371640407785	0.0963855421686747	0.09545875810936053	0.6054547861776776	0.6685897802656948	1.3938593957752652	0.5203319773198323	0.5125612429068953	0.4813856289958981	0.5728850560141052	0.6587503021513174	ok
cross_full	PRAD	SRP119917	TCGA-PRAD	-1	16637	16788	16897	999	2176	0.7027027027027027	0.6846846846846847	5829	11514	0.8425115800308801	0.8159203980099502	1049	2176	0.7025738798856054	0.6825548141086749	100	100	0.14	0.14	500	500	0.206	0.204	100	100	0.33	0.31	500	500	0.38	0.37	0.9409409409409409	0.9039039039039038	0.8718718718718719	0.9466132799466133	1.3562635044751465	1.393840725303945	0.026959479764522176	0.7087212821270067	0.7263125245379337	0.67401689728534	0.7727955761255034	ok
cross_full	LIHC	SRP102722	TCGA-LIHC	-1	15371	15433	16307	62	2924	0.8064516129032258	0.016129032258064516	68	10902	0.9264705882352942	0.014705882352941176	1001	2924	0.7042957042957043	0.03496503496503497	100	100	0.02	0.0	500	500	0.15	0.0	68	100	0.23529411764705882	0.0	68	500	0.5294117647058824	0.014705882352941176	0.016129032258064516	0.967741935483871	0.016129032258064516	0.99999999	2.7744797374957146	3.125986363317226	0.1124466280295926	-0.5617332934425667	-0.5573164171288474	-0.612013594376572	0.2915880554290547	ok
cross_full	LIHC	SRP102722	SRP068976	-1	15376	15433	16012	60	3493	0.8833333333333333	0.016666666666666666	66	10580	0.9696969696969697	0.015151515151515152	992	3493	0.7842741935483871	0.02620967741935484	100	100	0.02	0.0	500	500	0.15	0.0	66	100	0.16666666666666666	0.0	66	500	0.48484848484848486	0.0	0.016666666666666666	0.9833333333333333	0.016666666666666666	0.99999999	2.8209168854499547	3.0868119755131396	0.08613906262268645	-0.6258602536501043	-0.6232266627882936	-0.6638636485835313	0.2685353798126951	ok
cross_full	LIHC	SRP102722	SRP174991	-1	15358	15433	15733	59	2241	0.6271186440677966	0.0	65	8069	0.8307692307692308	0.0	987	2255	0.630192502532928	0.029381965552178316	100	100	0.07	0.0	500	500	0.12	0.0	65	100	0.2	0.0	65	500	0.4	0.0	0.01694915254237288	0.8983050847457628	0.0	0.9576271186440678	1.8621690793491665	3.070040085783235	0.39343818734728797	-0.44582592849924857	-0.4168603197619776	-0.5580822379774013	0.35382211225419974	ok
cross_full	LIHC	SRP102722	SRP099053	-1	15404	15433	16117	62	3116	0.7580645161290323	0.0	68	8605	0.8823529411764706	0.0	999	3174	0.6946946946946947	0.024024024024024024	100	100	0.01	0.0	500	500	0.124	0.0	68	100	0.19117647058823528	0.0	68	500	0.4852941176470588	0.0	0.016129032258064516	0.9354838709677419	0.0	0.99999999	2.902111175356192	3.125986363317226	0.07161745508174977	-0.48911507947677774	-0.46441451594126315	-0.5862919858812788	0.33095299922098154	ok
cross_full	LIHC	SRP099053	TCGA-LIHC	-1	15909	16117	16307	3362	3202	0.6980963712076145	0.6948245092207019	8893	11291	0.8393118182840437	0.8208703474642978	3429	3202	0.6943715368912219	0.689705453484981	100	100	0.63	0.63	500	500	0.55	0.55	100	100	0.55	0.55	500	500	0.684	0.684	0.9735276621058894	0.9244497323022011	0.9182034503271862	0.9610020490448807	1.3622076278040547	1.5982389689655019	0.1476821337388764	0.8091930281491122	0.8152531436401744	0.868452874171101	0.8110503488591363	ok
cross_full	LIHC	SRP099053	SRP068976	-1	15853	16117	16012	3311	3720	0.691633947447901	0.6861975234068257	8838	10878	0.7804933242815116	0.7425888210002263	3374	3721	0.6879075281564908	0.6816834617664493	100	100	0.7	0.7	500	500	0.556	0.556	100	100	0.62	0.62	500	500	0.672	0.672	0.9559045605557234	0.8873452129266083	0.8755662941709453	0.955703211517165	1.4400032817746071	1.5910723219426437	0.09494794050818922	0.7202543264185733	0.7292270485241995	0.8301199203713362	0.7652810193654198	ok
cross_full	LIHC	SRP099053	SRP174991	-1	15682	16117	15733	3238	2376	0.612106238418777	0.6111797405806053	8758	8233	0.7477734642612469	0.7465174697419502	3300	2394	0.6127272727272727	0.6106060606060606	100	100	0.33	0.33	500	500	0.542	0.542	100	100	0.51	0.51	500	500	0.686	0.686	0.9864113650401483	0.8826436071649166	0.881408276714021	0.9581360236085374	1.1855309660694489	1.582775707072814	0.25097980669543485	0.8617686258280245	0.8730914536144921	0.8976913816852374	0.8507205713556945	ok
cross_full	LIHC	SRP099053	SRP062885	-1	15819	16117	16024	3304	3614	0.6495157384987893	0.6422518159806295	8832	7907	0.6469655797101449	0.6387001811594203	3365	3775	0.6707280832095096	0.6615156017830609	100	100	0.46	0.46	500	500	0.476	0.476	100	100	0.51	0.51	500	500	0.602	0.602	0.9427966101694916	0.7593825665859564	0.7503026634382567	0.8925544794188862	1.3717530667146014	1.5886296320333864	0.13651801587081758	0.7357724503358785	0.7728379753223902	0.8034072883741441	0.7826031986851255	ok
cross_full	PRAD	SRP119917	SRP002628	-1	15687	16788	15696	820	37	0.015853658536585366	0.015853658536585366	5542	51	0.00577408877661494	0.00577408877661494	855	454	0.2608187134502924	0.2596491228070175	100	100	0.09	0.09	500	500	0.138	0.138	100	51	0.05	0.05	500	51	0.02	0.02	0.9036585365853659	0.015853658536585366	0.015853658536585366	0.7642276422764227	0.6853713426670796	1.392069224950152	0.5076600140401626	0.5162637452646147	0.5058180879285031	0.5965238634063346	0.6522598329827245	ok
cross_full	PRAD	SRP119917	SRP148500	-1	16456	16788	16653	953	277	0.12277019937040923	0.12172088142707241	5765	431	0.05203816131830009	0.05169124024284475	1000	963	0.416	0.396	100	100	0.16	0.16	500	500	0.16	0.158	100	100	0.16	0.16	500	431	0.15	0.148	0.8908709338929696	0.1311647429171039	0.13011542497376705	0.6782091640433718	0.878209206942371	1.3892109401203945	0.36783595523206725	0.5877145221927831	0.572389393068098	0.6123560554442297	0.6970102090422946	ok
cross_full	PRAD	SRP118614	TCGA-PRAD	-1	16630	17845	16897	705	2207	0.7333333333333333	0.7262411347517731	5744	11523	0.8325208913649025	0.7963091922005571	773	2207	0.7244501940491591	0.7128072445019404	100	100	0.03	0.03	500	500	0.174	0.174	100	100	0.17	0.14	500	500	0.256	0.248	0.9687943262411347	0.9404255319148936	0.9234042553191489	0.9583924349881797	1.3362472515503518	1.2449938068290036	-0.07329630414288602	0.6215638051358603	0.6539046154675391	0.5832943665280439	0.7346963319302465	ok
cross_full	PRAD	SRP118614	SRP119917	-1	16574	17845	16788	707	981	0.39603960396039606	0.3932107496463932	5746	5802	0.4965193177862861	0.48520710059171596	760	1029	0.41842105263157897	0.4105263157894737	100	100	0.09	0.09	500	500	0.14	0.14	100	100	0.32	0.32	500	500	0.31	0.31	0.9519094766619519	0.71004243281471	0.7057991513437057	0.8892032060348892	0.8968166580917856	1.2446446399505364	0.2794596712139249	0.5829532041836651	0.6004227489443642	0.5943281024981948	0.7115964764088332	ok
cross_full	PRAD	SRP114904	TCGA-PRAD	-1	2	2	16897	0	0			0	2			0	0			2	2	1.0	1.0	2	2	1.0	1.0	0	2			0	2														ok
cross_full	PRAD	SRP114904	SRP119917	-1	2	2	16788	0	0			0	0			0	0			2	2	1.0	1.0	2	2	1.0	1.0	0	0			0	0														ok
cross_full	PRAD	SRP114904	SRP118614	-1	2	2	17845	0	0			0	1			0	0			2	2	1.0	0.5	2	2	1.0	0.5	0	1			0	1														ok
cross_full	PRAD	SRP114904	SRP212704	-1	2	2	16515	0	1			0	2			0	1			2	2	1.0	1.0	2	2	1.0	1.0	0	2			0	2														ok
cross_full	PRAD	SRP114904	SRP027258	-1	2	2	14504	0	1			0	2			0	1			2	2	1.0	0.0	2	2	1.0	0.0	0	2			0	2														ok
cross_full	PRAD	SRP114904	SRP002628	-1	2	2	15696	0	0			0	0			0	0			2	2	1.0	1.0	2	2	1.0	1.0	0	0			0	0														ok
cross_full	PRAD	SRP114904	SRP148500	-1	2	2	16653	0	0			0	0			0	0			2	2	1.0	1.0	2	2	1.0	1.0	0	0			0	0														ok
cross_full	PRAD	SRP027258	TCGA-PRAD	-1	14340	14504	16897	4694	1433	0.2121857690668939	0.16212185769066895	9636	9965	0.6998754669987547	0.4712536322125363	4863	1433	0.21324285420522313	0.16286243059839606	100	100	0.03	0.03	500	500	0.074	0.07	100	100	0.06	0.06	500	500	0.252	0.206	0.6725607158074137	0.742011077971879	0.5315296122709843	0.8439013053414417	0.47874124166294807	2.0683233352837265	0.7685365564000293	0.27779836959579357	0.26724175175321463	0.30836396181374437	0.597629009762901	ok
cross_full	LIHC	SRP099053	SRP050551	-1	15794	16117	15968	3310	2994	0.6187311178247734	0.6175226586102719	8829	6293	0.5545361875637105	0.5492128213840752	3372	3268	0.6604389086595492	0.6553973902728352	100	100	0.24	0.24	500	500	0.428	0.428	100	100	0.43	0.43	500	500	0.604	0.604	0.9507552870090634	0.7187311178247734	0.716012084592145	0.9018126888217523	1.3342465534880499	1.5943495486946473	0.1631405079391488	0.7537758652035195	0.7676044479711961	0.8238367230542784	0.7870077244523237	ok
cross_full	LIHC	SRP099053	SRP118972	-1	15820	16117	16010	3303	2012	0.39691189827429607	0.3926733272782319	8828	3512	0.30924331671952876	0.3057317625736294	3365	2890	0.549479940564636	0.5334323922734027	100	100	0.5	0.5	500	500	0.416	0.416	100	100	0.45	0.45	500	500	0.572	0.572	0.9182561307901907	0.4332425068119891	0.42900393581592494	0.7648602280754868	1.1036337656164785	1.59274285604595	0.30708603625051256	0.6302393304938595	0.6505429382712458	0.7413087878591406	0.7311630847029077	ok
cross_full	LIHC	SRP099053	SRP137150	-1	15316	16117	15802	3131	3307	0.41871606515490256	0.40210795273075695	8599	5057	0.3823700430282591	0.3531806023956274	3187	3958	0.5177282711013492	0.4822717288986508	100	100	0.13	0.13	500	500	0.234	0.234	100	100	0.37	0.37	500	500	0.438	0.436	0.8355158096454807	0.45384861066751836	0.43628233791121046	0.7163845416799743	1.0422296728162805	1.5917336614325994	0.3452235772420317	0.48561189769429003	0.5161775194407225	0.5758512893694181	0.6813136589187777	ok
cross_full	LIHC	SRP099053	SRP161530	-1	15567	16117	15823	3217	2847	0.6042897109107864	0.6024246192104445	8715	4802	0.46184738955823296	0.4605851979345955	3277	3422	0.6972841013121758	0.6911809581934696	100	100	0.43	0.43	500	500	0.496	0.496	100	100	0.48	0.48	500	500	0.626	0.624	0.9636307118433323	0.6605533105377681	0.6586882188374261	0.8777328774220288	1.4462099120893874	1.5835158052315839	0.08670951858425935	0.7817762090479308	0.7983311665492216	0.8358540911905564	0.8030449026787435	ok
cross_full	PRAD	SRP119917	SRP118614	-1	16574	16788	17845	981	707	0.2854230377166157	0.28338430173292556	5802	5746	0.4917269906928645	0.4805239572561186	1029	760	0.30903790087463556	0.3032069970845481	100	100	0.09	0.09	500	500	0.14	0.14	100	100	0.32	0.32	500	500	0.31	0.31	0.8715596330275229	0.4525993883792049	0.4475025484199796	0.7077811756710839	0.6903325064700367	1.3923892398762436	0.5042101111529749	0.5829532041836651	0.6004227489443642	0.5943281024981949	0.7115964764088332	ok
cross_full	PRAD	SRP119917	SRP212704	-1	16315	16788	16515	932	1691	0.7317596566523605	0.7274678111587983	5734	9262	0.8315312173003139	0.8257760725497035	971	1698	0.7250257466529351	0.7188465499485067	100	100	0.24	0.24	500	500	0.38	0.38	100	100	0.56	0.56	500	500	0.52	0.518	0.9624463519313304	0.8776824034334764	0.8701716738197425	0.924892703862661	1.3923057744204037	1.3939428970482388	0.0011744545858383137	0.7832413401478828	0.804132914762635	0.7980125760460274	0.7993257738277658	ok
cross_full	PRAD	SRP119917	SRP114904	-1	2	16788	2	0	0			0	0			0	0			2	2	1.0	1.0	2	2	1.0	1.0	0	0			0	0														ok
cross_full	PRAD	SRP119917	SRP027258	-1	14277	16788	14504	653	4644	0.7427258805513017	0.6171516079632465	5135	9582	0.6983446932814021	0.49931840311587145	680	4809	0.7602941176470588	0.625	100	100	0.01	0.01	500	500	0.05	0.042	100	100	0.05	0.05	500	500	0.256	0.23	0.7672281776416539	0.8223583460949464	0.666156202143951	0.8672792240939254	2.9221784325249542	1.347022299583266	-1.1693615862402584	0.26477872807226616	0.253384303689104	0.31082018661906846	0.5952230860825103	ok
cross_full	PRAD	SRP212704	SRP114904	-1	2	16515	2	1	0	0.0	0.0	2	0	0.0	0.0	1	0	0.0	0.0	2	2	1.0	1.0	2	2	1.0	1.0	2	0	0.0	0.0	2	0	0.0	0.0												ok
cross_full	PRAD	SRP212704	SRP027258	-1	14188	16515	14504	1052	4574	0.685361216730038	0.47718631178707227	8077	9509	0.6814411291321035	0.4320911229416863	1058	4737	0.719281663516068	0.501890359168242	100	100	0.05	0.05	500	500	0.078	0.068	100	100	0.1	0.1	500	500	0.258	0.208	0.6711026615969582	0.7737642585551331	0.5332699619771863	0.8584706379383186	2.2049124893535943	1.3213056872540934	-0.6687376060083356	0.18017819933120363	0.18023367228011578	0.23232935616343733	0.570482097547223	ok
cross_full	PRAD	SRP212704	SRP002628	-1	15599	16515	15696	1511	34	0.013898080741230973	0.013898080741230973	8918	48	0.004821708903341556	0.004821708903341556	1517	445	0.2010547132498352	0.1984179301252472	100	100	0.06	0.06	500	500	0.142	0.142	100	48	0.04	0.04	500	48	0.016	0.016	0.9497021839841164	0.013898080741230973	0.013898080741230973	0.7948378557246856	0.6605299262406045	1.3601039603656684	0.5143533542369667	0.6192289520920258	0.613588959572299	0.6770692534849351	0.7099814090646837	ok
cross_full	PRAD	SRP212704	SRP148500	-1	16187	16515	16653	1661	265	0.10716435881998795	0.10596026490066225	9216	419	0.037760416666666664	0.037434895833333336	1669	890	0.31875374475733975	0.29898142600359495	100	100	0.08	0.08	500	500	0.15	0.15	100	100	0.22	0.22	500	419	0.166	0.166	0.8597230583985551	0.11739915713425647	0.11619506321493077	0.6628537025888018	0.7357096396328683	1.3627759525790266	0.4601389625047666	0.5615845710482597	0.575405725229026	0.594656155269394	0.6992030641873108	ok
cross_full	LIHC	SRP161530	SRP049592	-1	15632	15823	16728	2859	4016	0.5313046519762155	0.4854844351171738	4815	7769	0.5987538940809969	0.5337487019730011	3451	4168	0.5580991017096494	0.49434946392350043	100	100	0.02	0.02	500	500	0.124	0.124	100	100	0.25	0.25	500	500	0.308	0.292	0.8317593564183281	0.6740118922700244	0.6114025883175935	0.8303602658272122	1.1356121628389335	1.7143775937052883	0.3375950741490197	0.45244052803130713	0.4487885079684135	0.5101270957673657	0.6572415557830092	ok
cross_full	LIHC	SRP161530	SRP102722	-1	15208	15823	15433	2715	60	0.01694290976058932	0.00036832412523020257	4668	66	0.01049700085689803	0.00021422450728363326	3243	954	0.21307431390687634	0.010484119642306507	100	100	0.0	0.0	500	500	0.104	0.0	100	66	0.08	0.0	500	66	0.048	0.0	0.1300184162062615	0.01731123388581952	0.00036832412523020257	0.5340699815837937	0.5563578049960619	1.6885961929175133	0.6705205144192579	-0.5558573733659988	-0.5445392141729518	-0.5851554925963142	0.29681746449237245	ok
cross_full	LIHC	SRP161530	SRP039694	-1	15651	15823	16625	2880	1713	0.42986111111111114	0.42986111111111114	4837	2909	0.4356005788712012	0.435393839156502	3471	2604	0.5620858542206857	0.5548833189282627	100	100	0.07	0.07	500	500	0.296	0.296	100	100	0.37	0.37	500	500	0.498	0.498	0.9583333333333334	0.5190972222222222	0.51875	0.876984126984127	1.15255147366841	1.7187005915939766	0.329405319748277	0.7555894562775034	0.776202743737147	0.7855968924769176	0.7931122611973676	ok
cross_full	LIHC	SRP161530	SRP076032	-1	13281	15823	13305	2160	212	0.075	0.075	4053	379	0.0690846286701209	0.0690846286701209	2484	527	0.14774557165861513	0.14452495974235105	100	100	0.07	0.07	500	500	0.178	0.178	100	100	0.14	0.14	500	379	0.144	0.144	0.8777777777777778	0.10694444444444444	0.10694444444444444	0.5810185185185184	0.5341775302707206	1.5954736929600106	0.6651918908924879	0.537111799318436	0.5409173012736044	0.5681896630263299	0.6891047360891499	ok
cross_full	PRAD	SRP027258	SRP002628	-1	13975	14504	15696	4444	31	0.004500450045004501	0.003825382538253825	9350	45	0.0033155080213903743	0.0028877005347593583	4599	277	0.047619047619047616	0.03674711893889976	100	100	0.04	0.03	500	500	0.074	0.068	100	45	0.02	0.02	500	45	0.016	0.016	0.5981098109810981	0.0054005400540054005	0.004725472547254726	0.4974497449744971	0.31000009285909563	2.0208109585203324	0.8465961936953854	0.17725680937806598	0.1725390549213954	0.2160769922101179	0.5592844364937388	ok
cross_full	PRAD	SRP027258	SRP148500	-1	14245	14504	16653	4629	172	0.026787643119464247	0.01836249729963275	9560	323	0.025	0.016631799163179917	4792	560	0.0899415692821369	0.06448247078464107	100	100	0.0	0.0	500	500	0.094	0.074	100	100	0.04	0.03	500	323	0.08	0.062	0.6113631453877727	0.0367249945992655	0.02462734931950745	0.3821559732123567	0.2946875461464325	2.054443610418313	0.8565608982149526	0.19252204686154367	0.17801988994328294	0.2334272820927444	0.5655317655317655	ok
cross_full	PRAD	SRP002628	TCGA-PRAD	-1	15690	15696	16897	36	1828	0.5	0.5	50	10877	0.7	0.7	456	1828	0.6096491228070176	0.5899122807017544	100	100	0.05	0.05	500	500	0.096	0.096	50	100	0.06	0.06	50	500	0.22	0.22	0.9166666666666666	0.6944444444444444	0.6944444444444444	0.99999999	0.9608319331838442	1.7317142791307405	0.4451556213614246	0.442925608966303	0.42637257221300084	0.5137575835256712	0.6250478011472276	ok
cross_full	PRAD	SRP002628	SRP119917	-1	15687	15696	16788	37	820	0.35135135135135137	0.35135135135135137	51	5542	0.6274509803921569	0.6274509803921569	454	855	0.4911894273127753	0.4889867841409692	100	100	0.09	0.09	500	500	0.138	0.138	51	100	0.09803921568627451	0.09803921568627451	51	500	0.19607843137254902	0.19607843137254902	0.918918918918919	0.6486486486486487	0.6486486486486487	0.93993993993994	0.8882225383269324	1.691042037360555	0.4747483985003087	0.5162637452646147	0.5058180879285031	0.5965238634063346	0.6522598329827245	ok
cross_full	PRAD	SRP002628	SRP148500	-1	15649	15696	16653	35	248	0.05714285714285714	0.05714285714285714	49	402	0.08163265306122448	0.08163265306122448	449	780	0.37639198218262804	0.34743875278396436	100	100	0.04	0.04	500	500	0.088	0.084	49	100	0.04081632653061224	0.04081632653061224	49	402	0.08163265306122448	0.08163265306122448	0.8285714285714286	0.08571428571428572	0.08571428571428572	0.6043956043956044	0.7129901878982393	1.691042037360555	0.5783722863500765	0.5562523061118626	0.5791473506627374	0.5123674096458091	0.7229215924340213	ok
cross_full	PRAD	SRP148500	TCGA-PRAD	-1	16548	16653	16897	278	2158	0.6798561151079137	0.6726618705035972	432	11449	0.8888888888888888	0.8726851851851852	989	2158	0.6390293225480284	0.6198179979777553	100	100	0.04	0.04	500	500	0.104	0.104	100	100	0.1	0.1	432	500	0.16203703703703703	0.1597222222222222	0.9748201438848921	0.9424460431654677	0.9316546762589928	0.9760191846522782	1.3690530275545756	1.5605705601868083	0.12272276404426541	0.5125612429068953	0.4813856289958981	0.5728850560141051	0.6587503021513174	ok
cross_full	PRAD	SRP148500	SRP119917	-1	16456	16653	16788	277	953	0.4223826714801444	0.4187725631768953	431	5765	0.6960556844547564	0.691415313225058	963	1000	0.43198338525441327	0.411214953271028	100	100	0.16	0.16	500	500	0.16	0.158	100	100	0.16	0.16	431	500	0.1740139211136891	0.1716937354988399	0.9530685920577617	0.7075812274368231	0.7003610108303249	0.9458483754512635	0.9362551132126733	1.5590898498479657	0.3994861083189195	0.5877145221927831	0.572389393068098	0.6123560554442297	0.6970102090422946	ok
cross_full	PRAD	SRP148500	SRP118614	-1	16425	16653	17845	275	702	0.4072727272727273	0.4072727272727273	429	5739	0.6433566433566433	0.6317016317016317	976	753	0.29815573770491804	0.29098360655737704	100	100	0.07	0.07	500	500	0.148	0.148	100	100	0.19	0.19	429	500	0.2331002331002331	0.2331002331002331	0.8727272727272727	0.6363636363636364	0.6181818181818182	0.7766233766233767	0.9020378472514105	1.562051270525651	0.42252993594258736	0.5237875640067733	0.5422170142502669	0.5355223158215562	0.6793302891933028	ok
cross_full	LIHC	SRP076032	TCGA-LIHC	-1	13238	13305	16307	209	2005	0.7799043062200957	0.7799043062200957	376	9327	0.9680851063829787	0.9574468085106383	514	2005	0.7042801556420234	0.7003891050583657	100	100	0.08	0.08	500	500	0.188	0.188	100	100	0.13	0.13	376	500	0.22872340425531915	0.22872340425531915	0.9808612440191388	0.9665071770334929	0.9569377990430622	0.99999999	1.6111805787892135	1.3386645076846049	-0.2035730905990485	0.6434228240851257	0.6595681113501158	0.6514287619432046	0.7425592989877625	ok
cross_full	LIHC	SRP076032	SRP068976	-1	13226	13305	16012	208	2583	0.7307692307692307	0.7259615384615384	375	9106	0.928	0.9146666666666666	511	2583	0.6673189823874756	0.6536203522504892	100	100	0.04	0.04	500	500	0.164	0.164	100	100	0.14	0.14	375	500	0.192	0.192	0.9711538461538461	0.9182692307692307	0.8990384615384616	0.99999999	1.6328222182251815	1.3369130455011091	-0.2213376357720842	0.5780952803099243	0.5898702767054492	0.597579422267137	0.7127627400574625	ok
cross_full	LIHC	SRP076032	SRP174991	-1	13227	13305	15733	207	1523	0.5700483091787439	0.5700483091787439	374	6960	0.8262032085561497	0.8181818181818182	510	1531	0.5627450980392157	0.5529411764705883	100	100	0.08	0.08	500	500	0.15	0.15	100	100	0.13	0.13	374	500	0.14705882352941177	0.14705882352941177	0.966183574879227	0.8454106280193237	0.8357487922705314	0.9162640901771336	1.16357337763466	1.3386645076846049	0.13079537781485517	0.437424651541294	0.43122685797720783	0.5139909359021518	0.6363498903757466	ok
cross_full	LIHC	SRP076032	SRP099053	-1	13250	13305	16117	209	2252	0.6746411483253588	0.6698564593301436	376	7391	0.851063829787234	0.8430851063829787	516	2287	0.6453488372093024	0.6298449612403101	100	100	0.07	0.07	500	500	0.164	0.164	100	100	0.14	0.14	376	500	0.17819148936170212	0.17819148936170212	0.9617224880382775	0.84688995215311	0.8373205741626795	0.9641148325358851	1.5113839555859159	1.3386645076846049	-0.12902370004569086	0.5038178916080628	0.4966309542526988	0.5608655325072158	0.6710188679245283	ok
cross_full	LIHC	SRP102722	SRP062885	-1	15353	15433	16024	61	3408	0.6229508196721312	0.01639344262295082	67	7687	0.6865671641791045	0.014925373134328358	987	3537	0.6788247213779128	0.04964539007092199	100	100	0.02	0.0	500	500	0.088	0.0	67	100	0.08955223880597014	0.0	67	500	0.31343283582089554	0.014925373134328358	0.06557377049180328	0.7377049180327869	0.01639344262295082	0.99999999	1.747597336418597	3.103583865243044	0.4369099040661041	-0.42622058604323443	-0.4109190907086822	-0.5141045814254668	0.3500944440825897	ok
cross_full	LIHC	SRP102722	SRP050551	-1	15377	15433	15968	61	2851	0.8032786885245902	0.0	67	6149	0.8656716417910447	0.0	996	3081	0.7399598393574297	0.02610441767068273	100	100	0.04	0.0	500	500	0.132	0.0	67	100	0.14925373134328357	0.0	67	500	0.44776119402985076	0.0	0.01639344262295082	0.9016393442622951	0.0	0.99999999	2.5100160494379047	3.103583865243044	0.19125238484852625	-0.5848011766583276	-0.5901540736405946	-0.6202089223934526	0.2848409962931651	ok
cross_full	LIHC	SRP102722	SRP118972	-1	15386	15433	16010	62	1908	0.46774193548387094	0.0	68	3408	0.5294117647058824	0.0	997	2684	0.6990972918756269	0.031093279839518557	100	100	0.03	0.0	500	500	0.142	0.0	68	100	0.14705882352941177	0.0	68	500	0.35294117647058826	0.0	0.016129032258064516	0.5645161290322581	0.0	0.9283154121863799	1.8096088568977933	3.125986363317226	0.4211078851356609	-0.622237024533128	-0.6271884839704417	-0.6262015071909078	0.26316131548160665	ok
cross_full	LIHC	SRP102722	SRP137150	-1	15011	15433	15802	55	3242	0.7090909090909091	0.03636363636363636	61	4991	0.7213114754098361	0.03278688524590164	914	3814	0.6323851203501094	0.06345733041575492	100	100	0.01	0.0	500	500	0.056	0.0	61	100	0.13114754098360656	0.0	61	500	0.32786885245901637	0.0	0.10909090909090909	0.7090909090909091	0.03636363636363636	0.99999999	1.7314369075637859	3.0017486049074105	0.4231905680798368	-0.38917176500043876	-0.3721852112703218	-0.43895113948149606	0.3729931383651989	ok
cross_full	LIHC	SRP039694	TCGA-LIHC	-1	16147	16625	16307	1784	3384	0.7208520179372198	0.718609865470852	2980	11502	0.9221476510067114	0.9124161073825503	2788	3384	0.6854375896700143	0.6779053084648493	100	100	0.05	0.05	500	500	0.252	0.252	100	100	0.4	0.4	500	500	0.468	0.468	0.975896860986547	0.9445067264573991	0.9366591928251121	0.9887892376681614	1.4936248264971892	1.585341094861767	0.05785270353606453	0.7032989607543599	0.7058361123330259	0.7682001248514809	0.7585929274787886	ok
cross_full	LIHC	SRP039694	SRP068976	-1	15980	16625	16012	1764	3793	0.7828798185941043	0.7806122448979592	2960	10970	0.9172297297297297	0.9138513513513513	2679	3794	0.7487868607689436	0.7409481149682717	100	100	0.04	0.04	500	500	0.3	0.3	100	100	0.36	0.36	500	500	0.542	0.542	0.985827664399093	0.9387755102040817	0.935374149659864	0.9674981103552532	1.6689259349421603	1.5710446778307867	-0.06230329314792171	0.7595845942152774	0.772858288521899	0.8099157997588954	0.7896120150187734	ok
cross_full	LIHC	SRP039694	SRP174991	-1	15714	16625	15733	1734	2393	0.6482122260668973	0.6453287197231834	2930	8253	0.8771331058020477	0.8744027303754266	2586	2413	0.6098221191028615	0.6017014694508894	100	100	0.14	0.14	500	500	0.32	0.32	100	100	0.28	0.28	500	500	0.496	0.496	0.9896193771626297	0.9100346020761245	0.9071510957324106	0.9569396386005382	1.2641769768737494	1.556842922735142	0.18798681715893462	0.7323603252346556	0.7633056755931926	0.7784834087573296	0.7812142038946163	ok
cross_full	LIHC	SRP039694	SRP099053	-1	16049	16625	16117	1778	3421	0.7632170978627671	0.7620922384701913	2974	8956	0.8853396099529254	0.8839946200403497	2725	3491	0.7174311926605504	0.7089908256880734	100	100	0.05	0.05	500	500	0.336	0.336	100	100	0.4	0.4	500	500	0.514	0.514	0.984814398200225	0.9083239595050618	0.906636670416198	0.9625046869141357	1.657834348844932	1.5780133554324824	-0.05058321790348419	0.7245713061805357	0.7596518867946441	0.7874675943052809	0.7763723596485762	ok
cross_full	LIHC	SRP039694	SRP161530	-1	15651	16625	15823	1713	2880	0.7227086981903094	0.7227086981903094	2909	4837	0.7243038844963905	0.7239601237538673	2604	3471	0.749231950844854	0.7396313364055299	100	100	0.07	0.07	500	500	0.296	0.296	100	100	0.37	0.37	500	500	0.498	0.498	0.9836544074722708	0.7915936952714536	0.7915936952714536	0.9532983070636311	1.6496508607828924	1.5509250504635423	-0.06365608079503438	0.7555894562775034	0.776202743737147	0.7855968924769176	0.7931122611973676	ok
cross_full	LIHC	SRP039694	SRP049592	-1	16377	16625	16728	1795	4341	0.5838440111420613	0.5571030640668524	2991	8120	0.6385824139083919	0.5927783350050151	2829	4561	0.6242488511841641	0.5722870272180983	100	100	0.05	0.05	500	500	0.12	0.12	100	100	0.19	0.19	500	500	0.284	0.282	0.8796657381615599	0.7203342618384401	0.6791086350974931	0.8596100278551532	1.284605756856424	1.5860495766581373	0.19005951909578145	0.47526869362831975	0.4633448503006634	0.531929901834986	0.6579349087134396	ok
cross_full	LIHC	SRP039694	SRP102722	-1	15425	16625	15433	1679	62	0.017272185824895772	0.0	2875	68	0.01217391304347826	0.0	2491	1011	0.25411481332798075	0.010839020473705338	100	100	0.03	0.0	500	500	0.108	0.0	100	68	0.06	0.0	500	68	0.038	0.0	0.10839785586658725	0.01786777843954735	0.0	0.5371394537564875	0.5935474623623468	1.537924381292129	0.6140593974694245	-0.5060223975825037	-0.4894910793934973	-0.5505117889267148	0.3225931928687196	ok
cross_full	LIHC	SRP039694	SRP076032	-1	13252	16625	13305	1267	209	0.07892659826361484	0.07813733228097869	2424	376	0.08003300330033003	0.07962046204620463	1752	515	0.15924657534246575	0.1523972602739726	100	100	0.02	0.02	500	500	0.142	0.142	100	100	0.14	0.14	500	376	0.126	0.124	0.8689818468823993	0.11049723756906077	0.10970797158642462	0.5564325177584846	0.5332515408435666	1.4547331540743507	0.6334368682324591	0.3989769447960362	0.4016476746699135	0.47246149348817434	0.6276033806217929	ok
cross_full	PRAD	SRP002628	SRP118614	-1	15624	15696	17845	36	664	0.25	0.25	50	5683	0.42	0.4	445	694	0.2808988764044944	0.2696629213483146	100	100	0.01	0.01	500	500	0.07	0.07	50	100	0.1	0.1	50	500	0.14	0.14	0.7777777777777778	0.4166666666666667	0.4166666666666667	0.415204678362573	0.3201210540012296	1.7317142791307405	0.8151421063745463	0.4283567846963982	0.4385404588614625	0.4713009851545094	0.6337045570916539	ok
cross_full	PRAD	SRP002628	SRP212704	-1	15599	15696	16515	34	1511	0.6176470588235294	0.6176470588235294	48	8918	0.8958333333333334	0.8958333333333334	445	1517	0.6853932584269663	0.6764044943820224	100	100	0.06	0.06	500	500	0.142	0.142	48	100	0.08333333333333333	0.08333333333333333	48	500	0.16666666666666666	0.16666666666666666	0.9411764705882353	0.8823529411764706	0.8823529411764706	0.99999999	1.1719654052537916	1.6809154713871641	0.3027814752120551	0.6192289520920258	0.613588959572299	0.6770692534849351	0.7099814090646837	ok
cross_full	PRAD	SRP002628	SRP114904	-1	2	15696	2	0	0			0	0			0	0			2	2	1.0	1.0	2	2	1.0	1.0	0	0			0	0														ok
cross_full	PRAD	SRP002628	SRP027258	-1	13975	15696	14504	31	4444	0.6451612903225806	0.5483870967741935	45	9350	0.6888888888888889	0.6	277	4599	0.7906137184115524	0.6101083032490975	100	100	0.04	0.03	500	500	0.074	0.068	45	100	0.044444444444444446	0.044444444444444446	45	500	0.17777777777777778	0.17777777777777778	0.7741935483870968	0.7096774193548387	0.6129032258064516	0.8617511520737327	2.021453740690127	1.6388351151603258	-0.23346987258835372	0.17725680937806598	0.1725390549213954	0.21607699221011792	0.5592844364937388	ok
cross_full	LIHC	SRP102722	SRP161530	-1	15208	15433	15823	60	2715	0.7666666666666667	0.016666666666666666	66	4668	0.7424242424242424	0.015151515151515152	954	3243	0.7243186582809225	0.03563941299790356	100	100	0.0	0.0	500	500	0.104	0.0	66	100	0.12121212121212122	0.0	66	500	0.36363636363636365	0.0	0.05	0.7833333333333333	0.016666666666666666	0.9285714285714286	2.3975700015122574	3.0868119755131396	0.22328602437351408	-0.5558573733659988	-0.5445392141729518	-0.5851554925963142	0.29681746449237245	ok
cross_full	LIHC	SRP102722	SRP049592	-1	15397	15433	16728	57	3870	0.5789473684210527	0.10526315789473684	63	7621	0.7142857142857143	0.14285714285714285	992	4007	0.6058467741935484	0.09375	100	100	0.03	0.0	500	500	0.046	0.006	63	100	0.09523809523809523	0.0	63	500	0.23809523809523808	0.015873015873015872	0.17543859649122806	0.7017543859649122	0.14035087719298245	0.99999999	1.3386034454224858	3.0313587353764793	0.558414703677017	-0.324531492107743	-0.31871995613881143	-0.3534927385309374	0.3898161979606417	ok
cross_full	LIHC	SRP102722	SRP039694	-1	15425	15433	16625	62	1679	0.46774193548387094	0.0	68	2875	0.5147058823529411	0.0	1011	2491	0.6261127596439169	0.026706231454005934	100	100	0.03	0.0	500	500	0.108	0.0	68	100	0.08823529411764706	0.0	68	500	0.27941176470588236	0.0	0.06451612903225806	0.532258064516129	0.0	0.99999999	1.3440915926141184	3.125986363317226	0.5700264056213608	-0.5060223975825037	-0.4894910793934973	-0.5505117889267147	0.3225931928687196	ok
cross_full	LIHC	SRP102722	SRP076032	-1	13214	15433	13305	35	203	0.2857142857142857	0.02857142857142857	41	370	0.24390243902439024	0.024390243902439025	562	506	0.2277580071174377	0.026690391459074734	100	100	0.14	0.01	500	500	0.136	0.012	41	100	0.21951219512195122	0.024390243902439025	41	370	0.24390243902439024	0.024390243902439025	0.08571428571428572	0.2857142857142857	0.02857142857142857	0.8095238095238095	0.915997300204094	2.333466009028399	0.6074520491577702	-0.395878268904597	-0.37689157582158156	-0.39984680270659795	0.3582563947328591	ok
cross_full	LIHC	SRP049592	SRP161530	-1	15632	16728	15823	4016	2859	0.3782370517928287	0.3456175298804781	7769	4815	0.37109023040288325	0.3308019050070794	4168	3451	0.46209213051823417	0.40930902111324374	100	100	0.02	0.02	500	500	0.124	0.124	100	100	0.25	0.25	500	500	0.308	0.292	0.7818725099601593	0.44322709163346613	0.40413346613545814	0.6559217674755524	0.9040549307843151	1.6786706442348507	0.4614459162140234	0.45244052803130713	0.4487885079684135	0.5101270957673657	0.6572415557830092	ok
cross_full	LIHC	SRP049592	SRP102722	-1	15397	16728	15433	3870	57	0.008527131782945736	0.0015503875968992248	7621	63	0.005904736911166514	0.0011809473822333026	4007	992	0.14998752183678563	0.02320938357873721	100	100	0.03	0.0	500	500	0.046	0.006	100	63	0.06	0.0	500	63	0.03	0.002	0.3	0.00904392764857881	0.0015503875968992248	0.30555555555555536	0.42347212291645064	1.6564092561302166	0.7443433008181887	-0.324531492107743	-0.31871995613881143	-0.3534927385309374	0.3898161979606417	ok
cross_full	LIHC	SRP049592	SRP039694	-1	16377	16728	16625	4341	1795	0.2414190278737618	0.230361667818475	8120	2991	0.23522167487684728	0.2183497536945813	4561	2829	0.3871957903968428	0.3549660162245122	100	100	0.05	0.05	500	500	0.12	0.12	100	100	0.19	0.19	500	500	0.284	0.282	0.8002764340013822	0.28265376641326884	0.2697535130154342	0.6129923980649619	0.7453015335490124	1.711850769394315	0.5646223684482065	0.47526869362831975	0.4633448503006634	0.531929901834986	0.6579349087134396	ok
cross_full	LIHC	SRP049592	SRP076032	-1	13258	16728	13305	2986	208	0.0391828533154722	0.0361687876758205	6512	375	0.03792997542997543	0.03501228501228501	3061	516	0.10552107154524665	0.09180006533812479	100	100	0.05	0.05	500	500	0.108	0.108	100	100	0.09	0.08	500	375	0.092	0.086	0.7555257870060281	0.056932350971198926	0.05291359678499665	0.43128539243743536	0.41166827409225776	1.598053443658924	0.7423939257314844	0.3654825960129412	0.36829278365941037	0.38964409926734284	0.6239251772514708	ok
cross_full	LIHC	SRP076032	SRP062885	-1	13233	13305	16024	207	2536	0.6811594202898551	0.6570048309178744	374	6601	0.7540106951871658	0.732620320855615	510	2598	0.6588235294117647	0.6019607843137255	100	100	0.03	0.03	500	500	0.124	0.124	100	100	0.07	0.07	374	500	0.13636363636363635	0.13636363636363635	0.9371980676328503	0.7922705314009661	0.7632850241545893	0.9677938808373591	1.4691316827524488	1.3351615833176136	-0.10033998963776791	0.42196161993256115	0.43291214686986346	0.4608234655788975	0.6424091286934179	ok
cross_full	LIHC	SRP076032	SRP050551	-1	13231	13305	15968	207	2110	0.7053140096618358	0.7053140096618358	374	5253	0.7914438502673797	0.786096256684492	511	2240	0.6771037181996086	0.6516634050880626	100	100	0.1	0.1	500	500	0.218	0.218	100	100	0.13	0.13	374	500	0.19786096256684493	0.19786096256684493	0.9516908212560387	0.7971014492753623	0.7874396135265701	0.99999999	1.6260108445975177	1.3351615833176136	-0.21783824887861214	0.5396727681142588	0.5541675522209354	0.5810851667105603	0.6960925100143602	ok
cross_full	LIHC	SRP076032	SRP118972	-1	13235	13305	16010	207	1390	0.45410628019323673	0.4492753623188406	374	2843	0.45187165775401067	0.44919786096256686	512	1853	0.572265625	0.53515625	100	100	0.04	0.04	500	500	0.124	0.124	100	100	0.07	0.07	374	500	0.12566844919786097	0.12566844919786097	0.9178743961352657	0.5024154589371981	0.4975845410628019	0.99999999	1.1822648346294422	1.3351615833176136	0.11451553924151492	0.49985193437356557	0.5107213149875434	0.4907412638405055	0.6917264828107291	ok
cross_full	LIHC	SRP076032	SRP137150	-1	13261	13305	15802	212	2808	0.6179245283018868	0.6132075471698113	379	4544	0.5277044854881267	0.5118733509234829	523	3134	0.6481835564053537	0.5831739961759083	100	100	0.03	0.03	500	500	0.09	0.09	100	100	0.1	0.1	379	500	0.14511873350923482	0.1424802110817942	0.9150943396226415	0.6415094339622641	0.6320754716981132	0.9056603773584906	1.4481381009654928	1.3426292688496768	-0.07858374203789897	0.18988739953363967	0.1759551368637719	0.31880628904831454	0.5479978885453586	ok
cross_full	UCEC	TCGA-UCEC	SRP040442	-1	14983	16903	15016	4002	366	0.07471264367816093	0.07396301849075462	10786	1170	0.09753384016317448	0.09697756350825144	4004	781	0.15834165834165834	0.15234765234765235	100	100	0.0	0.0	500	500	0.09	0.09	100	100	0.2	0.19	500	500	0.168	0.166	0.9177911044477761	0.14792603698150925	0.14717641179410296	0.750838866281145	0.5534013073226195	1.6084985449576505	0.655951627026688	0.7401131586860995	0.7414887720148299	0.7141706481227038	0.7847560568644464	ok
cross_full	UCEC	SRP040442	TCGA-UCEC	-1	14983	15016	16903	366	4002	0.8169398907103825	0.8087431693989071	1170	10786	0.8991452991452992	0.8940170940170941	781	4004	0.8117797695262484	0.7810499359795134	100	100	0.0	0.0	500	500	0.09	0.09	100	100	0.2	0.19	500	500	0.168	0.166	0.9726775956284153	0.9207650273224044	0.907103825136612	0.9751614505712867	2.0738033534795144	1.3128099015723653	-0.5796676662749876	0.7401131586860995	0.7414887720148299	0.7141706481227038	0.7847560568644464	ok
cross_full	LIHC	SRP137150	SRP062885	-1	15268	15802	16024	3301	3431	0.46561647985458954	0.4534989397152378	5051	7695	0.6323500296970896	0.6026529400118789	3947	3558	0.48872561439067647	0.4674436280719534	100	100	0.17	0.17	500	500	0.256	0.256	100	100	0.33	0.32	500	500	0.456	0.454	0.8966979703120267	0.6922144804604665	0.6716146622235686	0.8442030553511922	0.9370411211854761	1.5203374022016056	0.3836623897902244	0.5741250429563274	0.5726454888536592	0.646668716089078	0.7147629028032486	ok
cross_full	LIHC	SRP137150	SRP050551	-1	15265	15802	15968	3302	2843	0.4033918837068443	0.3924894003634161	5052	6130	0.5342438638163104	0.5154394299287411	3939	3079	0.4369129220614369	0.411018024879411	100	100	0.1	0.1	500	500	0.256	0.256	100	100	0.37	0.37	500	500	0.432	0.43	0.8806783767413688	0.5996365838885523	0.5829800121138704	0.8031496062992125	0.8195032593737933	1.5207249844534907	0.46111014959861285	0.543941116533973	0.5557951729387175	0.6045782091690575	0.6968883065836882	ok
cross_full	LIHC	SRP137150	SRP118972	-1	15273	15802	16010	3299	1918	0.2858441952106699	0.2803879963625341	5049	3417	0.3319469201822143	0.3242226183402654	3940	2677	0.38096446700507614	0.3619289340101523	100	100	0.12	0.12	500	500	0.244	0.244	100	100	0.17	0.17	500	500	0.384	0.378	0.8684449833282814	0.37950894210366776	0.3722340103061534	0.7347681115489542	0.733994311617335	1.5193789798329318	0.5169116320813891	0.5242707649975289	0.5192840250506284	0.5798623286555195	0.685588947816408	ok
cross_full	LIHC	SRP137150	SRP161530	-1	15176	15802	15823	3300	2773	0.43666666666666665	0.43212121212121213	5050	4731	0.4863366336633663	0.4784158415841584	3914	3282	0.4874808380173735	0.47112927950945327	100	100	0.22	0.22	500	500	0.354	0.354	100	100	0.36	0.36	500	500	0.498	0.494	0.9166666666666666	0.5745454545454546	0.5666666666666667	0.8227272727272728	0.9602846542371659	1.5193747671932143	0.36797380411211644	0.6072294754759225	0.6188660714060512	0.6714935762168257	0.7233790195044808	ok
cross_full	LIHC	SRP062885	SRP050551	-1	15730	16024	15968	3603	2989	0.5126283652511796	0.5054121565362198	7896	6288	0.537613981762918	0.5243161094224924	3759	3251	0.5458898643256185	0.5304602287842511	100	100	0.19	0.19	500	500	0.334	0.334	100	100	0.44	0.44	500	500	0.508	0.506	0.9020260893699694	0.649458784346378	0.6364140993616431	0.8345822925339994	1.0971467002133932	1.5700269917008414	0.3011924597392861	0.668256076017531	0.6850772947490311	0.7286494696806031	0.7563890654799745	ok
cross_full	LIHC	SRP062885	SRP118972	-1	15741	16024	16010	3594	2003	0.380912632164719	0.3770172509738453	7884	3503	0.33396752917300865	0.33092338914256725	3749	2858	0.521205654841291	0.507868765004001	100	100	0.43	0.43	500	500	0.402	0.402	100	100	0.39	0.39	500	500	0.582	0.574	0.9159710628825821	0.44741235392320533	0.44351697273233165	0.771841958820256	1.042105818897114	1.567892556148355	0.33534615314640903	0.6638426550765409	0.6714294437983167	0.7528170627116798	0.7453783114160473	ok
cross_full	LIHC	SRP062885	SRP137150	-1	15268	16024	15802	3431	3301	0.4479743515010201	0.4363159428737977	7695	5051	0.41507472384665367	0.39558154645873944	3558	3947	0.5421585160202361	0.5185497470489039	100	100	0.17	0.17	500	500	0.256	0.256	100	100	0.33	0.32	500	500	0.456	0.454	0.8787525502768873	0.49810550859807634	0.48528125910813175	0.7714951909064411	1.0932537160684168	1.5578003378403016	0.2982067794489771	0.5741250429563274	0.5726454888536592	0.6466687160890782	0.7147629028032486	ok
cross_full	LIHC	SRP062885	SRP161530	-1	15459	16024	15823	3468	2813	0.5513264129181085	0.5467128027681661	7741	4769	0.47849115101408085	0.4751324118330965	3609	3371	0.6212247159878083	0.6118038237738986	100	100	0.36	0.36	500	500	0.456	0.456	100	100	0.53	0.53	500	500	0.62	0.62	0.9400230680507498	0.6329296424452133	0.628316032295271	0.8359605280020505	1.272444431547064	1.557720672053756	0.18313696776622557	0.7386168344946158	0.7591378590059052	0.7969706281015124	0.7863380555016495	ok
cross_full	LIHC	SRP118972	TCGA-LIHC	-1	15849	16010	16307	2019	3197	0.6924219910846954	0.6854878652798415	3519	11266	0.9312304631997727	0.9221369707303211	2911	3197	0.664720027481965	0.6502919958777053	100	100	0.53	0.53	500	500	0.482	0.482	100	100	0.48	0.48	500	500	0.614	0.614	0.9653293709757306	0.9276869737493809	0.9167904903417533	0.9639785672475123	1.427183618468954	1.6858481346201846	0.15343286909381482	0.737572350415142	0.7660354563225458	0.794245669522948	0.7947504574421099	ok
cross_full	LIHC	SRP118972	SRP068976	-1	15777	16010	16012	2003	3704	0.7723414877683474	0.7663504742885672	3503	10844	0.937482158150157	0.9334855837853269	2863	3704	0.7397834439399231	0.7286063569682152	100	100	0.51	0.51	500	500	0.484	0.484	100	100	0.46	0.46	500	500	0.612	0.61	0.9755366949575637	0.9340988517224164	0.927608587119321	0.9623641460885595	1.60485342763266	1.6667443489880296	0.03713282207493118	0.8029041555709051	0.8254603417791438	0.8292430344024512	0.8220193953223046	ok
cross_full	LIHC	SRP118972	SRP174991	-1	15643	16010	15733	1984	2366	0.532258064516129	0.5272177419354839	3484	8222	0.7152698048220436	0.7075200918484501	2809	2385	0.5315058739765041	0.5147739409042363	100	100	0.23	0.23	500	500	0.372	0.372	100	100	0.36	0.36	500	500	0.584	0.584	0.9420362903225806	0.8034274193548387	0.7938508064516129	0.8983534946236559	1.080990865063959	1.6569516225196335	0.3476026394662285	0.6062604481181209	0.6172113230389956	0.7186958071347429	0.7125870996611903	ok
cross_full	LIHC	SRP118972	SRP099053	-1	15820	16010	16117	2012	3303	0.6515904572564613	0.6446322067594433	3512	8828	0.7773348519362187	0.768507972665148	2890	3365	0.6397923875432526	0.6211072664359861	100	100	0.5	0.5	500	500	0.416	0.416	100	100	0.45	0.45	500	500	0.572	0.572	0.9388667992047713	0.8325049701789264	0.8225646123260437	0.8989396951623592	1.3609844420612007	1.6766931573362611	0.18829248147980893	0.6302393304938595	0.6505429382712458	0.7413087878591406	0.7311630847029077	ok
cross_full	LIHC	SRP137150	SRP049592	-1	15464	15802	16728	3330	3949	0.3831831831831832	0.32972972972972975	5080	7695	0.5338582677165354	0.43681102362204727	4022	4112	0.4196916956737941	0.3416210840377921	100	100	0.05	0.05	500	500	0.122	0.12	100	100	0.23	0.22	500	500	0.24	0.232	0.7546546546546546	0.5816816816816817	0.4945945945945946	0.7489489489489489	0.7540913794989166	1.523850127458684	0.5051407182958928	0.3276942706090666	0.32804286672393373	0.3632941734302427	0.6127133988618727	ok
cross_full	LIHC	SRP137150	SRP102722	-1	15011	15802	15433	3242	55	0.012029611351017891	0.0006169031462060457	4991	61	0.008815868563414146	0.0004007212983370066	3814	914	0.1515469323544835	0.015207131620346093	100	100	0.01	0.0	500	500	0.056	0.0	100	61	0.08	0.0	500	61	0.04	0.0	0.22486119679210365	0.012646514497223937	0.0006169031462060457	0.33110073147087316	0.3978984213987483	1.5090597181023502	0.7363269215753055	-0.38917176500043876	-0.3721852112703218	-0.4389511394814961	0.3729931383651989	ok
cross_full	LIHC	SRP137150	SRP039694	-1	15457	15802	16625	3336	1688	0.28627098321342925	0.28117505995203834	5086	2884	0.33149823043649235	0.32579630357845063	4029	2541	0.3899230578307272	0.3688260114172251	100	100	0.13	0.13	500	500	0.204	0.204	100	100	0.34	0.33	500	500	0.396	0.392	0.9058752997601919	0.3965827338129496	0.3893884892086331	0.7550531003768413	0.7954758969333238	1.5255201454401535	0.4785543151881435	0.5989334197865015	0.6161509599146772	0.6210130994482778	0.7297664488581226	ok
cross_full	LIHC	SRP137150	SRP076032	-1	13261	15802	13305	2808	212	0.04665242165242165	0.046296296296296294	4544	379	0.04401408450704225	0.042693661971830985	3134	523	0.10816847479259732	0.097319719208679	100	100	0.03	0.03	500	500	0.09	0.09	100	100	0.1	0.1	500	379	0.11	0.108	0.655982905982906	0.06125356125356125	0.06018518518518518	0.3892450142450141	0.33864695423567137	1.4517572081090548	0.7667330650441431	0.18988739953363967	0.1759551368637719	0.3188062890483145	0.5479978885453586	ok
cross_full	LIHC	SRP050551	TCGA-LIHC	-1	15843	15968	16307	3043	3204	0.6805783766020375	0.6772921459086428	6343	11267	0.8910610121393663	0.8710389405644017	3325	3204	0.6676691729323309	0.6631578947368421	100	100	0.25	0.25	500	500	0.396	0.396	100	100	0.53	0.53	500	500	0.598	0.598	0.9671376930660532	0.9181728557344726	0.9069996713769306	0.9723956621754847	1.3398796268640456	1.6135474801875773	0.16960632189870073	0.7857542944945518	0.7969538309144476	0.8363052633553659	0.8102632077258095	ok
cross_full	LIHC	SRP050551	SRP068976	-1	15773	15968	16012	2999	3705	0.7802600866955652	0.7802600866955652	6298	10846	0.9152111781517942	0.9125119085423944	3274	3705	0.7620647525962125	0.7605375687232743	100	100	0.28	0.28	500	500	0.462	0.462	100	100	0.51	0.51	500	500	0.612	0.612	0.9823274424808269	0.93297765921974	0.9309769923307769	0.9744359230854729	1.549628698143274	1.599121489707999	0.03094998840504759	0.8475523581164977	0.8684265482514751	0.8767383363757202	0.8454954669371711	ok
cross_full	LIHC	SRP050551	SRP174991	-1	15622	15968	15733	2944	2356	0.5699728260869565	0.5675951086956522	6242	8209	0.7412688240948414	0.7359820570330022	3197	2375	0.5636534250860181	0.5598999061620269	100	100	0.19	0.19	500	500	0.418	0.418	100	100	0.46	0.46	500	500	0.582	0.582	0.9728260869565217	0.8485054347826086	0.8444293478260869	0.9377264492753623	1.1222955802741097	1.5894885045498799	0.29392658263236227	0.7553137955771535	0.7634276740180536	0.824377262191377	0.7780693893227499	ok
cross_full	LIHC	SRP050551	SRP099053	-1	15794	15968	16117	2994	3310	0.6840347361389446	0.6826987307949232	6293	8829	0.7780073097092007	0.7705386937867472	3268	3372	0.6814565483476133	0.6762545899632803	100	100	0.24	0.24	500	500	0.428	0.428	100	100	0.43	0.43	500	500	0.604	0.604	0.9655978623914495	0.8480293921175684	0.8440213760855043	0.9309730572255622	1.4095204723332064	1.599595919328825	0.11882716422243211	0.7537758652035195	0.7676044479711961	0.8238367230542784	0.7870077244523237	ok
cross_full	PRAD	SRP118614	SRP148500	-1	16425	17845	16653	702	275	0.15954415954415954	0.15954415954415954	5739	429	0.04809200209095661	0.047220770169018995	753	976	0.38645418326693226	0.37715803452855245	100	100	0.07	0.07	500	500	0.148	0.148	100	100	0.19	0.19	500	429	0.2	0.2	0.9373219373219374	0.17094017094017094	0.17094017094017094	0.7883597883597883	0.826052411953599	1.2437734749959224	0.33584979213654065	0.5237875640067733	0.5422170142502669	0.5355223158215562	0.6793302891933028	ok
cross_full	PRAD	SRP212704	TCGA-PRAD	-1	16292	16515	16897	1697	2043	0.657631113730112	0.6476134354743666	9267	11266	0.7896838243228661	0.7488939246789684	1705	2043	0.6557184750733138	0.6451612903225806	100	100	0.07	0.07	500	500	0.184	0.184	100	100	0.32	0.32	500	500	0.42	0.414	0.9493223335297584	0.8980553918680023	0.8744843842074249	0.954541628083172	1.2485994388167663	1.3701016253050582	0.08868114907990055	0.7185301369182109	0.7355961811678533	0.7199704666697204	0.7728332924134544	ok
cross_full	PRAD	SRP212704	SRP119917	-1	16315	16515	16788	1691	932	0.4033116499112951	0.40094618568894147	9262	5734	0.5147916216799827	0.5112286763118117	1698	971	0.41460541813898705	0.4110718492343934	100	100	0.24	0.24	500	500	0.38	0.38	100	100	0.56	0.56	500	500	0.52	0.518	0.960969840331165	0.6877587226493199	0.6848018923713779	0.9036918138041733	0.8988377500800532	1.3703430163553276	0.34407827868479746	0.7832413401478828	0.804132914762635	0.7980125760460274	0.7993257738277658	ok
cross_full	PRAD	SRP212704	SRP118614	-1	16345	16515	17845	1706	707	0.28194607268464245	0.27432590855803046	9279	5746	0.46750727449078566	0.45565254876603084	1714	750	0.29638273045507585	0.28763127187864646	100	100	0.11	0.11	500	500	0.212	0.212	100	100	0.27	0.27	500	500	0.37	0.36	0.8405627198124267	0.5175849941383353	0.5023446658851114	0.7015059969338984	0.7137254352783536	1.3690952569933055	0.4786882566186236	0.630378313210357	0.6773965308608227	0.6418616707987703	0.7413888039155705	ok
cross_full	LIHC	SRP050551	SRP062885	-1	15730	15968	16024	2989	3603	0.617932418869187	0.6092338574774172	6288	7896	0.6750954198473282	0.6583969465648855	3251	3759	0.6311904029529376	0.613349738541987	100	100	0.19	0.19	500	500	0.334	0.334	100	100	0.44	0.44	500	500	0.508	0.506	0.9200401472064236	0.7413850786216126	0.7303445968551355	0.8621612579458013	1.3136533902744427	1.599121489707999	0.17851557950464603	0.668256076017531	0.6850772947490311	0.7286494696806031	0.7563890654799745	ok
cross_full	LIHC	SRP050551	SRP118972	-1	15767	15968	16010	3001	2017	0.44951682772409196	0.4465178273908697	6299	3517	0.41308144149865056	0.4116526432767106	3279	2881	0.5818847209515096	0.5678560536749009	100	100	0.17	0.17	500	500	0.382	0.382	100	100	0.36	0.36	500	500	0.482	0.478	0.9446851049650117	0.49850049983338884	0.4955014995001666	0.8350549816727757	1.1599128757556183	1.6054650370838761	0.2775221826926526	0.7413495601646324	0.7675390652456987	0.7562354226923698	0.7917168770216274	ok
cross_full	LIHC	SRP050551	SRP137150	-1	15265	15968	15802	2843	3302	0.46851916989096026	0.455856489623637	6130	5052	0.4402936378466558	0.42479608482871123	3079	3939	0.5589477102955505	0.52582007145177	100	100	0.1	0.1	500	500	0.256	0.256	100	100	0.37	0.37	500	500	0.432	0.43	0.8758353851565248	0.5114315863524446	0.49806542384804786	0.7889553288779458	1.1491756908598627	1.5928209384346135	0.2785280108200704	0.543941116533973	0.5557951729387175	0.6045782091690575	0.6968883065836882	ok
cross_full	LIHC	SRP050551	SRP161530	-1	15488	15968	15823	2931	2835	0.6287956328897987	0.6267485499829409	6226	4789	0.558303886925795	0.5565371024734982	3171	3408	0.7038789025543992	0.6944181646168401	100	100	0.2	0.2	500	500	0.426	0.426	100	100	0.46	0.46	500	500	0.58	0.58	0.9604230638007506	0.6885022176731491	0.6864551347662914	0.8942340498123508	1.4537187785598813	1.5953272365709061	0.08876452101163068	0.7751414973736104	0.7973868436486788	0.8151147033446603	0.8078512396694215	ok
cross_full	LIHC	SRP161530	SRP062885	-1	15459	15823	16024	2813	3468	0.679701386420192	0.6740135087095628	4769	7741	0.7766827427133571	0.7712308660096456	3371	3609	0.6650845446455058	0.6549985167606052	100	100	0.36	0.36	500	500	0.456	0.456	100	100	0.53	0.53	500	500	0.62	0.62	0.9648062566654817	0.8162104514752933	0.8098115890508354	0.922680412371134	1.418352407221785	1.7062347353810376	0.16872375306259513	0.7386168344946158	0.7591378590059052	0.7969706281015124	0.7863380555016495	ok
cross_full	LIHC	SRP161530	SRP050551	-1	15488	15823	15968	2835	2931	0.6500881834215168	0.6479717813051147	4789	6226	0.7258300271455419	0.7235330966798914	3408	3171	0.6549295774647887	0.6461267605633803	100	100	0.2	0.2	500	500	0.426	0.426	100	100	0.46	0.46	500	500	0.58	0.58	0.9633156966490299	0.780952380952381	0.7777777777777778	0.928042328042328	1.343297601571635	1.713934212295969	0.21624902990169792	0.7751414973736104	0.7973868436486788	0.8151147033446603	0.8078512396694215	ok
cross_full	LIHC	SRP161530	SRP118972	-1	15494	15823	16010	2826	1960	0.45293701344656756	0.4508138711960368	4782	3459	0.45399414470932664	0.4523212045169385	3400	2768	0.5576470588235294	0.5452941176470588	100	100	0.35	0.35	500	500	0.412	0.412	100	100	0.4	0.4	500	500	0.572	0.572	0.9455060155697098	0.5169851380042463	0.5148619957537155	0.8281265797189363	1.1450525558031805	1.709336108057257	0.33011854695763254	0.7129906132057615	0.7322045641134578	0.7616939743904576	0.7785594423647864	ok
cross_full	LIHC	SRP161530	SRP137150	-1	15176	15823	15802	2773	3300	0.5196538045438154	0.5142445005409304	4731	5050	0.5191291481716339	0.5106742760515747	3282	3914	0.5813528336380256	0.5618525289457648	100	100	0.22	0.22	500	500	0.354	0.354	100	100	0.36	0.36	500	500	0.498	0.494	0.9177785791561486	0.568698160836639	0.561846375766318	0.8329126096886645	1.2516734990436202	1.7014306857770416	0.264340587302866	0.6072294754759225	0.6188660714060512	0.6714935762168257	0.7233790195044808	ok
cross_full	STAD	TCGA-STAD	SRP172499	-1	17065	17534	17152	3414	2180	0.3670181605155243	0.3186877562975981	10972	11159	0.6934925264309151	0.5746445497630331	3423	2181	0.3672217353198948	0.31814198071866784	100	100	0.24	0.24	500	500	0.212	0.212	100	100	0.33	0.32	500	500	0.374	0.334	0.7539543057996485	0.7521968365553603	0.6195079086115993	0.8520796719390744	0.7537742358403743	1.5866565175006393	0.5249291654959148	0.476159225360906	0.5332548315831832	0.48511771342066906	0.6861412247289774	ok
cross_full	STAD	TCGA-STAD	SRP133891	-1	16771	17534	16820	3289	2355	0.4572818485861964	0.432350258437215	10798	9501	0.6265049083163549	0.5614928690498241	3297	2393	0.46527145890203214	0.4385805277525023	100	100	0.33	0.33	500	500	0.412	0.412	100	100	0.41	0.41	500	500	0.478	0.456	0.8355123137731834	0.7017330495591365	0.6424445120097294	0.8198540589844937	0.9337806714168292	1.574409230155366	0.4069009165268411	0.5854864109665884	0.6113645533887857	0.6401901837147819	0.7150438256514221	ok
cross_full	STAD	SRP172499	TCGA-STAD	-1	17065	17152	17534	2180	3414	0.5747706422018348	0.4990825688073395	11159	10972	0.6818711354063984	0.5650147862711713	2181	3423	0.5763411279229711	0.49931224209078406	100	100	0.24	0.24	500	500	0.212	0.212	100	100	0.33	0.32	500	500	0.374	0.334	0.8	0.7545871559633027	0.6559633027522935	0.8458715596330275	1.2067956217538658	1.5345797291431635	0.21359861671854408	0.476159225360906	0.5332548315831832	0.48511771342066906	0.6861412247289774	ok
cross_full	STAD	SRP172499	SRP133891	-1	16768	17152	16820	2089	2362	0.6337960746768789	0.6127333652465294	10979	9504	0.6366700063758084	0.6062482921941889	2090	2399	0.6454545454545455	0.622488038277512	100	100	0.3	0.3	500	500	0.348	0.348	100	100	0.46	0.46	500	500	0.552	0.544	0.9143130684538057	0.7836285303973193	0.7596936333173767	0.8946864528482528	1.2482424240576486	1.5361714844859602	0.18743288971065597	0.6850582575575772	0.7153328367859809	0.73218722506753	0.7538167938931297	ok
cross_full	LIHC	SRP039694	SRP062885	-1	15960	16625	16024	1755	3676	0.7264957264957265	0.7253561253561254	2951	7972	0.8105726872246696	0.8075228736021688	2681	3846	0.7030958597538232	0.6892950391644909	100	100	0.06	0.06	500	500	0.25	0.25	100	100	0.38	0.38	500	500	0.464	0.464	0.9715099715099715	0.8381766381766381	0.8358974358974359	0.9344729344729344	1.5355584597324816	1.5687142208929112	0.021135628605162604	0.7130493356153694	0.726510210419847	0.7489730540309304	0.7733082706766917	ok
cross_full	LIHC	SRP039694	SRP050551	-1	15923	16625	15968	1771	3068	0.7639751552795031	0.7634105025409373	2967	6368	0.8179979777553084	0.8176609369733738	2704	3359	0.7448224852071006	0.7385355029585798	100	100	0.09	0.09	500	500	0.27	0.27	100	100	0.35	0.35	500	500	0.506	0.506	0.9887069452286844	0.8684359119141728	0.867871259175607	0.9717673630717109	1.6062554108238618	1.578209175432166	-0.01777092405004921	0.7844054276496769	0.7925517658661986	0.8141856077514399	0.8035546065439929	ok
cross_full	LIHC	SRP039694	SRP118972	-1	15962	16625	16010	1769	2046	0.5132843414358395	0.5121537591859808	2965	3546	0.5072512647554807	0.5065767284991568	2701	2970	0.6382821177341725	0.6249537208441318	100	100	0.04	0.04	500	500	0.238	0.238	100	100	0.22	0.22	500	500	0.456	0.456	0.971735443753533	0.5771622385528548	0.576031656302996	0.8824194460146976	1.2819486593173326	1.5760564461962916	0.18660993239726198	0.713100296494849	0.7159600525996623	0.7456596179713137	0.7652549805788749	ok
cross_full	LIHC	SRP039694	SRP137150	-1	15457	16625	15802	1688	3336	0.5657582938388626	0.5556872037914692	2884	5086	0.5846047156726768	0.5745492371705964	2541	4029	0.6182605273514364	0.5848091302636758	100	100	0.13	0.13	500	500	0.204	0.204	100	100	0.34	0.33	500	500	0.396	0.392	0.9105450236966824	0.6149289099526066	0.6042654028436019	0.8459715639810426	1.304426759376656	1.5488457183159792	0.15780716959018593	0.5989334197865015	0.6161509599146772	0.6210130994482779	0.7297664488581226	ok
cross_full	LIHC	SRP137150	TCGA-LIHC	-1	15365	15802	16307	3306	3015	0.3868723532970357	0.3684210526315789	5056	10946	0.7670094936708861	0.662381329113924	3977	3015	0.4028161931103847	0.375157153633392	100	100	0.11	0.11	500	500	0.192	0.192	100	100	0.33	0.32	500	500	0.378	0.374	0.8460375075620085	0.7918935269207501	0.721113127646703	0.8850574712643677	0.7302983571975294	1.5207249844534907	0.5197696068234324	0.45281769683946904	0.44131817303724646	0.5459768613263665	0.6634559062805077	ok
cross_full	LIHC	SRP137150	SRP068976	-1	15284	15802	16012	3298	3504	0.44542146755609463	0.4263189812007277	5048	10542	0.7624801901743264	0.6875990491283677	3943	3504	0.4542226730915547	0.4275932031448136	100	100	0.13	0.13	500	500	0.238	0.238	100	100	0.39	0.38	500	500	0.446	0.444	0.873862947240752	0.7941176470588235	0.7386294724075197	0.9151000606428138	0.8719245944210974	1.5197119035832893	0.4262566527476629	0.5114583006416199	0.521071216721855	0.5953198229644171	0.6813007066213034	ok
cross_full	LIHC	SRP137150	SRP174991	-1	15169	15802	15733	3274	2210	0.33781307269395233	0.3259010384850336	5024	8003	0.6614251592356688	0.6311703821656051	3895	2225	0.3478818998716303	0.3283697047496791	100	100	0.17	0.17	500	500	0.254	0.254	100	100	0.26	0.26	500	500	0.422	0.42	0.870494807574832	0.7073915699450214	0.6753207086133171	0.8533903481979229	0.6925266733828568	1.5149119246687563	0.5428601081648483	0.5467935798054392	0.5861830151272415	0.5972821381652824	0.7096051156964862	ok
cross_full	LIHC	SRP137150	SRP099053	-1	15316	15802	16117	3307	3131	0.3964318113093438	0.38070758996068943	5057	8599	0.6501878584140794	0.6005536879572869	3958	3187	0.41687721071248107	0.38832743810005055	100	100	0.13	0.13	500	500	0.234	0.234	100	100	0.37	0.37	500	500	0.438	0.436	0.850922286059873	0.6918657393407922	0.6516480193528879	0.8177027085403257	0.7808197836273323	1.5219218301037756	0.48695145297042597	0.48561189769429003	0.5161775194407225	0.5758512893694181	0.6813136589187777	ok
cross_full	STAD	SRP133891	TCGA-STAD	-1	16771	16820	17534	2355	3289	0.6386411889596603	0.6038216560509554	9501	10798	0.7120303125986738	0.6381433533312283	2393	3297	0.6410363560384454	0.6042624320936063	100	100	0.33	0.33	500	500	0.412	0.412	100	100	0.41	0.41	500	500	0.478	0.456	0.8942675159235669	0.8424628450106157	0.7910828025477707	0.8954760738200228	1.357204806911413	1.4434771019871195	0.05976699939122154	0.5854864109665884	0.6113645533887857	0.6401901837147819	0.7150438256514221	ok
cross_full	STAD	SRP133891	SRP172499	-1	16768	16820	17152	2362	2089	0.5605419136325148	0.541913632514818	9504	10979	0.735479797979798	0.7003367003367004	2399	2090	0.5623176323468112	0.5423092955398082	100	100	0.3	0.3	500	500	0.348	0.348	100	100	0.46	0.46	500	500	0.552	0.544	0.9284504657070279	0.8895004233700254	0.8569009314140559	0.9491955969517358	1.1145134556619058	1.4437504318109466	0.2280428589974982	0.6850582575575772	0.7153328367859809	0.73218722506753	0.7538167938931297	ok
cross_full	THCA	TCGA-THCA	ERP012979	-1	16137	16747	16146	2262	1729	0.6480990274093722	0.6480990274093722	11896	10018	0.6883826496301277	0.6550941492938803	2262	1729	0.6480990274093722	0.6480990274093722	100	100	0.55	0.55	500	500	0.592	0.592	100	100	0.69	0.69	500	500	0.77	0.77	0.9920424403183024	0.9584438549955792	0.9575596816976127	0.9849690539345711	1.2509041328581734	1.556951849706663	0.19656851745681825	0.8119109591713631	0.7998011731595643	0.9141104122299583	0.784222594038545	ok
cross_full	THCA	TCGA-THCA	SRP076801	-1	16007	16747	16242	2204	2068	0.6814882032667876	0.6805807622504537	11818	5675	0.43289896767642577	0.4273988830597394	2204	2311	0.7377495462794919	0.73502722323049	100	100	0.44	0.44	500	500	0.466	0.466	100	100	0.58	0.58	500	500	0.674	0.674	0.9709618874773139	0.7545372050816697	0.7536297640653358	0.9153055051421658	1.4645277640529573	1.5484731227860322	0.05421169892961364	0.7891368295067841	0.7890580750019539	0.8689012375543564	0.7900293621540576	ok
cross_full	PRAD	SRP027258	SRP119917	-1	14277	14504	16788	4644	653	0.10443583118001723	0.0867786391042205	9582	5135	0.37424337299102484	0.2675850553120434	4809	680	0.10750675816178	0.08837596173840716	100	100	0.01	0.01	500	500	0.05	0.042	100	100	0.05	0.05	500	500	0.256	0.23	0.6636520241171404	0.4306632213608958	0.3277347114556417	0.675567039908125	0.32724859189878686	2.056520036814616	0.8408726460036496	0.26477872807226616	0.253384303689104	0.3108201866190684	0.5952230860825103	ok
cross_full	PRAD	SRP027258	SRP118614	-1	14351	14504	17845	4722	517	0.07920372723422278	0.06374417619652689	9652	5290	0.3768130957314546	0.25103605470368834	4893	551	0.08583690987124463	0.06846515430206418	100	100	0.01	0.01	500	500	0.086	0.072	100	100	0.07	0.07	500	500	0.208	0.174	0.6414654807285048	0.4070309191020754	0.2861075815332486	0.615099534095722	0.34444911049113514	2.0938417702869376	0.8354942023895472	0.22445214521281434	0.2026660691230846	0.24444965478983577	0.5867883771165773	ok
cross_full	PRAD	SRP027258	SRP212704	-1	14188	14504	16515	4574	1052	0.15763008307826848	0.10975076519457805	9509	8077	0.5788200652013882	0.36702071721526974	4737	1058	0.16065020054887058	0.11209626345788473	100	100	0.05	0.05	500	500	0.078	0.068	100	100	0.1	0.1	500	500	0.258	0.208	0.6108439003060778	0.6265850459116746	0.4088325317009182	0.7589637079142981	0.40252603705143475	2.0476036167133245	0.8034160353274125	0.18017819933120363	0.18023367228011578	0.23232935616343733	0.570482097547223	ok
cross_full	PRAD	SRP027258	SRP114904	-1	2	14504	2	1	0	0.0	0.0	2	0	0.0	0.0	1	0	0.0	0.0	2	2	1.0	0.0	2	2	1.0	0.0	2	0	0.0	0.0	2	0	0.0	0.0												ok
cross_full	PRAD	SRP118614	SRP212704	-1	16345	17845	16515	707	1706	0.6803394625176803	0.6619519094766619	5746	9279	0.7549599721545422	0.735816219979116	750	1714	0.6773333333333333	0.6573333333333333	100	100	0.11	0.11	500	500	0.212	0.212	100	100	0.27	0.27	500	500	0.37	0.36	0.9349363507779349	0.8698727015558698	0.8472418670438473	0.931299252374217	1.2746134944604492	1.2446446399505364	-0.024078241730992156	0.630378313210357	0.6773965308608227	0.6418616707987702	0.7413888039155705	ok
cross_full	PRAD	SRP118614	SRP114904	-1	2	17845	2	0	0			1	0	0.0	0.0	0	0			2	2	1.0	0.5	2	2	1.0	0.5	1	0	0.0	0.0	1	0	0.0	0.0												ok
cross_full	PRAD	SRP118614	SRP027258	-1	14351	17845	14504	517	4722	0.723404255319149	0.5822050290135397	5290	9652	0.687523629489603	0.45803402646502833	551	4893	0.7622504537205081	0.6079854809437386	100	100	0.01	0.01	500	500	0.086	0.072	100	100	0.07	0.07	500	500	0.208	0.174	0.7543520309477756	0.8143133462282398	0.6363636363636364	0.8804290487075787	2.5416286455227124	1.2248389235449741	-1.0750717475295746	0.22445214521281434	0.2026660691230846	0.24444965478983574	0.5867883771165773	ok
cross_full	PRAD	SRP118614	SRP002628	-1	15624	17845	15696	664	36	0.01355421686746988	0.01355421686746988	5683	50	0.003695231391870491	0.0035192679922576102	694	445	0.18011527377521613	0.1729106628242075	100	100	0.01	0.01	500	500	0.07	0.07	100	50	0.05	0.05	500	50	0.014	0.014	0.8900602409638554	0.01355421686746988	0.01355421686746988	0.7124863088718512	0.6110811529682196	1.2412527682643866	0.5076899978860232	0.4283567846963982	0.4385404588614625	0.4713009851545094	0.6337045570916539	ok
cross_full	PRAD	SRP148500	SRP212704	-1	16187	16653	16515	265	1661	0.6716981132075471	0.6641509433962264	419	9216	0.8305489260143198	0.8233890214797136	890	1669	0.597752808988764	0.5606741573033708	100	100	0.08	0.08	500	500	0.15	0.15	100	100	0.22	0.22	419	500	0.19809069212410502	0.19809069212410502	0.9358490566037736	0.8415094339622642	0.8301886792452831	0.9412997903563941	1.275530468949123	1.5251949059409748	0.16369346371362326	0.5615845710482597	0.575405725229026	0.5946561552693939	0.6992030641873108	ok
cross_full	PRAD	SRP148500	SRP114904	-1	2	16653	2	0	0			0	0			0	0			2	2	1.0	1.0	2	2	1.0	1.0	0	0			0	0														ok
cross_full	PRAD	SRP148500	SRP027258	-1	14245	16653	14504	172	4629	0.7209302325581395	0.4941860465116279	323	9560	0.739938080495356	0.49226006191950467	560	4792	0.7696428571428572	0.5517857142857143	100	100	0.0	0.0	500	500	0.094	0.074	100	100	0.04	0.03	323	500	0.1238390092879257	0.09597523219814241	0.6511627906976745	0.8255813953488372	0.5523255813953488	0.9709302325581395	2.629579579251042	1.470196120673374	-0.7885910201195818	0.19252204686154367	0.17801988994328294	0.2334272820927444	0.5655317655317655	ok
cross_full	PRAD	SRP148500	SRP002628	-1	15649	16653	15696	248	35	0.008064516129032258	0.008064516129032258	402	49	0.009950248756218905	0.009950248756218905	780	449	0.21666666666666667	0.2	100	100	0.04	0.04	500	500	0.088	0.084	100	49	0.02	0.02	402	49	0.009950248756218905	0.009950248756218905	0.9274193548387096	0.008064516129032258	0.008064516129032258	0.7695852534562211	0.6052629607345563	1.510111986471204	0.599193327278382	0.5562523061118626	0.5791473506627374	0.5123674096458091	0.7229215924340213	ok
cross_full	PRAD	TCGA-PRAD	SRP119917	-1	16637	16897	16788	2176	999	0.3226102941176471	0.31433823529411764	11514	5829	0.4265242313705055	0.4130623588674657	2176	1049	0.33869485294117646	0.3290441176470588	100	100	0.14	0.14	500	500	0.206	0.204	100	100	0.33	0.31	500	500	0.38	0.37	0.9227941176470589	0.6263786764705882	0.6139705882352942	0.8529411764705882	0.7629830294986399	1.3950637615677257	0.45308375823537606	0.7087212821270067	0.7263125245379337	0.67401689728534	0.7727955761255034	ok
cross_full	PRAD	TCGA-PRAD	SRP118614	-1	16630	16897	17845	2207	705	0.2342546443135478	0.23198912550974174	11523	5744	0.4149960947669878	0.39694523995487285	2207	773	0.25373810602628	0.2496601721794291	100	100	0.03	0.03	500	500	0.174	0.174	100	100	0.17	0.14	500	500	0.256	0.248	0.8300860897145447	0.48346171273221566	0.4753058450385138	0.6747721894980616	0.6451634340384037	1.3995733119348932	0.5390284820832478	0.6215638051358603	0.6539046154675391	0.5832943665280439	0.7346963319302465	ok
cross_full	PRAD	TCGA-PRAD	SRP212704	-1	16292	16897	16515	2043	1697	0.5462555066079295	0.5379344101811062	11266	9267	0.6495650630214805	0.6160127818214095	2043	1705	0.5472344591287323	0.5384238864415076	100	100	0.07	0.07	500	500	0.184	0.184	100	100	0.32	0.32	500	500	0.42	0.414	0.937836514929026	0.8389623103279491	0.820362212432697	0.908223201174743	1.0725750933542708	1.3834372346245962	0.22470274291459247	0.7185301369182109	0.7355961811678533	0.7199704666697204	0.7728332924134544	ok
cross_full	PRAD	TCGA-PRAD	SRP114904	-1	2	16897	2	0	0			2	0	0.0	0.0	0	0			2	2	1.0	1.0	2	2	1.0	1.0	2	0	0.0	0.0	2	0	0.0	0.0												ok
cross_full	THCA	ERP012979	TCGA-THCA	-1	16137	16146	16747	1729	2262	0.8478889531521111	0.8478889531521111	10018	11896	0.8174286284687562	0.7778997803952885	1729	2262	0.8478889531521111	0.8478889531521111	100	100	0.55	0.55	500	500	0.592	0.592	100	100	0.69	0.69	500	500	0.77	0.77	0.9959514170040485	0.9751301330248698	0.9751301330248698	0.9905357800094642	1.7312668334594437	1.5367659475796211	-0.12656506749525387	0.8119109591713631	0.7998011731595643	0.9141104122299584	0.784222594038545	ok
cross_full	THCA	ERP012979	SRP076801	-1	15831	16146	16242	1618	2040	0.7280593325092707	0.7249690976514215	9827	5631	0.48407448865370917	0.4795970285946881	1618	2271	0.7756489493201484	0.7713226205191595	100	100	0.43	0.43	500	500	0.452	0.452	100	100	0.55	0.55	500	500	0.648	0.648	0.9598269468479604	0.7719406674907293	0.7682323856613102	0.9278945199835187	1.7555942214479225	1.540623107606126	-0.1395351742943971	0.7617818507355633	0.7839856916924502	0.8406779473970817	0.7873791927231382	ok
cross_full	THCA	SRP076801	TCGA-THCA	-1	16007	16242	16747	2068	2204	0.7263056092843327	0.7253384912959381	5675	11818	0.9014977973568282	0.8900440528634361	2311	2204	0.7035915188230203	0.7009952401557767	100	100	0.44	0.44	500	500	0.466	0.466	100	100	0.58	0.58	500	500	0.674	0.674	0.9859767891682786	0.9627659574468085	0.9579303675048356	0.9806576402321083	1.409886228568637	1.6692342549210895	0.15536946092968396	0.7891368295067841	0.7890580750019539	0.8689012375543564	0.7900293621540576	ok
cross_full	THCA	SRP076801	ERP012979	-1	15831	16242	16146	2040	1618	0.5774509803921568	0.575	5631	9827	0.8447877819215059	0.83697389451252	2271	1618	0.552619991193307	0.5495376486129459	100	100	0.43	0.43	500	500	0.452	0.452	100	100	0.55	0.55	500	500	0.648	0.648	0.9769607843137255	0.9264705882352942	0.9181372549019607	0.9625668449197861	1.146140894447993	1.6679765969273783	0.3128555301319408	0.7617818507355633	0.7839856916924502	0.8406779473970818	0.7873791927231382	ok
cross_full	LUNG	SRP074349	SRP125001	-1	14440	15756	14767	2602	895	0.17832436587240585	0.17294388931591084	11433	1047	0.08335519986005423	0.07854456398145719	2603	1658	0.31041106415674224	0.2935074913561275	100	100	0.17	0.17	500	500	0.248	0.246	100	100	0.24	0.23	500	500	0.33	0.32	0.8320522674865488	0.18716372021521907	0.18178324365872406	0.568280809633615	0.6350073894795554	1.5117222015780918	0.5799443913592928	0.45774383748560604	0.46912722819772623	0.5336602236265419	0.6627423822714681	ok
cross_full	LUNG	SRP125001	SRP074349	-1	14440	14767	15756	895	2602	0.5184357541899441	0.5027932960893855	1047	11433	0.9102196752626552	0.8576886341929322	1658	2603	0.4873341375150784	0.46079613992762364	100	100	0.17	0.17	500	500	0.248	0.246	100	100	0.24	0.23	500	500	0.33	0.32	0.929608938547486	0.9162011173184358	0.8759776536312849	0.9702048417132216	1.0555577536572007	1.5598629307638923	0.32330095623192	0.45774383748560604	0.46912722819772623	0.5336602236265419	0.6627423822714681	ok
cross_full	LUSC	TCGA-LUSC	SRP079676	-1	15740	17415	16147	5280	4743	0.5077651515151516	0.45397727272727273	12754	7457	0.4959228477340442	0.41955464952171867	5280	5240	0.5642045454545455	0.49166666666666664	100	100	0.08	0.08	500	500	0.148	0.148	100	100	0.28	0.28	500	500	0.274	0.262	0.7816287878787879	0.5964015151515152	0.5325757575757576	0.743371212121212	1.1650800322504367	1.7794594212798274	0.3452618147299561	0.5096144552656228	0.5491781286872971	0.5357660038506354	0.6927573062261754	ok
cross_full	LUSC	SRP079676	TCGA-LUSC	-1	15740	16147	17415	4743	5280	0.5652540586126924	0.5053763440860215	7457	12754	0.8481963256001073	0.717580796566984	5240	5280	0.5685114503816794	0.4954198473282443	100	100	0.08	0.08	500	500	0.148	0.148	100	100	0.28	0.28	500	500	0.274	0.262	0.8129875606156441	0.8629559350621969	0.7396162766181742	0.9080750579801813	1.1887483825911078	1.7878722317099027	0.3351043986771912	0.5096144552656228	0.5491781286872971	0.5357660038506354	0.6927573062261754	ok
