arm	cancer_type	discovery	replication	seed	n_common	n_dis_tested	n_rep_tested	n_dis_joint	n_rep_joint	rep_joint	repdir_joint	n_dis_fdr	n_rep_fdr	rep_fdr	repdir_fdr	n_dis_lfc	n_rep_lfc	rep_lfc	repdir_lfc	n_dis_topp100	n_rep_topp100	rep_topp100	repdir_topp100	n_dis_topp500	n_rep_topp500	rep_topp500	repdir_topp500	n_dis_topfc100	n_rep_topfc100	rep_topfc100	repdir_topfc100	n_dis_topfc500	n_rep_topfc500	rep_topfc500	repdir_topfc500	gene_sign_conc	gene_bothsig_fdr	gene_bothsig_sign	pi1	rep_median_abs_lfc	dis_median_abs_lfc	lfc_shrinkage	spearman_lfc	spearman_stat	pearson_lfc	global_sign_conc	status
cross_m10	BRCA	TCGA-BRCA	SRP062132	2	16675	17081	17037	3846	7	0.0005200208008320333	0.0005200208008320333	5605	7	0.0003568242640499554	0.0003568242640499554	4676	429	0.06159110350727117	0.038922155688622756	100	100	0.01	0.0	500	500	0.03	0.024	100	7	0.01	0.01	500	7	0.002	0.002	0.5912636505460218	0.0005200208008320333	0.0005200208008320333	0.0	0.2194526230629698	1.8462521055546162	0.8811361555647104	0.12179038182752912	0.08576080168573127	0.1161975116098217	0.5210794602698651	ok
cross_m10	BRCA	TCGA-BRCA	SRP062132	3	16675	17081	17037	4043	5	0.0002473410833539451	0.0002473410833539451	7109	5	0.0002813335208890139	0.00014066676044450696	4582	473	0.06416412047140986	0.02640768223483195	100	100	0.0	0.0	500	500	0.014	0.002	100	5	0.01	0.01	500	5	0.002	0.002	0.4652485777887707	0.0002473410833539451	0.0002473410833539451	0.0	0.23786296741258095	1.7713723315660956	0.8657182551777339	-0.051431699259801573	-0.0491645953618222	-0.056053884764618776	0.48071964017991003	ok
cross_m10	BRCA	TCGA-BRCA	SRP062132	4	16675	17081	17037	2922	6	0.001026694045174538	0.001026694045174538	4477	8	0.0008934554389099843	0.0008934554389099843	3715	582	0.12086137281292059	0.11197846567967698	100	100	0.01	0.01	500	500	0.074	0.074	100	8	0.01	0.01	500	8	0.004	0.004	0.7919233401779603	0.0013689253935660506	0.0013689253935660506	0.42847364818617373	0.4043111847011882	1.7810272874773745	0.7729898988387485	0.41139647650617855	0.4085862279616152	0.4744506936474982	0.6401799100449775	ok
cross_m10	BRCA	TCGA-BRCA	SRP156355	0	16955	17081	18022	3850	1356	0.22415584415584416	0.22	6872	2124	0.19935972060535506	0.1968859138533178	4442	2300	0.3469158036920306	0.3214768122467357	100	100	0.05	0.05	500	500	0.168	0.168	100	100	0.28	0.27	500	500	0.336	0.328	0.8831168831168831	0.2755844155844156	0.27116883116883117	0.6548340548340548	0.7406038134166604	1.7056550760566425	0.565795087287586	0.5584816686052738	0.5700927131563823	0.590528387988637	0.6998525508699499	ok
cross_m10	BRCA	SRP218935	SRP062132	2	16812	17058	17037	2845	6	0.00140597539543058	0.00070298769771529	5450	6	0.0007339449541284404	0.0003669724770642202	3287	421	0.076057195010648	0.05141466382719805	100	100	0.0	0.0	500	500	0.01	0.008	100	6	0.0	0.0	500	6	0.008	0.004	0.5792618629173989	0.00140597539543058	0.00070298769771529	0.0	0.2472256249472187	1.5132426755701809	0.8366252624655424	0.11962730462273125	0.11428218905053425	0.11920398538366622	0.5368784201760647	ok
cross_m10	BRCA	SRP218935	SRP062132	3	16812	17058	17037	3108	5	0.0006435006435006435	0.0006435006435006435	6446	5	0.00031026993484331366	0.00031026993484331366	3449	465	0.07132502174543345	0.028703972165845172	100	100	0.0	0.0	500	500	0.03	0.01	100	5	0.01	0.01	500	5	0.002	0.002	0.4942084942084942	0.0006435006435006435	0.0006435006435006435	0.0	0.23362985436973344	1.4526145634299883	0.8391659699335008	0.011527074666073245	0.03409403824940106	-0.04392118006824792	0.518498691410897	ok
cross_m10	BRCA	SRP218935	SRP062132	4	16812	17058	17037	2725	6	0.0003669724770642202	0.0003669724770642202	5669	8	0.0007055918151349444	0.0007055918151349444	3104	591	0.12725515463917525	0.11146907216494846	100	100	0.03	0.03	500	500	0.076	0.076	100	8	0.0	0.0	500	8	0.002	0.002	0.7977981651376147	0.0007339449541284404	0.0007339449541284404	0.40550458715596316	0.4309000516879822	1.504675053793753	0.7136258419374009	0.4555093454091208	0.4622311813369182	0.4624937052221649	0.664108969783488	ok
cross_m10	BRCA	SRP218935	SRP156355	0	16982	17058	18022	2738	1364	0.3002191380569759	0.29912344777209643	4796	2132	0.2756463719766472	0.274395329441201	3386	2321	0.43325457767277026	0.4122858830478441	100	100	0.03	0.03	500	500	0.18	0.18	100	100	0.29	0.29	500	500	0.344	0.34	0.9265887509130752	0.36486486486486486	0.36340394448502555	0.7753834915997078	0.9039695818334319	1.5540938412001468	0.41833011761030936	0.6461855075345683	0.6731525203916724	0.65406695550829	0.7497938994229184	ok
cross_m10	BRCA	SRP157974	SRP218935	3	16554	16585	17058	4703	3071	0.4463108654050606	0.44333404210078675	8658	6407	0.49006699006699006	0.47493647493647495	4934	3371	0.47952979327117956	0.472233481961897	100	100	0.39	0.39	500	500	0.43	0.43	100	100	0.45	0.45	500	500	0.554	0.554	0.9047416542632363	0.5792047629172868	0.5751647884329152	0.7831171592600467	0.957795087266237	1.7022444162279333	0.43733398204433493	0.6357904592107394	0.6230537659994498	0.7391679300379989	0.6983206475776248	ok
cross_m10	BRCA	SRP157974	SRP218935	4	16554	16585	17058	3136	2662	0.5165816326530612	0.5146683673469388	6364	5606	0.4989000628535512	0.4968573224387178	3506	3005	0.5693097547062179	0.5601825442099259	100	100	0.1	0.1	500	500	0.204	0.204	100	100	0.27	0.26	500	500	0.48	0.478	0.9499362244897959	0.626594387755102	0.6243622448979592	0.8724489795918366	1.1323655246281137	1.551410519609534	0.27010580996117484	0.6824024139650428	0.6631808669681469	0.7384829181623198	0.7295517699649632	ok
cross_m10	BRCA	SRP157974	SRP111343	0	16102	16585	16421	3846	96	0.018200728029121163	0.01794071762870515	7140	119	0.011764705882352941	0.011624649859943978	4293	1465	0.23223852783601212	0.21313766596785463	100	100	0.09	0.09	500	500	0.19	0.19	100	100	0.1	0.09	500	119	0.058	0.056	0.8172126885075403	0.0187207488299532	0.01846073842953718	0.48517940717628705	0.5615693817272973	1.6071490251852436	0.6505803924047618	0.4571039104269336	0.47506905699827834	0.5246182990546439	0.6626506024096386	ok
cross_m10	BRCA	SRP157974	SRP111343	1	16102	16585	16421	3060	67	0.013725490196078431	0.013725490196078431	6262	83	0.007984669434685404	0.007984669434685404	3373	971	0.1793655499555292	0.1612807589682775	100	100	0.03	0.03	500	500	0.092	0.092	100	83	0.04	0.04	500	83	0.046	0.046	0.8281045751633986	0.014705882352941176	0.014705882352941176	0.4727668845315903	0.46882136496733984	1.5730355964175056	0.7019639186582602	0.42417629042482097	0.40339202485389253	0.47611152235042936	0.6410383803254254	ok
cross_m10	BRCA	SRP218935	SRP156355	1	16632	17058	16953	3956	1367	0.23508594539939331	0.23104145601617795	7059	2280	0.22850262076781414	0.22481937951551212	4309	2026	0.332791831051288	0.31933163146901833	100	100	0.12	0.12	500	500	0.276	0.276	100	100	0.28	0.28	500	500	0.426	0.422	0.897876643073812	0.3149646107178969	0.30990899898887764	0.7387933940006739	0.7019581383750033	1.5428780156562178	0.5450332876274434	0.5877658345998636	0.5999721260667493	0.648829561023584	0.7065897065897065	ok
cross_m10	BRCA	SRP218935	SRP156355	2	16902	17058	17666	2886	1372	0.27096327096327094	0.2664587664587665	5491	2139	0.2396649062101621	0.23638681478783463	3361	2293	0.4114846771794109	0.3879797679262124	100	100	0.06	0.06	500	500	0.162	0.162	100	100	0.11	0.11	500	500	0.306	0.294	0.9015939015939016	0.32744282744282743	0.3229383229383229	0.7546777546777546	0.8504400612444784	1.5231113385789974	0.44164287947727754	0.6154553412735065	0.6459936888778931	0.6043981462905706	0.7384333215004142	ok
cross_m10	BRCA	SRP218935	SRP156355	3	16928	17058	17666	3163	1856	0.32500790388871326	0.3202655706607651	6501	3237	0.29072450392247345	0.2850330718351023	3539	2561	0.42158801921446737	0.39926532918903646	100	100	0.07	0.07	500	500	0.176	0.176	100	100	0.21	0.21	500	500	0.36	0.358	0.879544736010117	0.4027821688270629	0.3967752134049953	0.7262996251298495	0.8369655775269262	1.4608287134004598	0.42706111274423775	0.5314375722271109	0.5418380534056765	0.5793787190246008	0.6768076559546313	ok
cross_m10	BRCA	SRP218935	SRP156355	4	17007	17058	18379	2771	2141	0.367737278960664	0.3605196679898953	5715	3612	0.35205599300087487	0.34610673665791775	3208	2912	0.4747506234413965	0.4417082294264339	100	100	0.06	0.06	500	500	0.12	0.12	100	100	0.14	0.14	500	500	0.25	0.24	0.8697221219776254	0.4391916275712739	0.43089137495488994	0.7521953566702753	0.9327641068713706	1.5135318797111939	0.38371690786628365	0.5864016756438605	0.6212741666471102	0.5723563270087753	0.7314047157052979	ok
cross_m10	BRCA	TCGA-BRCA	SRP116023	3	16435	17081	16739	3969	2987	0.41622574955908287	0.41017888636936256	7035	5604	0.4291400142146411	0.41691542288557215	4475	3684	0.5023463687150838	0.4779888268156425	100	100	0.09	0.09	500	500	0.172	0.172	100	100	0.25	0.25	500	500	0.338	0.334	0.8710002519526329	0.5139833711262283	0.5049130763416477	0.7572856303015033	1.0101227840064269	1.7598513760936803	0.42601812986697574	0.5705022475751537	0.5705418032545958	0.621576534020603	0.7081229084271372	ok
cross_m10	BRCA	TCGA-BRCA	SRP116023	4	16435	17081	16739	2874	3041	0.6092553931802366	0.6082115518441197	4429	5054	0.6048769473921879	0.6032964551817566	3619	3624	0.6579165515335728	0.6391268306161924	100	100	0.16	0.16	500	500	0.344	0.344	100	100	0.46	0.46	500	500	0.466	0.466	0.9578983994432846	0.6812804453723034	0.6802366040361865	0.8851774530271399	1.3587159109035545	1.7718544121785642	0.23316729548170934	0.7369270145510686	0.7444834014455207	0.7683096594728389	0.7832674170976575	ok
cross_m10	BRCA	TCGA-BRCA	SRP062132	0	15322	17081	15385	3278	27	0.005796217205613179	0.005491153142159854	6287	28	0.0030221091140448545	0.002863050739621441	3618	385	0.07186290768380321	0.06025428413488115	100	100	0.05	0.04	500	500	0.064	0.06	100	28	0.02	0.01	500	28	0.008	0.006	0.7162904209884076	0.005796217205613179	0.005491153142159854	0.05485606522824338	0.25604477085258237	1.615647459989708	0.8415218807361518	0.2989945976593428	0.2578917185457953	0.3350996559170617	0.5901971022059783	ok
cross_m10	BRCA	TCGA-BRCA	SRP062132	1	16675	17081	17037	4765	3	0.0004197271773347324	0.0004197271773347324	6833	3	0.0002926972047416947	0.0002926972047416947	5431	449	0.06260357208617198	0.047505063524212854	100	100	0.0	0.0	500	500	0.066	0.06	100	3	0.0	0.0	500	3	0.0	0.0	0.6633788037775445	0.0004197271773347324	0.0004197271773347324	0.0014911360247418237	0.21920497555707483	1.8356196699407445	0.8805825742953871	0.2636256427389611	0.25015551650528933	0.2952311425565757	0.5733133433283358	ok
cross_m10	BRCA	SRP157974	TCGA-BRCA	4	16350	16585	17081	3071	2831	0.48941712797134485	0.479648323021817	6291	4386	0.4008901605468129	0.39214751231918615	3431	3548	0.5753424657534246	0.5415330807344797	100	100	0.11	0.11	500	500	0.266	0.266	100	100	0.26	0.26	500	500	0.42	0.416	0.8798436991208075	0.5467274503419082	0.5363073917290785	0.7677195267556713	1.203949094745696	1.5451756133350871	0.22083348691537552	0.5732609582260043	0.5863282092723543	0.6439042854415605	0.7062385321100917	ok
cross_m10	BRCA	SRP157974	SRP218935	0	16554	16585	17058	4015	2641	0.41818181818181815	0.41469489414694893	7322	4699	0.4289811526905217	0.42420103796776837	4514	3205	0.4769605671245016	0.46101019051838726	100	100	0.07	0.07	500	500	0.264	0.264	100	100	0.27	0.27	500	500	0.462	0.46	0.9178082191780822	0.5240348692403487	0.5190535491905355	0.7899543378995433	0.9780718731785556	1.6284070978162561	0.39936894497071407	0.6379223694580942	0.6469319023806384	0.6966589659039963	0.7207925576899843	ok
cross_m10	BRCA	SRP157974	SRP218935	1	16554	16585	17058	3199	3915	0.5908096280087527	0.5892466395748671	6420	7018	0.5626168224299065	0.5563862928348909	3566	4245	0.6236679753224902	0.612450925406618	100	100	0.24	0.24	500	500	0.356	0.356	100	100	0.26	0.26	500	500	0.48	0.476	0.9343544857768052	0.6702094404501406	0.668333854329478	0.8499531103469834	1.3468623172308005	1.594371412809839	0.15523929593220753	0.6356086935566936	0.6277703181727508	0.7165375324277621	0.7051467923160566	ok
cross_m10	BRCA	SRP157974	SRP218935	2	16554	16585	17058	2953	2804	0.5987131730443617	0.5960040636640704	5974	5409	0.5934047539337127	0.5920656176765986	3368	3196	0.6407363420427553	0.6324228028503563	100	100	0.06	0.06	500	500	0.298	0.298	100	100	0.28	0.28	500	500	0.554	0.554	0.9654588554012868	0.6810023704707078	0.6782932610904165	0.901794784964443	1.269630499201864	1.5894844792329743	0.2012312697670755	0.7812825096736111	0.7904691472191484	0.7954275293446254	0.8029479279932342	ok
cross_m10	BRCA	SRP218935	SRP023262	0	14273	17058	14373	2080	967	0.2221153846153846	0.21394230769230768	4044	1085	0.13452027695351138	0.12957467853610286	2412	1706	0.36525704809286896	0.33043117744610284	100	100	0.09	0.09	500	500	0.16	0.16	100	100	0.15	0.15	500	500	0.3	0.292	0.8211538461538461	0.23461538461538461	0.2264423076923077	0.5903846153846153	0.7110460461105397	1.4697260615740644	0.516205050246564	0.40679028776085757	0.3991411344981932	0.462316812513423	0.6292300147130947	ok
cross_m10	BRCA	SRP218935	SRP023262	1	14273	17058	14373	3092	1357	0.1853169469598965	0.16364812419146182	6063	1766	0.14497773379515091	0.12485568200560779	3286	1858	0.2702373706634206	0.22337188070602557	100	100	0.04	0.04	500	500	0.152	0.152	100	100	0.24	0.23	500	500	0.26	0.25	0.7286545924967659	0.21345407503234154	0.1888745148771022	0.5155958027885583	0.5277713830227184	1.4497989271060896	0.6359692553530918	0.2460538094028805	0.23701885084855187	0.355774488271846	0.5639318993904575	ok
cross_m10	BRCA	SRP218935	SRP023262	2	14273	17058	14373	2137	819	0.17173607861488066	0.16986429574169395	4620	859	0.09891774891774892	0.09740259740259741	2358	1752	0.3240033927056828	0.2998303647158609	100	100	0.1	0.1	500	500	0.152	0.152	100	100	0.23	0.23	500	500	0.244	0.244	0.7992512868507253	0.17501169864295743	0.1731399157697707	0.5008579004835438	0.6356605384410936	1.4337222477521234	0.5566362038130324	0.34128686296472843	0.3364824367577712	0.4306694464554906	0.5894345967911441	ok
cross_m10	BRCA	SRP218935	SRP023262	3	14273	17058	14373	2376	700	0.15361952861952863	0.1510942760942761	5555	731	0.07758775877587759	0.07542754275427543	2554	1713	0.31949882537196556	0.29287392325763506	100	100	0.14	0.14	500	500	0.164	0.164	100	100	0.28	0.28	500	500	0.316	0.314	0.752104377104377	0.15404040404040403	0.15151515151515152	0.45707070707070696	0.5913163236967599	1.3981252111183764	0.5770648301064829	0.23879754686543095	0.2167679401224893	0.4072226939255328	0.5380788902122889	ok
cross_m10	BRCA	SRP157974	SRP111343	2	16102	16585	16421	2830	1223	0.23851590106007067	0.23286219081272086	5838	2373	0.2341555327166838	0.23004453579993148	3195	2138	0.3971830985915493	0.36964006259780907	100	100	0.03	0.03	500	500	0.202	0.202	100	100	0.12	0.12	500	500	0.334	0.326	0.8657243816254417	0.2802120141342756	0.2745583038869258	0.6920747097425541	0.8188542863588398	1.5630465141582914	0.47611649497213004	0.5735025744543218	0.5926631300317878	0.5733123808448726	0.7181095516084959	ok
cross_m10	BRCA	SRP157974	SRP111343	3	15669	16585	15784	4321	335	0.05762554964128674	0.05484841471881509	8236	449	0.04176784847013113	0.03994657600777076	4502	1512	0.22945357618836074	0.20146601510439804	100	100	0.4	0.4	500	500	0.248	0.248	100	100	0.2	0.18	500	449	0.2	0.19	0.7581578338347604	0.06341124739643601	0.06040268456375839	0.4873871788937745	0.5385816687222755	1.6671717000300847	0.6769488897199031	0.43072917332106353	0.4538019193888363	0.46313500318488693	0.6625821686131853	ok
cross_m10	BRCA	SRP157974	SRP111343	4	16102	16585	16421	2992	155	0.037098930481283425	0.03676470588235294	6202	166	0.019348597226701063	0.019187358916478554	3325	1216	0.24360902255639097	0.22496240601503759	100	100	0.08	0.08	500	500	0.158	0.158	100	100	0.13	0.13	500	166	0.13	0.128	0.8188502673796791	0.0374331550802139	0.037098930481283425	0.4528265851795261	0.5512507692844582	1.5341402613170403	0.640677724726932	0.5012218657218905	0.5013877236074464	0.5093096475115534	0.681343932430754	ok
cross_m10	BRCA	SRP157974	SRP058722	0	16218	16585	16567	3874	5681	0.5265875064532782	0.23205988642230252	7179	9437	0.595347541440312	0.24390583646747457	4324	5787	0.5580481036077706	0.25	100	100	0.08	0.08	500	500	0.122	0.102	100	100	0.08	0.01	500	500	0.174	0.1	0.44475993804852865	0.6528136293236965	0.28187919463087246	0.7723752757309805	1.1037873191003404	1.6040300553801337	0.31186618642332253	-0.08115769391313006	-0.10906700349255384	-0.06867580363068813	0.45782463928967815	ok
cross_m10	BRCA	SRP218935	SRP023262	4	14273	17058	14373	2024	1454	0.24703557312252963	0.22035573122529645	4808	1739	0.15058236272878536	0.1314475873544093	2221	2033	0.37010355695632596	0.3120216118865376	100	100	0.09	0.09	500	500	0.106	0.102	100	100	0.25	0.25	500	500	0.266	0.242	0.7351778656126482	0.25790513833992096	0.22974308300395258	0.5306324110671936	0.6830658909621035	1.4327957325089873	0.5232635919664711	0.2686454896935149	0.25714846842805766	0.345416097211735	0.5740909409374343	ok
cross_m10	BRCA	SRP218935	SRP116023	0	16534	17058	16739	2657	2157	0.3541588257433195	0.3409860745201355	4715	3514	0.3187698833510074	0.3056203605514316	3203	2911	0.4679987511707774	0.4264751795192008	100	100	0.03	0.03	500	500	0.128	0.128	100	100	0.16	0.15	500	500	0.298	0.28	0.8453142642077531	0.41362438840797894	0.39856981558148286	0.6932630786601429	0.9345232502794448	1.5392546653975865	0.3928728810849118	0.4764533822198104	0.4716948981070349	0.5217289185088841	0.6608806096528366	ok
cross_m10	BRCA	SRP218935	SRP116023	1	16534	17058	16739	3907	2598	0.35551574097773225	0.33452777066803174	7011	4964	0.39395236057623734	0.3627157324204821	4219	3278	0.42806352216164967	0.37710357904716757	100	100	0.09	0.09	500	500	0.214	0.214	100	100	0.3	0.3	500	500	0.352	0.346	0.8134118249296135	0.4842590222677246	0.4589198873816227	0.7225492705400562	0.849027151313382	1.5259154076659296	0.4435948761982351	0.43084359326431126	0.46924611933571125	0.5292311073630858	0.6535018749243983	ok
cross_m10	BRCA	SRP218935	SRP116023	2	16534	17058	16739	2771	1657	0.25442078671959584	0.2381811620353663	5376	2589	0.20963541666666666	0.19140625	3165	2447	0.3731437598736177	0.3232227488151659	100	100	0.06	0.06	500	500	0.098	0.096	100	100	0.08	0.08	500	500	0.216	0.2	0.7802237459400938	0.28581739444243953	0.267051605918441	0.6061246584523379	0.6992299826703535	1.4994552743300076	0.5336773329349311	0.3576188436136174	0.34992022703341524	0.4141723012682403	0.6181807185194146	ok
cross_m10	BRCA	SRP111343	TCGA-BRCA	0	16376	16421	17081	101	3689	0.6435643564356436	0.6336633663366337	124	6708	0.5564516129032258	0.5483870967741935	1564	4164	0.6962915601023018	0.6464194373401535	100	100	0.07	0.07	500	500	0.114	0.114	100	100	0.04	0.04	124	500	0.16129032258064516	0.1532258064516129	0.9108910891089109	0.6534653465346535	0.6435643564356436	0.99999999	1.673844082165549	2.3233257416404287	0.2795482561202549	0.4532160384593085	0.42539667400293973	0.5366640705880542	0.6457620908646801	ok
cross_m10	BRCA	SRP111343	TCGA-BRCA	1	16376	16421	17081	70	4685	0.7428571428571429	0.6571428571428571	86	6753	0.686046511627907	0.6046511627906976	1066	5281	0.7954971857410882	0.7148217636022514	100	100	0.06	0.06	500	500	0.144	0.144	86	100	0.08139534883720931	0.08139534883720931	86	500	0.27906976744186046	0.26744186046511625	0.7857142857142857	0.7428571428571429	0.6571428571428571	0.948051948051948	2.531833429529253	2.1974032899686238	-0.15219333705712446	0.4820286161918841	0.47850195499076537	0.5214070746707673	0.6771494870542257	ok
cross_m10	BRCA	SRP111343	TCGA-BRCA	2	16376	16421	17081	1251	3797	0.6386890487609912	0.6266986410871302	2401	5557	0.565597667638484	0.5568513119533528	2247	4552	0.7280818869603917	0.6844681797952826	100	100	0.02	0.02	500	500	0.086	0.086	100	100	0.16	0.16	500	500	0.246	0.244	0.9200639488409272	0.6754596322941646	0.6634692246203038	0.8364385414745127	1.6756956243678318	1.6193534125629891	-0.0347930299635264	0.6153266825914195	0.6110621669145827	0.6119488577924692	0.7238641914997558	ok
cross_m10	BRCA	SRP111343	TCGA-BRCA	3	15772	15784	17081	337	3719	0.771513353115727	0.7685459940652819	451	6775	0.8004434589800443	0.7982261640798226	1554	4135	0.7464607464607464	0.7027027027027027	100	100	0.21	0.21	500	500	0.226	0.226	100	100	0.08	0.08	451	500	0.188470066518847	0.188470066518847	0.9673590504451038	0.8367952522255193	0.8338278931750742	0.99999999	1.9813469308867826	1.8987506405397567	-0.04350033573842338	0.5680611433145214	0.5969266912405615	0.5918989308447468	0.7220390565559219	ok
cross_m10	BRCA	SRP157974	TCGA-BRCA	0	16350	16585	17081	3929	3637	0.4980911173326546	0.47645711376940697	7232	6657	0.5448008849557522	0.5229535398230089	4409	4113	0.5518258108414607	0.5019278748015423	100	100	0.01	0.01	500	500	0.224	0.224	100	100	0.3	0.3	500	500	0.406	0.398	0.8757953677780606	0.6449478238737593	0.6212776787986765	0.8203105115805549	1.0969798735791307	1.6150018796622343	0.32075628679233736	0.595183740384193	0.6351030756279498	0.62324487219822	0.7322935779816514	ok
cross_m10	BRCA	SRP157974	TCGA-BRCA	1	16350	16585	17081	3133	4618	0.5384615384615384	0.4765400574529205	6344	6685	0.4864438839848676	0.4265447667087011	3485	5228	0.6134863701578193	0.5156384505021521	100	100	0.08	0.08	500	500	0.248	0.248	100	100	0.19	0.18	500	500	0.33	0.318	0.7752952441749122	0.5882540695818704	0.5205872965209065	0.7793078291003601	1.340225080435257	1.587531976169636	0.15578073352013733	0.4085686042508692	0.4378097088564986	0.48560039952942796	0.6554128440366972	ok
cross_m10	BRCA	SRP157974	TCGA-BRCA	2	16350	16585	17081	2898	3727	0.5924775707384403	0.577639751552795	5912	5486	0.5226657645466847	0.5108254397834912	3288	4485	0.6885644768856448	0.6395985401459854	100	100	0.08	0.08	500	500	0.178	0.178	100	100	0.3	0.3	500	500	0.376	0.37	0.8830227743271222	0.6259489302967564	0.6111111111111112	0.8291925465838509	1.505678589127005	1.5800520007337828	0.04707023032927937	0.6085703014717272	0.6380377314308486	0.6441242444337456	0.728868501529052	ok
cross_m10	BRCA	SRP157974	TCGA-BRCA	3	16350	16585	17081	4615	3912	0.49035752979414954	0.4580715059588299	8557	6976	0.5281056445015777	0.496669393479023	4836	4386	0.5506617038875103	0.4944168734491315	100	100	0.17	0.17	500	500	0.282	0.282	100	100	0.26	0.25	500	500	0.418	0.41	0.848104008667389	0.5954496208017335	0.5607800650054171	0.8150957024196459	1.0860123797228756	1.699250890543365	0.36088756182696236	0.5675256057795802	0.6126991413070614	0.594502639304827	0.7234250764525993	ok
cross_m10	BRCA	TCGA-BRCA	SRP157974	4	16350	17081	16585	2831	3071	0.5309078064288237	0.5203108442246556	4386	6291	0.5750113999088007	0.5624715002279982	3548	3431	0.556369785794814	0.5236753100338218	100	100	0.11	0.11	500	500	0.266	0.266	100	100	0.26	0.26	500	500	0.42	0.416	0.8844931119745673	0.6238078417520311	0.6086188625927235	0.8241689234271361	1.169832665304487	1.7601511172076478	0.33537941494458623	0.5732609582260043	0.5863282092723543	0.6439042854415605	0.7062385321100917	ok
cross_m10	BRCA	TCGA-BRCA	SRP218935	0	16703	17081	17058	3766	2652	0.3616569304301646	0.3467870419543282	6786	4704	0.3577954612437371	0.3395225464190981	4303	3261	0.43760167325122007	0.39809435277713223	100	100	0.04	0.04	500	500	0.088	0.088	100	100	0.16	0.14	500	500	0.306	0.294	0.8141263940520446	0.42379182156133827	0.40493892724375996	0.6647636749867232	0.8665742469314913	1.689668640125647	0.48713361522348475	0.46359494105256915	0.46712934993476085	0.5312213010812644	0.6543135963599354	ok
cross_m10	BRCA	TCGA-BRCA	SRP218935	1	16703	17081	17058	4761	3969	0.4223902541482882	0.38059231253938247	6829	7070	0.49128715770976716	0.42378093425098845	5442	4339	0.46085997794928335	0.3934215361999265	100	100	0.14	0.14	500	500	0.29	0.29	100	100	0.31	0.3	500	500	0.368	0.358	0.734509556815795	0.5181684520058811	0.4515858013022474	0.6828397395505146	0.8985738746088591	1.8332311642965218	0.5098414798366823	0.3604789201035486	0.3835166293267921	0.5115091650125394	0.6179129497695025	ok
cross_m10	BRCA	TCGA-BRCA	SRP218935	2	16703	17081	17058	3856	2827	0.43257261410788383	0.4198651452282158	5615	5430	0.5173642030276047	0.505966162065895	4704	3282	0.47087585034013607	0.4330357142857143	100	100	0.04	0.04	500	500	0.184	0.184	100	100	0.2	0.18	500	500	0.344	0.332	0.8747406639004149	0.5596473029045643	0.5435684647302904	0.7725251926496739	0.9634411297284156	1.8485090352113478	0.4788009626264763	0.5714121389469453	0.61045947167489	0.5972942733229407	0.7067592648027301	ok
cross_m10	BRCA	TCGA-BRCA	SRP111343	2	16376	17081	16421	3797	1251	0.21042928627864102	0.20647879905188307	5557	2401	0.24437646211984884	0.24059744466438726	4552	2247	0.359402460456942	0.3378734622144112	100	100	0.02	0.02	500	500	0.086	0.086	100	100	0.16	0.16	500	500	0.246	0.244	0.8893863576507769	0.26678957071372134	0.2625757176718462	0.6817036005869295	0.7622283148767579	1.8397091256377522	0.5856799837243161	0.6153266825914195	0.6110621669145827	0.6119488577924692	0.7238641914997558	ok
cross_m10	BRCA	TCGA-BRCA	SRP111343	3	15772	17081	15784	3719	337	0.06991126646948104	0.06964237698305996	6775	451	0.053284132841328415	0.053136531365313655	4135	1554	0.28053204353083433	0.264087061668682	100	100	0.21	0.21	500	500	0.226	0.226	100	100	0.08	0.08	500	451	0.17	0.17	0.8537241193869319	0.0747512772250605	0.07448238773863942	0.5650712557139015	0.6474487041828552	1.7334375896470724	0.6264943670024626	0.5680611433145214	0.5969266912405615	0.5918989308447468	0.7220390565559219	ok
cross_m10	BRCA	TCGA-BRCA	SRP111343	4	16376	17081	16421	2870	161	0.04843205574912892	0.04843205574912892	4425	172	0.03209039548022599	0.03209039548022599	3587	1306	0.2720936715918595	0.26205742960691386	100	100	0.27	0.27	500	500	0.314	0.314	100	100	0.18	0.18	500	172	0.164	0.164	0.88397212543554	0.04878048780487805	0.04878048780487805	0.6062717770034842	0.6581750613189636	1.7616979864796816	0.6263973357691326	0.6115027582654773	0.618329351190066	0.6317506353682774	0.7249633610161211	ok
cross_m10	BRCA	TCGA-BRCA	SRP058722	0	16417	17081	16567	3650	5799	0.5506849315068493	0.3238356164383562	6671	9556	0.5987108379553291	0.3338330085444461	4136	5933	0.5802707930367504	0.34066731141199225	100	100	0.03	0.03	500	500	0.08	0.058	100	100	0.13	0.04	500	500	0.184	0.084	0.570958904109589	0.6646575342465754	0.3915068493150685	0.8006849315068493	1.2104105330401524	1.671642397098596	0.27591539007325105	0.1002324629527615	0.06968985975086651	0.0703219342288744	0.5236644941219467	ok
cross_m10	BRCA	SRP157974	SRP023262	4	14173	16585	14373	2364	1434	0.24323181049069373	0.21785109983079526	5424	1719	0.15744837758112096	0.13956489675516223	2573	1991	0.3490089389817334	0.2914885347842985	100	100	0.03	0.03	500	500	0.082	0.08	100	100	0.15	0.13	500	500	0.234	0.214	0.7538071065989848	0.26057529610829105	0.23307952622673433	0.5842397872854723	0.6861454801796942	1.472976645517202	0.5341776244261022	0.36938007521721977	0.3778051114943601	0.37387203657793616	0.6348691173357793	ok
cross_m10	BRCA	SRP157974	SRP116023	0	16344	16585	16739	3922	2136	0.30749617542070373	0.288883222845487	7230	3493	0.28035961272475796	0.26265560165975105	4373	2819	0.39743882917905327	0.34850217242167847	100	100	0.0	0.0	500	500	0.13	0.13	100	100	0.28	0.26	500	500	0.346	0.328	0.8296787353391127	0.3814380418154003	0.36104028556858747	0.7256501784803671	0.7809367429532301	1.6079876851734363	0.5143391021250272	0.4892790186103286	0.5007402881280076	0.5291372109865496	0.6683186490455213	ok
cross_m10	BRCA	SRP157974	SRP116023	1	16344	16585	16739	3123	2574	0.3643932116554595	0.32052513608709576	6344	4940	0.3644388398486759	0.30343631778058006	3446	3194	0.4428322692977365	0.3702843876958793	100	100	0.03	0.03	500	500	0.104	0.104	100	100	0.09	0.08	500	500	0.264	0.25	0.7668908101184758	0.44764649375600385	0.3925712455971822	0.6894012167787384	0.8870387562062005	1.5761724432580648	0.43721972808214693	0.3244836255641512	0.325913993260107	0.39741335505602643	0.6097650513950074	ok
cross_m10	BRCA	SRP157974	SRP116023	2	16344	16585	16739	2875	1625	0.2747826086956522	0.25704347826086954	5896	2557	0.21556987788331072	0.20064450474898235	3246	2342	0.3798521256931608	0.3290203327171904	100	100	0.02	0.02	500	500	0.1	0.098	100	100	0.29	0.29	500	500	0.276	0.258	0.808695652173913	0.31234782608695655	0.29182608695652174	0.6684057971014492	0.7605376344685812	1.565790545813464	0.51427881813307	0.4111350539126117	0.41625575861873354	0.46627427308242353	0.6426211453744494	ok
cross_m10	BRCA	SRP111343	TCGA-BRCA	4	16376	16421	17081	161	2870	0.8633540372670807	0.8633540372670807	172	4425	0.8255813953488372	0.8255813953488372	1306	3587	0.7473200612557427	0.7197549770290965	100	100	0.27	0.27	500	500	0.314	0.314	100	100	0.18	0.18	172	500	0.47674418604651164	0.47674418604651164	0.9875776397515528	0.8633540372670807	0.8633540372670807	0.99999999	2.851489742878266	2.6863491397529824	-0.061473991106185455	0.6115027582654773	0.618329351190066	0.6317506353682774	0.7249633610161211	ok
cross_m10	BRCA	SRP111343	SRP157974	0	16102	16421	16585	96	3846	0.7291666666666666	0.71875	119	7140	0.7058823529411765	0.6974789915966386	1465	4293	0.6805460750853243	0.6245733788395904	100	100	0.09	0.09	500	500	0.19	0.19	100	100	0.1	0.09	119	500	0.24369747899159663	0.23529411764705882	0.9270833333333334	0.7916666666666666	0.78125	0.8828125	2.0679623347656886	2.282050381365077	0.09381390014331126	0.4571039104269336	0.47506905699827834	0.5246182990546439	0.6626506024096386	ok
cross_m10	BRCA	SRP111343	SRP157974	1	16102	16421	16585	67	3060	0.6268656716417911	0.6268656716417911	83	6262	0.6024096385542169	0.6024096385542169	971	3373	0.6230690010298661	0.5602471678681772	100	100	0.03	0.03	500	500	0.092	0.092	83	100	0.04819277108433735	0.04819277108433735	83	500	0.27710843373493976	0.27710843373493976	0.9552238805970149	0.6417910447761194	0.6417910447761194	0.7541703248463565	1.6974565214780581	2.0968331867967374	0.19046658925157212	0.42417629042482097	0.40339202485389253	0.4761115223504293	0.6410383803254254	ok
cross_m10	BRCA	SRP111343	SRP157974	2	16102	16421	16585	1223	2830	0.5519215044971382	0.5388389206868357	2373	5838	0.5760640539401601	0.5659502739148757	2138	3195	0.5935453695042096	0.5523854069223574	100	100	0.03	0.03	500	500	0.202	0.202	100	100	0.12	0.12	500	500	0.334	0.326	0.9059689288634505	0.6320523303352412	0.616516762060507	0.8411400537320406	1.2856324825732817	1.6018853167582299	0.19742539049234553	0.5735025744543218	0.5926631300317878	0.5733123808448726	0.7181095516084959	ok
cross_m10	BRCA	SRP218935	SRP111343	2	16290	17058	16421	2721	1246	0.24954061006982728	0.2484380742374127	5321	2396	0.2672429994361962	0.2666791956399173	3102	2210	0.41070277240490005	0.3913604126370084	100	100	0.1	0.1	500	500	0.232	0.232	100	100	0.22	0.22	500	500	0.346	0.344	0.9040793825799338	0.322675486953326	0.32157295112091144	0.7385415025988344	0.8509929927303348	1.504016411567443	0.4341863651318444	0.6155612739771947	0.6460163941787724	0.6184064982691614	0.7343769183548189	ok
cross_m10	BRCA	SRP218935	SRP111343	3	15735	17058	15784	2810	335	0.08398576512455516	0.08185053380782918	6114	449	0.0549558390578999	0.053647366699378474	3049	1536	0.30796982617251556	0.28074778615939655	100	100	0.3	0.3	500	500	0.25	0.25	100	100	0.21	0.21	500	449	0.228	0.224	0.8167259786476868	0.09145907473309609	0.0893238434163701	0.6180308422301303	0.6691233710218136	1.4286093815885388	0.5316260836270139	0.5030468165125971	0.5417322571404206	0.5194584499093683	0.6821734985700667	ok
cross_m10	BRCA	SRP218935	SRP111343	4	16290	17058	16421	2608	157	0.046395705521472395	0.04562883435582822	5538	168	0.022932466594438424	0.022571325388226798	2938	1276	0.2665078284547311	0.24540503744043568	100	100	0.19	0.19	500	500	0.25	0.25	100	100	0.31	0.31	500	168	0.172	0.17	0.8178680981595092	0.046395705521472395	0.04562883435582822	0.5053680981595091	0.6028969902929742	1.4913860882012027	0.5957472078741575	0.47876134610268883	0.498985807499885	0.5321919062044381	0.67268262737876	ok
cross_m10	BRCA	SRP218935	SRP058722	0	16389	17058	16567	2583	5778	0.5334881920247774	0.26403406891211767	4640	9534	0.5883620689655172	0.27306034482758623	3114	5901	0.5773924213230571	0.2896596017983301	100	100	0.01	0.01	500	500	0.07	0.058	100	100	0.09	0.03	500	500	0.164	0.104	0.4901277584204414	0.6488579171506	0.3170731707317073	0.7924893534649631	1.1253087580824197	1.5332914750433253	0.26608294874226535	-0.008189548654505604	-0.02172463188528658	0.014676965809054674	0.48178656415888704	ok
cross_m10	BRCA	SRP218935	TCGA-BRCA	0	16703	17058	17081	2652	3766	0.5135746606334841	0.4924585218702866	4704	6786	0.516156462585034	0.4897959183673469	3261	4303	0.5774302361238883	0.5252989880404784	100	100	0.04	0.04	500	500	0.088	0.088	100	100	0.16	0.14	500	500	0.306	0.294	0.8533182503770739	0.6078431372549019	0.5822021116138764	0.7888386123680241	1.1941730573190064	1.5457941954388863	0.22746956817239605	0.46359494105256915	0.4671293499347608	0.5312213010812644	0.6543135963599354	ok
cross_m10	BRCA	SRP218935	TCGA-BRCA	1	16703	17058	17081	3969	4761	0.5066767447719829	0.4565381708238851	7070	6829	0.47454031117397455	0.40933521923620936	4339	5442	0.5780133671352846	0.4934316662825536	100	100	0.14	0.14	500	500	0.29	0.29	100	100	0.31	0.3	500	500	0.368	0.358	0.7964222726127488	0.5799949609473419	0.5233056185437138	0.7594997594997596	1.2274786965273947	1.5422641651470521	0.20410606414475252	0.36047892010354865	0.38351662932679215	0.5115091650125394	0.6179129497695025	ok
cross_m10	BRCA	SRP218935	TCGA-BRCA	2	16703	17058	17081	2827	3856	0.5900247612309869	0.5726918995401485	5430	5615	0.5349907918968693	0.5232044198895027	3282	4704	0.6748933577087142	0.6206581352833638	100	100	0.04	0.04	500	500	0.184	0.184	100	100	0.2	0.18	500	500	0.344	0.332	0.8935267067562788	0.6462681287584011	0.6289352670675628	0.8132295719844358	1.4938047885072134	1.518476254361054	0.01624751508822364	0.5714121389469453	0.61045947167489	0.5972942733229407	0.7067592648027301	ok
cross_m10	BRCA	SRP218935	TCGA-BRCA	3	16703	17058	17081	3104	4053	0.5306056701030928	0.5070876288659794	6433	7119	0.5229286491528058	0.4885745375408052	3451	4596	0.5977977397855694	0.5444798609098812	100	100	0.21	0.21	500	500	0.278	0.278	100	100	0.25	0.25	500	500	0.398	0.394	0.8569587628865979	0.6282216494845361	0.6005154639175257	0.808541973490427	1.2379568912958678	1.458664957266047	0.1513082664190747	0.47608388272497315	0.4916209068206338	0.5430000848818931	0.652098425432557	ok
cross_m10	BRCA	SRP111343	SRP218935	2	16290	16421	17058	1246	2721	0.5449438202247191	0.5425361155698234	2396	5321	0.5934891485809682	0.592237061769616	2210	3102	0.5764705882352941	0.5493212669683258	100	100	0.1	0.1	500	500	0.232	0.232	100	100	0.22	0.22	500	500	0.346	0.344	0.9165329052969502	0.622792937399679	0.6203852327447833	0.8006955591225254	1.2054309734200466	1.6178891927364856	0.2549360124093606	0.6155612739771947	0.6460163941787724	0.6184064982691614	0.7343769183548189	ok
cross_m10	BRCA	SRP111343	SRP218935	3	15735	15784	17058	335	2810	0.7044776119402985	0.6865671641791045	449	6114	0.7483296213808464	0.7305122494432071	1536	3049	0.611328125	0.5572916666666666	100	100	0.3	0.3	500	500	0.25	0.25	100	100	0.21	0.21	449	500	0.25389755011135856	0.24944320712694878	0.9104477611940298	0.7820895522388059	0.7611940298507462	0.872636815920398	1.5406000183089397	1.8867797511889952	0.18347649356630147	0.5030468165125971	0.5417322571404206	0.5194584499093683	0.6821734985700667	ok
cross_m10	BRCA	SRP111343	SRP218935	4	16290	16421	17058	157	2608	0.7707006369426752	0.7579617834394905	168	5538	0.7559523809523809	0.7440476190476191	1276	2938	0.6136363636363636	0.5650470219435737	100	100	0.19	0.19	500	500	0.25	0.25	100	100	0.31	0.31	168	500	0.5119047619047619	0.5059523809523809	0.9299363057324841	0.7770700636942676	0.7643312101910829	0.99999999	2.5109823126089252	2.6548996346438023	0.054208196858705704	0.47876134610268883	0.498985807499885	0.5321919062044381	0.67268262737876	ok
cross_m10	BRCA	SRP111343	SRP058722	0	16141	16421	16567	98	5645	0.7346938775510204	0.5204081632653061	121	9399	0.7024793388429752	0.4628099173553719	1494	5753	0.7061579651941098	0.37215528781793844	100	100	0.03	0.03	500	500	0.09	0.078	100	100	0.01	0.01	121	500	0.17355371900826447	0.1322314049586777	0.6428571428571429	0.8061224489795918	0.5306122448979592	0.9546485260770975	2.2972006645730865	2.308692610919162	0.004977685765408357	-0.0014384053114633105	-0.007196879727972632	-0.00249607554401302	0.496375689238585	ok
cross_m10	BRCA	SRP218935	SRP157974	3	16554	17058	16585	3071	4703	0.683490719635298	0.6789319439921849	6407	8658	0.662244420165444	0.6417980334009676	3371	4934	0.7018688816374963	0.6911895579946603	100	100	0.39	0.39	500	500	0.43	0.43	100	100	0.45	0.45	500	500	0.554	0.554	0.9492022142624552	0.7984369912080755	0.7909475740801042	0.891457722783024	1.6252279839470631	1.4526099432538793	-0.11883302981288679	0.6357904592107394	0.6230537659994498	0.7391679300379989	0.6983206475776248	ok
cross_m10	BRCA	SRP218935	SRP157974	4	16554	17058	16585	2662	3136	0.608564988730278	0.6063110443275732	5606	6364	0.5663574741348555	0.5640385301462718	3005	3506	0.6642262895174709	0.6535773710482529	100	100	0.1	0.1	500	500	0.204	0.204	100	100	0.27	0.26	500	500	0.48	0.478	0.9605559729526671	0.7193839218632607	0.7167543200601052	0.919501985617688	1.3323851078816915	1.496113077077018	0.10943555784914638	0.6824024139650428	0.6631808669681469	0.7384829181623197	0.7295517699649632	ok
cross_m10	BRCA	SRP218935	SRP111343	0	16290	17058	16421	2591	99	0.024700887688151294	0.02431493631802393	4640	122	0.018318965517241378	0.01810344827586207	3115	1532	0.2969502407704655	0.27640449438202247	100	100	0.03	0.03	500	500	0.16	0.16	100	100	0.05	0.05	500	122	0.052	0.052	0.8722500964878426	0.026630644538788113	0.026244693168660748	0.6173567844737275	0.6922971518207421	1.5362933264538807	0.5493717639074019	0.5684647203997745	0.6102573660577415	0.5655955766599267	0.7205033763044812	ok
cross_m10	BRCA	SRP218935	SRP111343	1	16290	17058	16421	3821	67	0.012038733315885893	0.011253598534415075	6917	83	0.008529709411594621	0.0079514240277577	4131	1032	0.16678770273541516	0.15177923021060277	100	100	0.05	0.05	500	500	0.142	0.142	100	83	0.06	0.06	500	83	0.05	0.05	0.8419261973305417	0.014132426066474744	0.013347291285003926	0.5613713687516355	0.4620711091481191	1.525171638430886	0.6970366498399465	0.49219399531995134	0.5081136872762428	0.5157596258648276	0.6777163904235728	ok
cross_m10	BRCA	TCGA-BRCA	SRP023262	4	14318	17081	14373	2243	1462	0.2661613909942042	0.2599197503343736	3756	1747	0.2036741214057508	0.19781682641107562	2723	2052	0.36320235034887993	0.3371281674623577	100	100	0.16	0.16	500	500	0.17	0.17	100	100	0.23	0.23	500	500	0.264	0.26	0.797146678555506	0.2839946500222916	0.2759696834596522	0.5831475702184573	0.7166520693767465	1.6684353852963165	0.5704645947379807	0.40187188602669005	0.3986153895932842	0.4843005046559402	0.6192904036876659	ok
cross_m10	BRCA	TCGA-BRCA	SRP116023	0	16435	17081	16739	3672	2141	0.4128540305010893	0.41203703703703703	6692	3498	0.3589360430364614	0.35789001793185893	4165	2900	0.5094837935174069	0.49939975990396157	100	100	0.19	0.19	500	500	0.322	0.322	100	100	0.4	0.4	500	500	0.478	0.478	0.9349128540305011	0.4980936819172113	0.49645969498910675	0.8105785524086178	1.0282632834847452	1.6775320791438362	0.3870380803629454	0.7086438429927583	0.7010263895452976	0.7548998904249367	0.7498630970489808	ok
cross_m10	BRCA	TCGA-BRCA	SRP116023	1	16435	17081	16739	4682	2595	0.3985476292182828	0.3947031183255019	6749	4961	0.4597718180471181	0.455623055267447	5302	3295	0.4681252357600905	0.4507732930969445	100	100	0.13	0.13	500	500	0.308	0.308	100	100	0.41	0.41	500	500	0.418	0.418	0.901964972234088	0.5192225544639043	0.5140965399401966	0.7857041150505482	0.9559213809561317	1.823927601759475	0.47589949292176403	0.6537645357899706	0.6684235901792374	0.7040570648504761	0.748950410708853	ok
cross_m10	BRCA	TCGA-BRCA	SRP116023	2	16435	17081	16739	3785	1644	0.2892998678996037	0.2882430647291942	5544	2574	0.27344877344877344	0.27236652236652237	4553	2426	0.38370305293213264	0.36788930375576545	100	100	0.08	0.08	500	500	0.25	0.25	100	100	0.28	0.28	500	500	0.366	0.362	0.9022457067371202	0.3450462351387054	0.3439894319682959	0.7146631439894319	0.7859702274859433	1.8354198994809972	0.5717763397312012	0.6249545793686494	0.6259142009753538	0.6615732022956518	0.7294797687861272	ok
cross_m10	BRCA	SRP218935	SRP116023	3	16534	17058	16739	3040	2991	0.3483552631578947	0.3115131578947368	6375	5609	0.35905882352941176	0.2823529411764706	3347	3667	0.4445772333432925	0.3737675530325665	100	100	0.0	0.0	500	500	0.054	0.054	100	100	0.24	0.22	500	500	0.26	0.25	0.7440789473684211	0.4200657894736842	0.3730263157894737	0.6672932330827066	0.8645459043803061	1.4459747084060477	0.4021016416439762	0.26124760162148297	0.24561569864159943	0.3825944917374311	0.5723962743437765	ok
cross_m10	BRCA	SRP218935	SRP116023	4	16534	17058	16739	2651	3030	0.37608449641644665	0.3176159939645417	5595	5044	0.3460232350312779	0.2739946380697051	2998	3603	0.47765176784523017	0.38058705803869247	100	100	0.04	0.04	500	500	0.044	0.038	100	100	0.09	0.09	500	500	0.198	0.182	0.7344398340248963	0.43794794417201055	0.3670313089400226	0.6808751414560543	0.9062762682176945	1.4926308988811086	0.3928329710331948	0.2776238622153373	0.2641126375367412	0.3554935507767219	0.5942905528002903	ok
cross_m10	BRCA	SRP218935	SRP062132	0	15376	17058	15385	2379	26	0.0037831021437578815	0.0037831021437578815	4431	27	0.0022568269013766643	0.0022568269013766643	2758	381	0.0728788977519942	0.06562726613488035	100	100	0.0	0.0	500	500	0.022	0.022	100	27	0.02	0.02	500	27	0.01	0.01	0.7713324926439681	0.0037831021437578815	0.0037831021437578815	0.1410956984727474	0.26346458304010073	1.5009246544797696	0.8244651506964423	0.3405606405852859	0.311713291006385	0.36176769728425956	0.6016519250780437	ok
cross_m10	BRCA	SRP218935	SRP062132	1	16812	17058	17037	3986	2	0.0002508780732563974	0.0	7090	2	0.00014104372355430183	0.0	4351	437	0.06136520340151689	0.04481728338313031	100	100	0.01	0.01	500	500	0.068	0.066	100	2	0.0	0.0	500	2	0.0	0.0	0.7265429001505268	0.0002508780732563974	0.0	0.03788258906171593	0.2331808580487214	1.5349624515344678	0.8480869301945362	0.31985155686549105	0.34119024444555635	0.3039682467181627	0.6178325005948132	ok
cross_m10	BRCA	SRP218935	SRP058722	1	16389	17058	16567	3838	6179	0.5343929129755081	0.29338196977592496	6939	9576	0.5973483210837296	0.30105202478743337	4151	6388	0.5675740785352927	0.30763671404480847	100	100	0.12	0.11	500	500	0.144	0.13	100	100	0.13	0.03	500	500	0.204	0.12	0.523970818134445	0.6388744137571651	0.34549244398124024	0.7677361721134519	1.169427840167158	1.526332138215749	0.2338313458208413	0.014105023735731961	0.005197717157886764	0.03519496132899348	0.49356275550674233	ok
cross_m10	BRCA	SRP218935	SRP058722	2	16389	17058	16567	2736	5971	0.5577485380116959	0.2781432748538012	5336	9266	0.5835832083958021	0.262743628185907	3123	6158	0.6000640409862312	0.2984309958373359	100	100	0.03	0.03	500	500	0.108	0.096	100	100	0.09	0.08	500	500	0.204	0.148	0.4930555555555556	0.6535087719298246	0.32383040935672514	0.7953216374269005	1.2731683288149616	1.4995345603694497	0.1509576621553269	-0.035099539653529126	-0.05237092841153402	0.012823518615485491	0.4787357373848313	ok
cross_m10	BRCA	SRP218935	SRP058722	3	16389	17058	16567	3002	6238	0.5816122584943371	0.2858094603597602	6332	9732	0.6032849020846494	0.28111181301326593	3284	6382	0.6108404384896468	0.298721071863581	100	100	0.04	0.03	500	500	0.086	0.066	100	100	0.11	0.02	500	500	0.168	0.076	0.48001332445036643	0.681545636242505	0.3324450366422385	0.8001332445036642	1.3175889715913254	1.4493870629037775	0.09093367443780065	-0.031095311914286248	-0.03626578072127328	-0.017398686959472925	0.4802001342363781	ok
cross_m10	BRCA	SRP218935	SRP058722	4	16389	17058	16567	2608	5959	0.5916411042944786	0.3174846625766871	5541	9549	0.6007940804908861	0.28749323226854356	2950	6110	0.6322033898305085	0.33016949152542374	100	100	0.04	0.03	500	500	0.102	0.084	100	100	0.11	0.05	500	500	0.188	0.12	0.5253067484662577	0.6756134969325154	0.35966257668711654	0.8159509202453987	1.3483905951329302	1.4922334022284351	0.09639430861197484	-0.022934106980662828	-0.038093331375146276	0.026310827270270717	0.47562389407529443	ok
cross_m10	BRCA	SRP111343	SRP157974	3	15669	15784	16585	335	4321	0.7432835820895523	0.7074626865671642	449	8236	0.7661469933184856	0.732739420935412	1512	4502	0.6832010582010583	0.5998677248677249	100	100	0.4	0.4	500	500	0.248	0.248	100	100	0.2	0.18	449	500	0.22271714922049	0.21158129175946547	0.8776119402985074	0.8029850746268656	0.7611940298507462	0.9029850746268656	2.079013013099721	1.8867797511889952	-0.10188431468462911	0.43072917332106353	0.4538019193888363	0.46313500318488693	0.6625821686131853	ok
cross_m10	BRCA	SRP111343	SRP157974	4	16102	16421	16585	155	2992	0.7161290322580646	0.7096774193548387	166	6202	0.7228915662650602	0.7168674698795181	1216	3325	0.6661184210526315	0.6151315789473685	100	100	0.08	0.08	500	500	0.158	0.158	100	100	0.13	0.13	166	500	0.39156626506024095	0.3855421686746988	0.9096774193548387	0.7419354838709677	0.7354838709677419	0.9741935483870967	2.179683356984844	2.6548996346438023	0.17899594826782073	0.5012218657218905	0.5013877236074464	0.5093096475115534	0.681343932430754	ok
cross_m10	BRCA	SRP111343	SRP218935	0	16290	16421	17058	99	2591	0.6464646464646465	0.6363636363636364	122	4640	0.6967213114754098	0.6885245901639344	1532	3115	0.6037859007832899	0.5620104438642297	100	100	0.03	0.03	500	500	0.16	0.16	100	100	0.05	0.05	122	500	0.21311475409836064	0.21311475409836064	0.9393939393939394	0.7171717171717171	0.7070707070707071	0.9422799422799423	1.5218200933690815	2.32306505710929	0.34490853421782297	0.5684647203997745	0.6102573660577415	0.5655955766599267	0.7205033763044812	ok
cross_m10	BRCA	SRP111343	SRP218935	1	16290	16421	17058	67	3821	0.6865671641791045	0.6417910447761194	83	6917	0.7108433734939759	0.6626506024096386	1032	4131	0.6676356589147286	0.6075581395348837	100	100	0.05	0.05	500	500	0.142	0.142	83	100	0.07228915662650602	0.07228915662650602	83	500	0.30120481927710846	0.30120481927710846	0.8656716417910447	0.6865671641791045	0.6417910447761194	0.99999999	1.8768389021499445	2.0968331867967374	0.10491739926287169	0.49219399531995134	0.5081136872762428	0.5157596258648276	0.6777163904235728	ok
cross_m10	BRCA	SRP111343	SRP023262	4	14252	16421	14373	112	1460	0.42857142857142855	0.41964285714285715	122	1745	0.4016393442622951	0.38524590163934425	875	2038	0.5268571428571428	0.49028571428571427	100	100	0.1	0.1	500	500	0.15	0.148	100	100	0.15	0.15	122	500	0.2540983606557377	0.2459016393442623	0.875	0.42857142857142855	0.41964285714285715	0.7077922077922079	1.253229833166493	2.5659024818679264	0.5115832179817814	0.4007229081456065	0.39000012684359076	0.47300449323322935	0.6312798203760875	ok
cross_m10	BRCA	SRP111343	SRP116023	0	16158	16421	16739	94	2125	0.5106382978723404	0.5	117	3482	0.4188034188034188	0.41025641025641024	1508	2821	0.5881962864721485	0.5497347480106101	100	100	0.08	0.08	500	500	0.12	0.12	100	100	0.12	0.11	117	500	0.21367521367521367	0.20512820512820512	0.8829787234042553	0.5212765957446809	0.5106382978723404	0.6996245306633291	1.2702518541344863	2.269754128360541	0.4403570685200172	0.48095936283450746	0.46858189687192214	0.5448525718937511	0.6610966703799975	ok
cross_m10	BRCA	SRP111343	SRP116023	1	16158	16421	16739	69	2564	0.5797101449275363	0.5072463768115942	85	4928	0.5529411764705883	0.47058823529411764	1002	3187	0.6447105788423154	0.5698602794411177	100	100	0.04	0.04	500	500	0.122	0.12	85	100	0.09411764705882353	0.09411764705882353	85	500	0.25882352941176473	0.23529411764705882	0.7681159420289855	0.5942028985507246	0.5072463768115942	0.8682476943346509	1.4707292359159367	2.167619788372837	0.32150036468343635	0.48131829609638443	0.4678334247381133	0.46952927643445813	0.6799108800594132	ok
cross_m10	BRCA	SRP111343	SRP116023	2	16158	16421	16739	1225	1628	0.22775510204081634	0.21714285714285714	2375	2557	0.18357894736842106	0.16589473684210526	2159	2340	0.4298286243631311	0.38628994905048636	100	100	0.01	0.01	500	500	0.02	0.016	100	100	0.02	0.02	500	500	0.122	0.114	0.8440816326530612	0.2702040816326531	0.2571428571428571	0.6454810495626822	0.7416488701876705	1.601470809610672	0.5368951680312112	0.41433825653733325	0.3680741736680084	0.4453144269963551	0.629780913479391	ok
cross_m10	BRCA	SRP218935	TCGA-BRCA	4	16703	17058	17081	2693	2926	0.46528035647976235	0.44968436687708874	5626	4481	0.39406327763953075	0.37771062922147175	3095	3738	0.5693053311793215	0.521486268174475	100	100	0.21	0.21	500	500	0.246	0.246	100	100	0.21	0.21	500	500	0.384	0.378	0.844040103973264	0.5235796509468994	0.5076123282584478	0.7526921648718901	1.1758386843003428	1.5055585397152564	0.21900168390481378	0.5019477577973661	0.5233151063361183	0.5729338896321401	0.6872418128479914	ok
cross_m10	BRCA	SRP218935	SRP157974	0	16554	17058	16585	2641	4015	0.6357440363498674	0.6304430140098447	4699	7322	0.668440093636944	0.6609917003617791	3205	4514	0.6717628705148206	0.6492979719188767	100	100	0.07	0.07	500	500	0.264	0.264	100	100	0.27	0.27	500	500	0.462	0.46	0.9375236652783037	0.7266187050359713	0.7198031048845135	0.8401278976818545	1.4447877320172269	1.5355981473449436	0.05913683569150452	0.6379223694580942	0.6469319023806384	0.6966589659039962	0.7207925576899843	ok
cross_m10	BRCA	SRP218935	SRP157974	1	16554	17058	16585	3915	3199	0.4827586206896552	0.48148148148148145	7018	6420	0.5146765460245084	0.5089769165004274	4245	3566	0.5239104829210837	0.5144876325088339	100	100	0.24	0.24	500	500	0.356	0.356	100	100	0.26	0.26	500	500	0.48	0.476	0.9369093231162197	0.6446998722860792	0.6421455938697318	0.8241196861886516	1.0455054709114395	1.5287002433896502	0.3160820929856091	0.6356086935566936	0.6277703181727508	0.7165375324277621	0.7051467923160566	ok
cross_m10	BRCA	SRP218935	SRP157974	2	16554	17058	16585	2804	2953	0.630527817403709	0.6276747503566333	5409	5974	0.6553891662044741	0.653910149750416	3196	3368	0.6752190237797246	0.6664580725907384	100	100	0.06	0.06	500	500	0.298	0.298	100	100	0.28	0.28	500	500	0.554	0.554	0.9714693295292439	0.761055634807418	0.7582025677603423	0.9223331748296085	1.3478519227313335	1.5103187954023414	0.10757124467071699	0.7812825096736111	0.7904691472191484	0.7954275293446252	0.8029479279932342	ok
cross_m10	BRCA	SRP111343	SRP156355	1	16245	16421	16953	71	1358	0.4788732394366197	0.4647887323943662	87	2271	0.47126436781609193	0.4482758620689655	1033	1953	0.526621490803485	0.505324298160697	100	100	0.07	0.07	500	500	0.144	0.144	87	100	0.12643678160919541	0.12643678160919541	87	500	0.28735632183908044	0.27586206896551724	0.9295774647887324	0.5070422535211268	0.49295774647887325	0.8591549295774648	1.343973713337253	2.2271867915644106	0.3965599479901617	0.5209404493773728	0.5049240689074831	0.556965054309127	0.6869190520160049	ok
cross_m10	BRCA	SRP111343	SRP156355	2	16364	16421	17666	1252	1361	0.35782747603833864	0.35543130990415334	2402	2128	0.302248126561199	0.3009991673605329	2247	2152	0.48153093012906095	0.4561637739207833	100	100	0.04	0.04	500	500	0.132	0.132	100	100	0.19	0.19	500	500	0.31	0.304	0.9001597444089456	0.4097444089456869	0.4073482428115016	0.7160099396521122	0.9806242860754721	1.6212495301324938	0.39514290191015056	0.6002327842607651	0.6116163212191764	0.6042362141456519	0.7278171596186751	ok
cross_m10	BRCA	SRP111343	SRP156355	3	15767	15784	17666	337	1771	0.42433234421364985	0.4094955489614243	451	3152	0.43237250554323725	0.4212860310421286	1554	2266	0.4922779922779923	0.44594594594594594	100	100	0.01	0.01	500	500	0.064	0.064	100	100	0.06	0.05	451	500	0.1286031042128603	0.11751662971175167	0.9020771513353115	0.49258160237388726	0.47774480712166173	0.7823936696340257	1.049112686957214	1.8987506405397567	0.4474721089974282	0.43586670285959855	0.45334604976632237	0.45269987427733704	0.6608105536880827	ok
cross_m10	BRCA	SRP111343	SRP156355	4	16405	16421	18379	161	2055	0.5279503105590062	0.5279503105590062	172	3526	0.5116279069767442	0.5116279069767442	1315	2627	0.5505703422053232	0.5011406844106464	100	100	0.06	0.06	500	500	0.096	0.096	100	100	0.12	0.12	172	500	0.23255813953488372	0.23255813953488372	0.9565217391304348	0.5341614906832298	0.5341614906832298	0.8136645962732919	1.4444527660698585	2.6863491397529824	0.4622989451763221	0.5115295197807516	0.5212808714024468	0.5072170180055556	0.6885705577567814	ok
cross_m10	BRCA	SRP157974	SRP156355	1	16375	16585	16953	3159	1349	0.25799303577081356	0.25387780943336496	6378	2262	0.2127626215114456	0.2079021636876764	3500	1960	0.36942857142857144	0.3502857142857143	100	100	0.07	0.07	500	500	0.206	0.206	100	100	0.16	0.15	500	500	0.36	0.354	0.8550174105729661	0.304210193099082	0.29946185501741057	0.6720481164925608	0.7584747923778746	1.588795438703638	0.5226101649708004	0.5145025787924731	0.5120384636110631	0.5828207338141901	0.6791450381679389	ok
cross_m10	BRCA	SRP157974	SRP156355	2	16523	16585	17666	2947	1331	0.2517814726840855	0.24499491007804547	5968	2098	0.2074396782841823	0.20291554959785524	3358	2164	0.38892197736748063	0.35378201310303753	100	100	0.03	0.03	500	500	0.102	0.102	100	100	0.23	0.21	500	500	0.338	0.326	0.8578215134034611	0.29284017645062776	0.2860536138445877	0.667458432304038	0.804554912806537	1.5861884825886892	0.49277471016969665	0.5548025773134884	0.5778130241642493	0.551699096123278	0.7134902862676269	ok
cross_m10	BRCA	SRP157974	SRP156355	3	16538	16585	17666	4699	1814	0.2713343264524367	0.26516280059587144	8653	3195	0.2708887091182249	0.26245232867213686	4929	2445	0.35199837695272873	0.3278555487928586	100	100	0.03	0.03	500	500	0.196	0.196	100	100	0.28	0.28	500	500	0.41	0.408	0.8591189614811662	0.3605022345179825	0.35305384124281763	0.6722706958927431	0.739830426241729	1.7009517506565328	0.565049140308554	0.5652040738927128	0.5905799925123173	0.6119287983262047	0.7045591970008466	ok
cross_m10	BRCA	SRP157974	SRP156355	4	16575	16585	18379	3143	2044	0.34075723830734966	0.33184855233853006	6371	3515	0.30576047716214094	0.299325066708523	3517	2705	0.4378731873756042	0.4051748649417117	100	100	0.04	0.04	500	500	0.148	0.148	100	100	0.22	0.19	500	500	0.316	0.302	0.8596881959910914	0.42443525294304807	0.4142538975501114	0.743344999469721	0.8738430016659295	1.552653956517512	0.43719397487261435	0.5498028470501302	0.5576966074756909	0.5718838146838052	0.702262443438914	ok
cross_m10	BRCA	SRP111343	SRP058722	1	16141	16421	16567	71	6063	0.647887323943662	0.30985915492957744	87	9460	0.6206896551724138	0.3218390804597701	1001	6248	0.7362637362637363	0.45054945054945056	100	100	0.01	0.01	500	500	0.056	0.046	87	100	0.022988505747126436	0.022988505747126436	87	500	0.09195402298850575	0.06896551724137931	0.5070422535211268	0.6619718309859155	0.323943661971831	0.8309859154929577	1.7386684323515436	2.2271867915644106	0.21934323652742393	0.1893707071150545	0.18842342196784478	0.17384981574680408	0.5726411003035747	ok
cross_m10	BRCA	SRP111343	SRP058722	2	16141	16421	16567	1230	5844	0.5991869918699188	0.4032520325203252	2380	9139	0.5949579831932773	0.36428571428571427	2167	6008	0.6451315182279649	0.40055376095985235	100	100	0.12	0.11	500	500	0.152	0.132	100	100	0.06	0.04	500	500	0.164	0.144	0.6268292682926829	0.6739837398373983	0.44878048780487806	0.7831978319783197	1.364565864647851	1.612584921949967	0.1538021681377294	0.10069718929091051	0.08329183830156121	0.168843179288832	0.5263614398116597	ok
cross_m10	BRCA	SRP111343	SRP058722	3	15682	15784	16567	335	5839	0.6626865671641791	0.44477611940298506	449	9321	0.6636971046770601	0.4365256124721604	1525	5936	0.6649180327868852	0.3475409836065574	100	100	0.01	0.01	500	500	0.062	0.044	100	100	0.06	0.02	449	500	0.07349665924276169	0.0400890868596882	0.6298507462686567	0.7313432835820896	0.4955223880597015	0.7850746268656716	1.763275339585551	1.8867797511889952	0.06545777880307191	-0.0014189210137388706	-0.020315677969568208	0.006076248959719625	0.4926667516898355	ok
cross_m10	BRCA	SRP111343	SRP058722	4	16141	16421	16567	158	5842	0.8354430379746836	0.689873417721519	169	9430	0.863905325443787	0.6923076923076923	1249	5972	0.7181745396317054	0.46357085668534825	100	100	0.04	0.03	500	500	0.092	0.084	100	100	0.08	0.06	169	500	0.1952662721893491	0.16568047337278108	0.7911392405063291	0.8670886075949367	0.7151898734177216	0.8987341772151899	2.6258108502134827	2.6577132796658853	0.012003713755162182	0.10722346628595054	0.11541271220269297	0.12124791772577302	0.5406728207669909	ok
cross_m10	BRCA	SRP058722	SRP157974	3	16218	16567	16585	6144	4546	0.4239908854166667	0.18977864583333334	9637	8494	0.5404171422641901	0.22320224136141953	6272	4748	0.4492984693877551	0.2002551020408163	100	100	0.01	0.01	500	500	0.08	0.056	100	100	0.12	0.02	500	500	0.188	0.086	0.43310546875	0.5856119791666666	0.25	0.7574869791666666	0.8666558466860839	1.7813001329054048	0.5134700600552264	-0.10413523555264831	-0.12004129815044733	-0.08051699636522149	0.4453076828215563	ok
cross_m10	BRCA	SRP058722	SRP157974	4	16218	16567	16585	5852	3013	0.30570745044429254	0.16404647983595352	9441	6234	0.398156974896727	0.20252091939413197	5991	3352	0.35069270572525457	0.18794858955099317	100	100	0.01	0.01	500	500	0.086	0.064	100	100	0.17	0.04	500	500	0.182	0.082	0.5068352699931647	0.44053315105946683	0.231203007518797	0.6889952153110047	0.6651959514051613	1.7719327428187666	0.6245930021322499	0.015998036870899655	0.005681925770400804	0.0005235567753255843	0.5001849796522383	ok
cross_m10	BRCA	SRP058722	SRP218935	0	16389	16567	17058	5778	2583	0.238490827275874	0.11803392177223954	9534	4640	0.28634361233480177	0.1328928046989721	5901	3114	0.30469411964073884	0.1528554482291137	100	100	0.01	0.01	500	500	0.07	0.058	100	100	0.09	0.03	500	500	0.164	0.104	0.4998269297334718	0.3096227068189685	0.1503980616130149	0.5765547478943118	0.6095508602228545	1.7835239028217376	0.6582323010874842	-0.008189548654505604	-0.02172463188528658	0.014676965809054674	0.48178656415888704	ok
cross_m10	BRCA	SRP058722	SRP218935	1	16389	16567	17058	6179	3838	0.33193073312833793	0.1822301343259427	9576	6939	0.4328529657477026	0.21814954051796157	6388	4151	0.3688165309956168	0.199906073888541	100	100	0.12	0.11	500	500	0.144	0.13	100	100	0.13	0.03	500	500	0.204	0.12	0.5029940119760479	0.4541187894481308	0.24259588930247614	0.6622970275664886	0.7210318111049208	1.7941860649428534	0.5981287419441159	0.014105023735731961	0.005197717157886764	0.03519496132899348	0.49356275550674233	ok
cross_m10	BRCA	TCGA-BRCA	SRP058722	1	16417	17081	16567	4657	6214	0.5361820914751986	0.3467897788275714	6723	9615	0.605979473449353	0.38122861817640935	5265	6424	0.5804368471035137	0.3667616334283001	100	100	0.02	0.02	500	500	0.104	0.088	100	100	0.12	0.04	500	500	0.168	0.098	0.611123040584067	0.6379643547348078	0.4099205497101138	0.7687045614896162	1.1568486501378679	1.8202187471772855	0.36444526135561595	0.16024499933478795	0.14672046086147658	0.11812137569516493	0.5545471157946031	ok
cross_m10	BRCA	TCGA-BRCA	SRP058722	2	16417	17081	16567	3753	5997	0.5438316013855582	0.312816413535838	5512	9295	0.5930696661828737	0.3283744557329463	4523	6188	0.5885474242759231	0.3382710590316162	100	100	0.01	0.01	500	500	0.056	0.048	100	100	0.12	0.04	500	500	0.16	0.08	0.5579536370903277	0.6394884092725819	0.3711697308819611	0.7563161591938571	1.2151689188796706	1.8296716454975583	0.3358541015433295	0.08277611907583868	0.053181669172745916	0.06659347571916013	0.5244563562161174	ok
cross_m10	BRCA	TCGA-BRCA	SRP058722	3	16417	17081	16567	3923	6261	0.5595207749171552	0.325261279632934	6989	9756	0.5970811274860495	0.32222063242237803	4429	6412	0.5972002709415218	0.34996613230977647	100	100	0.03	0.03	500	500	0.074	0.07	100	100	0.08	0.03	500	500	0.164	0.092	0.5607953097119551	0.6604639306653072	0.38388988019372927	0.7897017588580167	1.2472622200327974	1.7496783364690032	0.2871477036459875	0.08292799448241471	0.03836044192498919	0.07258291422034427	0.5162331729304989	ok
cross_m10	BRCA	TCGA-BRCA	SRP058722	4	16417	17081	16567	2861	5989	0.6053827333100315	0.3575672841663754	4416	9579	0.6261322463768116	0.36616847826086957	3595	6144	0.6367176634214187	0.3769123783031989	100	100	0.02	0.02	500	500	0.112	0.088	100	100	0.12	0.03	500	500	0.21	0.116	0.5725270884306186	0.681929395316323	0.4016078294302691	0.8182453687521845	1.3698866106781782	1.767798676655112	0.22508901677075088	0.09768377446069945	0.0757289984568	0.06191650122102106	0.5269537674361942	ok
cross_m10	BRCA	TCGA-BRCA	SRP218935	3	16703	17081	17058	4053	3104	0.4063656550703183	0.38835430545275107	7119	6433	0.47253827784801233	0.4414945919370698	4596	3451	0.44886858137510877	0.4088337684943429	100	100	0.21	0.21	500	500	0.278	0.278	100	100	0.25	0.25	500	500	0.398	0.394	0.8124845793239576	0.5233160621761658	0.4971625956081915	0.715202143033379	0.871393348367154	1.768248105220045	0.5071996142426429	0.47608388272497315	0.4916209068206338	0.5430000848818931	0.652098425432557	ok
cross_m10	BRCA	TCGA-BRCA	SRP218935	4	16703	17081	17058	2926	2693	0.42822966507177035	0.4138755980861244	4481	5626	0.49475563490292346	0.4742245034590493	3738	3095	0.47137506688068487	0.4317817014446228	100	100	0.21	0.21	500	500	0.246	0.246	100	100	0.21	0.21	500	500	0.384	0.378	0.8390293916609706	0.5273410799726589	0.5020505809979494	0.7972203235361128	0.9566495651744278	1.784047539577398	0.4637757436659803	0.501947757797366	0.5233151063361183	0.57293388963214	0.6872418128479914	ok
cross_m10	BRCA	TCGA-BRCA	SRP111343	0	16376	17081	16421	3689	101	0.017619951206288967	0.01734887503388452	6708	124	0.010286225402504472	0.010137149672033392	4164	1564	0.2615273775216138	0.24279538904899137	100	100	0.07	0.07	500	500	0.114	0.114	100	100	0.04	0.04	500	124	0.04	0.038	0.8183789644890214	0.017891027378693414	0.017619951206288967	0.4717026595584469	0.5774187450379494	1.6739992486124151	0.6550663057247044	0.4532160384593085	0.42539667400293973	0.5366640705880542	0.6457620908646801	ok
cross_m10	BRCA	TCGA-BRCA	SRP111343	1	16376	17081	16421	4685	70	0.011099252934898612	0.009818569903948773	6753	86	0.00873685769287724	0.007700281356434177	5281	1066	0.1605756485514107	0.1442908540049233	100	100	0.06	0.06	500	500	0.144	0.144	100	86	0.07	0.07	500	86	0.048	0.046	0.8098185699039487	0.011953041622198506	0.010672358591248666	0.4786552828175026	0.4369383824847121	1.8224941375312531	0.7602525168741624	0.4820286161918841	0.47850195499076537	0.5214070746707673	0.6771494870542257	ok
cross_m10	BRCA	TCGA-BRCA	SRP156355	1	16580	17081	16953	4717	1368	0.2066991732033072	0.20139919440322238	6784	2281	0.22567806603773585	0.22007665094339623	5377	2025	0.28454528547517205	0.2665054863306677	100	100	0.11	0.11	500	500	0.254	0.252	100	100	0.3	0.29	500	500	0.316	0.306	0.8405766376934493	0.2715709137163451	0.26499894000423996	0.6162815348738604	0.6160696923460874	1.8276303184909701	0.662913398780361	0.5297677051785329	0.546395740256943	0.6020986817329405	0.6943305186972256	ok
cross_m10	BRCA	TCGA-BRCA	SRP156355	2	16872	17081	17666	3929	1366	0.22753881394756936	0.22423008399083735	5689	2133	0.24573738794164177	0.24345227632272806	4810	2277	0.34365904365904365	0.31351351351351353	100	100	0.05	0.05	500	500	0.208	0.208	100	100	0.21	0.21	500	500	0.348	0.344	0.8885212522270298	0.29294986001527107	0.2896411300585391	0.707813693051667	0.7372248447842332	1.863345579288722	0.6043542040840071	0.592722253036217	0.6325301025473029	0.6010957484601622	0.7349454717875771	ok
cross_m10	BRCA	TCGA-BRCA	SRP156355	3	16904	17081	17666	4142	1856	0.309753742153549	0.30637373249637856	7209	3237	0.31516160355111666	0.31252600915522266	4718	2552	0.394022891055532	0.37346333192030523	100	100	0.16	0.16	500	500	0.254	0.254	100	100	0.3	0.3	500	500	0.444	0.442	0.8891839690970545	0.40584258812168034	0.401979719942057	0.7163206180589087	0.822866253492839	1.795781410992463	0.5417781649504486	0.6183021069220467	0.6431288521150648	0.6426925808574585	0.7299455750118315	ok
cross_m10	BRCA	TCGA-BRCA	SRP156355	4	17003	17081	18379	3022	2116	0.37127729980145596	0.3630046326935804	4577	3587	0.4122787852305003	0.4059427572645838	3924	2844	0.43934760448521915	0.4080020387359837	100	100	0.08	0.08	500	500	0.202	0.202	100	100	0.21	0.21	500	500	0.298	0.288	0.8821972203838517	0.45334215751158174	0.4447385837193911	0.7540260313258327	0.9264961791817328	1.8110867406111637	0.4884308087479674	0.5902738819958693	0.6309520962934198	0.5941862940909154	0.7271657942715991	ok
cross_m10	BRCA	SRP157974	SRP023262	0	14173	16585	14373	3154	948	0.16106531388712747	0.14933417882054534	6280	1066	0.10095541401273886	0.09267515923566878	3455	1666	0.27814761215629524	0.23560057887120114	100	100	0.07	0.07	500	500	0.132	0.132	100	100	0.13	0.13	500	500	0.296	0.272	0.7660114140773621	0.1746987951807229	0.16265060240963855	0.5402663284717817	0.577914045957229	1.5323243605493677	0.6228513617377749	0.380205899513345	0.3850871549694088	0.4077530970513837	0.6212516757214421	ok
cross_m10	BRCA	SRP157974	SRP023262	1	14173	16585	14373	2417	1333	0.22755482002482416	0.20148944973107158	5455	1742	0.15875343721356552	0.14188817598533457	2609	1814	0.322729014948256	0.2644691452663856	100	100	0.04	0.04	500	500	0.094	0.092	100	100	0.15	0.13	500	500	0.282	0.254	0.7790649565577161	0.26189491104675217	0.23458833264377327	0.5991357513906128	0.6356225250455889	1.5080475134225995	0.5785129318618035	0.3938949724852573	0.40442973800553317	0.38646621235742773	0.6546955478727158	ok
cross_m10	BRCA	SRP157974	SRP023262	2	14173	16585	14373	2243	807	0.17476593847525634	0.16852429781542577	5112	847	0.09448356807511737	0.09076682316118936	2462	1720	0.3497156783103168	0.3107229894394801	100	100	0.0	0.0	500	500	0.118	0.116	100	100	0.16	0.16	500	500	0.238	0.23	0.7967008470798038	0.1792242532322782	0.17298261257244762	0.5775746767721801	0.7093977061223175	1.499043555587277	0.5267664481940965	0.4075608597383316	0.4031982934215267	0.4392747334051977	0.6297184787977139	ok
cross_m10	BRCA	SRP157974	SRP023262	3	14173	16585	14373	3671	690	0.13647507491146826	0.1342958321983111	7415	721	0.076062036412677	0.07403910991233985	3793	1678	0.2955444239388347	0.2723437911943053	100	100	0.12	0.12	500	500	0.196	0.196	100	100	0.28	0.28	500	500	0.366	0.364	0.8272950149822936	0.1394715336420594	0.13729229092890222	0.5559792971942249	0.6406790838414829	1.6082644815245537	0.6016332567177313	0.4931236338202301	0.5007484591322634	0.5484045816391432	0.66915966979468	ok
cross_m10	BRCA	SRP111343	SRP116023	3	15682	15784	16739	335	2895	0.42388059701492536	0.40298507462686567	449	5509	0.4209354120267261	0.38084632516703787	1521	3405	0.5417488494411571	0.46942800788954636	100	100	0.0	0.0	500	500	0.036	0.036	100	100	0.02	0.01	449	500	0.0378619153674833	0.031180400890868598	0.8985074626865671	0.4925373134328358	0.46865671641791046	0.8283582089552238	1.097546200170801	1.8867797511889952	0.41829659795789176	0.2741137196701292	0.2507461556453344	0.3218281650797561	0.5947583216426476	ok
cross_m10	BRCA	SRP111343	SRP116023	4	16158	16421	16739	158	2994	0.6392405063291139	0.6329113924050633	169	5006	0.6449704142011834	0.6331360946745562	1248	3499	0.6586538461538461	0.6185897435897436	100	100	0.03	0.03	500	500	0.042	0.042	100	100	0.1	0.1	169	500	0.20118343195266272	0.1952662721893491	0.9620253164556962	0.6708860759493671	0.6645569620253164	0.9367088607594937	1.5660071850319266	2.673438032220475	0.4142347171850288	0.5031049438748643	0.48415278127034395	0.51552589712928	0.6802822131451912	ok
cross_m10	BRCA	SRP111343	SRP062132	0	15276	16421	15385	89	27	0.02247191011235955	0.02247191011235955	112	28	0.017857142857142856	0.017857142857142856	1247	382	0.09141940657578188	0.06415396952686447	100	100	0.03	0.03	500	500	0.048	0.042	100	28	0.02	0.02	112	28	0.017857142857142856	0.017857142857142856	0.8539325842696629	0.02247191011235955	0.02247191011235955	0.25093632958801493	0.3703502696192768	2.26568280955519	0.8365392242650304	0.21659144301071828	0.19353289515833394	0.21243720836970267	0.5610761979575806	ok
cross_m10	BRCA	SRP111343	SRP062132	1	16300	16421	17037	70	2	0.0	0.0	86	2	0.0	0.0	1039	393	0.1588065447545717	0.12030798845043311	100	100	0.06	0.04	500	500	0.062	0.052	86	2	0.0	0.0	86	2	0.0	0.0	0.7857142857142857	0.0	0.0	0.4285714285714285	0.5097696571388081	2.1974032899686238	0.7680126995959459	0.2853765599522757	0.2871270203057742	0.2646046572951552	0.5998159509202454	ok
cross_m10	BRCA	SRP058722	SRP023262	0	14157	16567	14373	4512	941	0.11945921985815602	0.07402482269503546	8114	1059	0.08688686221345822	0.05348779886615726	4571	1659	0.2185517392255524	0.13782542113323124	100	100	0.0	0.0	500	500	0.07	0.056	100	100	0.06	0.05	500	500	0.16	0.11	0.5899822695035462	0.12854609929078015	0.07934397163120567	0.4015957446808508	0.47398912192900944	1.6748084718779856	0.7169890588160692	0.1631509002771487	0.15995213720231827	0.17575075114164382	0.5568976478067387	ok
cross_m10	BRCA	SRP058722	SRP023262	1	14157	16567	14373	4937	1330	0.15353453514279927	0.10877050840591453	8206	1739	0.1324640506946137	0.09322446990007312	5034	1811	0.2208978943186333	0.15355582042113627	100	100	0.04	0.04	500	500	0.066	0.05	100	100	0.11	0.05	500	500	0.182	0.142	0.6036054283978124	0.18189183714806562	0.13024103706704476	0.4789345756532306	0.49041948316340395	1.685898330709268	0.7091049476529931	0.17970180992014537	0.16667743599559276	0.2124958482446782	0.5537190082644629	ok
cross_m10	BRCA	SRP058722	SRP023262	2	14157	16567	14373	4726	796	0.09458315700380872	0.058823529411764705	7882	836	0.06622684597817813	0.04085257548845471	4820	1705	0.2107883817427386	0.13340248962655601	100	100	0.03	0.02	500	500	0.076	0.046	100	100	0.04	0.04	500	500	0.146	0.106	0.5679221328819297	0.09796868387642826	0.06136267456622937	0.39219212865002107	0.489010009579095	1.6807804432802915	0.7090577704338827	0.12488652679988252	0.11438869495224621	0.1577846671355973	0.5398036307127216	ok
cross_m10	BRCA	SRP058722	SRP023262	3	14157	16567	14373	4934	686	0.08471828131333603	0.04600729631130928	8306	717	0.05863231398988683	0.03106188297616181	5003	1671	0.2006795922446532	0.11533080151908855	100	100	0.01	0.01	500	500	0.068	0.04	100	100	0.08	0.02	500	500	0.126	0.078	0.5328334008917713	0.0861370085123632	0.04681799756789623	0.37633910475418353	0.4776338215272441	1.7006540852151852	0.7191469883972268	0.05476226356514704	0.03737832397953842	0.07583050664031164	0.506816415907325	ok
cross_m10	BRCA	SRP111343	SRP023262	0	14252	16421	14373	76	968	0.25	0.25	99	1086	0.20202020202020202	0.20202020202020202	1101	1703	0.44504995458673935	0.40417801998183467	100	100	0.03	0.03	500	500	0.084	0.084	99	100	0.06060606060606061	0.06060606060606061	99	500	0.1717171717171717	0.1717171717171717	0.881578947368421	0.2631578947368421	0.2631578947368421	0.7807017543859649	0.8389299504429908	2.251343303953158	0.6273647164473297	0.3760010421867113	0.35969398517157825	0.4354314853814971	0.6200533258490036	ok
cross_m10	BRCA	SRP111343	SRP023262	1	14252	16421	14373	53	1361	0.5094339622641509	0.5094339622641509	67	1770	0.417910447761194	0.417910447761194	711	1860	0.5288326300984529	0.47538677918424754	100	100	0.08	0.08	500	500	0.128	0.128	67	100	0.05970149253731343	0.05970149253731343	67	500	0.2537313432835821	0.2537313432835821	0.7735849056603774	0.5283018867924528	0.5283018867924528	0.7405660377358492	1.449368803300251	2.057652896153633	0.2956203614275501	0.3862655671408224	0.3636386402710987	0.44475529311231227	0.6253157451585742	ok
cross_m10	BRCA	SRP111343	SRP023262	2	14252	16421	14373	948	821	0.2468354430379747	0.2468354430379747	2068	861	0.1349129593810445	0.1349129593810445	1598	1746	0.4518147684605757	0.43617021276595747	100	100	0.06	0.06	500	500	0.134	0.134	100	100	0.23	0.23	500	500	0.294	0.294	0.8966244725738397	0.2552742616033755	0.2552742616033755	0.6741678387248007	0.8856801684735753	1.514680277915157	0.4152692278448048	0.4992356611652978	0.47563607986040696	0.5649638604132529	0.6560482739264665	ok
cross_m10	BRCA	SRP111343	SRP023262	3	14092	15784	14373	238	689	0.15126050420168066	0.15126050420168066	350	720	0.10285714285714286	0.10285714285714286	1157	1658	0.3975799481417459	0.36732929991356955	100	100	0.07	0.07	500	500	0.07	0.07	100	100	0.07	0.07	350	500	0.09714285714285714	0.09714285714285714	0.7983193277310925	0.15126050420168066	0.15126050420168066	0.5518207282913163	0.7040563248085816	1.6231009081756445	0.5662276317743321	0.2943961795086959	0.2636317965772665	0.37799731201913433	0.5928186204938972	ok
cross_m10	BRCA	TCGA-BRCA	SRP023262	0	14318	17081	14373	2936	975	0.2159400544959128	0.2149182561307902	5844	1093	0.13056125941136207	0.1300479123887748	3254	1723	0.3531038721573448	0.3368162261831592	100	100	0.19	0.19	500	500	0.208	0.208	100	100	0.14	0.14	500	500	0.332	0.33	0.8824931880108992	0.23262942779291554	0.23160762942779292	0.6648501362397818	0.7193631093296451	1.5812404521383046	0.5450640613469928	0.5628227195638223	0.5546544574517018	0.6033630468112838	0.6866880849280625	ok
cross_m10	BRCA	TCGA-BRCA	SRP023262	1	14318	17081	14373	3862	1367	0.23640600725012947	0.2322630761263594	5865	1776	0.20869565217391303	0.20511508951406648	4277	1875	0.30956277764788404	0.29296235679214405	100	100	0.09	0.09	500	500	0.222	0.222	100	100	0.29	0.29	500	500	0.356	0.356	0.8562920766442258	0.28146038322112893	0.2767995857068876	0.6374935266701192	0.6470211312042399	1.6918645266125218	0.6175691841593748	0.5482755928884084	0.5521129135110151	0.5975520352170488	0.6928341947199329	ok
cross_m10	BRCA	TCGA-BRCA	SRP023262	2	14318	17081	14373	3025	822	0.16793388429752065	0.16661157024793388	4736	862	0.11592060810810811	0.11507601351351351	3538	1762	0.3128886376483889	0.29395138496325607	100	100	0.08	0.08	500	500	0.19	0.19	100	100	0.14	0.14	500	500	0.306	0.304	0.8185123966942148	0.17256198347107438	0.1712396694214876	0.5761248852157943	0.6536070083204606	1.7242782519235815	0.6209387854939854	0.48425801391210416	0.46697522457778473	0.531613808613691	0.6486939516692275	ok
cross_m10	BRCA	TCGA-BRCA	SRP023262	3	14318	17081	14373	3147	704	0.16205910390848427	0.1607880521131236	6084	735	0.09319526627218935	0.09253780407626562	3475	1735	0.33870503597122303	0.32661870503597124	100	100	0.21	0.21	500	500	0.238	0.238	100	100	0.28	0.28	500	500	0.404	0.404	0.8716237686685733	0.1652367333968859	0.16396568160152525	0.6131236097870987	0.7206009950531759	1.6652587972914135	0.567273869848187	0.5633462663947385	0.5449120351399603	0.6268231340772359	0.6910881408017879	ok
cross_m10	BRCA	SRP023262	TCGA-BRCA	0	14318	14373	17081	975	2936	0.6502564102564102	0.6471794871794871	1093	5844	0.6980786825251601	0.6953339432753889	1723	3254	0.6668601276842716	0.6360998258850842	100	100	0.19	0.19	500	500	0.208	0.208	100	100	0.14	0.14	500	500	0.332	0.33	0.9353846153846154	0.6994871794871795	0.6964102564102564	0.8523076923076923	1.6447056305743772	1.6777389044543225	0.019689162474711308	0.5628227195638223	0.5546544574517018	0.6033630468112838	0.6866880849280625	ok
cross_m10	BRCA	SRP023262	TCGA-BRCA	1	14318	14373	17081	1367	3862	0.667885881492319	0.6561814191660571	1776	5865	0.6891891891891891	0.6773648648648649	1875	4277	0.7061333333333333	0.6682666666666667	100	100	0.09	0.09	500	500	0.222	0.222	100	100	0.29	0.29	500	500	0.356	0.356	0.9151426481346013	0.7059253840526701	0.6920263350402341	0.8500365764447695	1.7438078039475027	1.5404044225873665	-0.1320454410397538	0.5482755928884084	0.5521129135110151	0.5975520352170488	0.6928341947199329	ok
cross_m10	BRCA	SRP023262	TCGA-BRCA	2	14318	14373	17081	822	3025	0.6180048661800487	0.6131386861313869	862	4736	0.6368909512761021	0.6322505800464037	1762	3538	0.6282633371169126	0.5902383654937571	100	100	0.08	0.08	500	500	0.19	0.19	100	100	0.14	0.14	500	500	0.306	0.304	0.9233576642335767	0.6374695863746959	0.6326034063260341	0.8540145985401459	1.663137954908489	1.6556426380409706	-0.004527134476548289	0.48425801391210416	0.4669752245777847	0.531613808613691	0.6486939516692275	ok
cross_m10	BRCA	SRP023262	TCGA-BRCA	3	14318	14373	17081	704	3147	0.7244318181818182	0.71875	735	6084	0.7714285714285715	0.7659863945578231	1735	3475	0.6783861671469741	0.654178674351585	100	100	0.21	0.21	500	500	0.238	0.238	100	100	0.28	0.28	500	500	0.404	0.404	0.9502840909090909	0.7755681818181818	0.7698863636363636	0.926948051948052	2.046539649283143	1.8471949023985312	-0.10791754926660313	0.5633462663947385	0.5449120351399603	0.6268231340772359	0.6910881408017879	ok
cross_m10	BRCA	SRP157974	SRP058722	1	16218	16585	16567	3088	6077	0.6269430051813472	0.33419689119170987	6302	9475	0.6109171691526499	0.28387813392573785	3404	6265	0.6571680376028202	0.34665099882491185	100	100	0.1	0.1	500	500	0.13	0.122	100	100	0.09	0.01	500	500	0.2	0.108	0.5197538860103627	0.6913860103626943	0.3601036269430052	0.7992227979274611	1.4853034891360886	1.5764690250203934	0.05782894204542044	-0.03749041125772142	-0.049859583855683835	-0.001830018489625372	0.47373288938216795	ok
cross_m10	BRCA	SRP157974	SRP058722	2	16218	16585	16567	2849	5874	0.6153036153036153	0.3334503334503334	5864	9170	0.599931787175989	0.2957025920873124	3210	6036	0.6461059190031153	0.34361370716510903	100	100	0.04	0.04	500	500	0.152	0.136	100	100	0.06	0.01	500	500	0.188	0.11	0.5247455247455247	0.6844506844506845	0.3674973674973675	0.8049998049998051	1.463964210109812	1.5659404774747885	0.06512141989548781	-0.014391342475456669	-0.017722282402715558	0.012982884587322394	0.4852016278209397	ok
cross_m10	BRCA	SRP157974	SRP058722	3	16218	16585	16567	4546	6144	0.5730312362516498	0.2564892212934448	8494	9637	0.6131386861313869	0.2532375794678597	4748	6272	0.5935130581297389	0.2645324347093513	100	100	0.01	0.01	500	500	0.08	0.056	100	100	0.12	0.02	500	500	0.188	0.086	0.45622525296964367	0.6777386713594369	0.3040035195776507	0.7910250769907611	1.285580734756361	1.6845897395258178	0.23685826608546878	-0.10413523555264831	-0.12004129815044733	-0.08051699636522147	0.4453076828215563	ok
cross_m10	BRCA	SRP157974	SRP058722	4	16218	16585	16567	3013	5852	0.5937603717225357	0.31861931629605045	6234	9441	0.6029836381135707	0.3067051652229708	3352	5991	0.6267899761336515	0.33591885441527447	100	100	0.01	0.01	500	500	0.086	0.064	100	100	0.17	0.04	500	500	0.182	0.082	0.5333554596747427	0.6764022568868238	0.3597743113176236	0.7797423286968591	1.367756109085336	1.5333023314737775	0.10796711058889596	0.015998036870899655	0.005681925770400804	0.0005235567753255844	0.5001849796522383	ok
cross_m10	BRCA	SRP157974	SRP062132	2	16492	16585	17037	2924	6	0.0003419972640218878	0.0003419972640218878	5945	6	0.0001682085786375105	0.0001682085786375105	3327	374	0.06612563871355576	0.043883378418996095	100	100	0.02	0.0	500	500	0.018	0.01	100	6	0.0	0.0	500	6	0.002	0.002	0.5981532147742818	0.0003419972640218878	0.0003419972640218878	0.0	0.2600951504144689	1.5768432744299479	0.8350532645620744	0.13718525576892937	0.12945804350200957	0.13225115782332442	0.5392917778316759	ok
cross_m10	BRCA	SRP157974	SRP062132	3	16492	16585	17037	4658	5	0.00042936882782310007	0.00021468441391155003	8613	5	0.0002322071287588529	0.00011610356437942645	4878	414	0.05022550225502255	0.021935219352193523	100	100	0.0	0.0	500	500	0.01	0.004	100	5	0.0	0.0	500	5	0.002	0.002	0.487118935165307	0.00042936882782310007	0.00021468441391155003	0.0	0.22885892376962075	1.692290186304945	0.8647637824637358	-0.005995359345211518	0.009073053821189603	-0.04842146975364295	0.497756487994179	ok
cross_m10	BRCA	SRP157974	SRP062132	4	16492	16585	17037	3099	5	0.00032268473701193933	0.00032268473701193933	6327	7	0.000316105579263474	0.000316105579263474	3458	547	0.1119144013880856	0.10237131289762869	100	100	0.04	0.04	500	500	0.074	0.074	100	7	0.0	0.0	500	7	0.0	0.0	0.771216521458535	0.00032268473701193933	0.00032268473701193933	0.30515219963429063	0.3817741837060151	1.5389804444803898	0.7519304516991997	0.40278838724694305	0.36617496162359875	0.44222104439768223	0.6385520252243512	ok
cross_m10	BRCA	SRP157974	SRP156355	0	16567	16585	18022	4019	1320	0.19930330928091566	0.19308285643194825	7327	2088	0.18206633001228334	0.17674355124880578	4521	2186	0.31740765317407654	0.285335102853351	100	100	0.02	0.02	500	500	0.146	0.146	100	100	0.24	0.23	500	500	0.324	0.31	0.859168947499378	0.2545409305797462	0.24707638716098532	0.6772473607507197	0.6815727429192217	1.6294751144984378	0.5817225210407624	0.5209977407952363	0.5469772080043533	0.5447676951287415	0.6950564374962275	ok
cross_m10	BRCA	SRP157974	SRP116023	3	16344	16585	16739	4581	2964	0.33638943462126175	0.291202794149749	8532	5582	0.38045007032348804	0.3182137834036568	4792	3590	0.41652754590984975	0.3434891485809683	100	100	0.0	0.0	500	500	0.07	0.07	100	100	0.33	0.3	500	500	0.254	0.236	0.7421960270683257	0.4335297969875573	0.3785199738048461	0.709670377646802	0.8268888839652278	1.6810987520011906	0.5081259307456543	0.3550973738476697	0.366335394021545	0.4269942489471648	0.629650024473813	ok
cross_m10	BRCA	SRP157974	SRP116023	4	16344	16585	16739	3055	2978	0.4176759410801964	0.38265139116202945	6281	4992	0.3763731889826461	0.33816271294379874	3383	3492	0.49127992905705	0.43570795152231745	100	100	0.04	0.04	500	500	0.166	0.166	100	100	0.22	0.22	500	500	0.32	0.302	0.8127659574468085	0.48739770867430443	0.4448445171849427	0.7106382978723405	0.9829235422361453	1.5335326087507286	0.35904620702074896	0.43918846373981946	0.4287771517549154	0.5061848889914666	0.6533284385707293	ok
cross_m10	BRCA	SRP157974	SRP062132	0	15368	16585	15385	3601	26	0.004165509580672035	0.004165509580672035	6883	27	0.002179282289699259	0.002179282289699259	3938	378	0.06653123412899949	0.059167089893346875	100	100	0.0	0.0	500	500	0.026	0.026	100	27	0.01	0.01	500	27	0.01	0.01	0.7686753679533463	0.004165509580672035	0.004165509580672035	0.07962074027055932	0.25500014056211173	1.5739091760229005	0.8379829379948913	0.4093407072475959	0.3741998942234949	0.4096953131072029	0.6317673086933888	ok
cross_m10	BRCA	SRP157974	SRP062132	1	16492	16585	17037	3173	2	0.0	0.0	6394	2	0.0	0.0	3523	384	0.07323304002270792	0.05279591257451036	100	100	0.0	0.0	500	500	0.078	0.072	100	2	0.0	0.0	500	2	0.0	0.0	0.6949259375984872	0.0	0.0	0.011450782645235913	0.25485201901770166	1.5880734530176543	0.83952126488014	0.2731289938622653	0.27568483042127595	0.27635715346013856	0.5919839922386612	ok
cross_m10	BRCA	SRP023262	TCGA-BRCA	4	14318	14373	17081	1462	2243	0.40834473324213405	0.3987688098495212	1747	3756	0.4378935317687464	0.4253005151688609	2052	2723	0.4819688109161793	0.4473684210526316	100	100	0.16	0.16	500	500	0.17	0.17	100	100	0.23	0.23	500	500	0.264	0.26	0.8488372093023255	0.4637482900136799	0.4521203830369357	0.662562699498404	0.9771713943997962	1.5382522289560658	0.36475216742383454	0.40187188602669005	0.39861538959328424	0.4843005046559402	0.6192904036876659	ok
cross_m10	BRCA	SRP023262	SRP157974	0	14173	14373	16585	948	3154	0.5358649789029536	0.49683544303797467	1066	6280	0.5947467166979362	0.5459662288930581	1666	3455	0.5768307322929171	0.4885954381752701	100	100	0.07	0.07	500	500	0.132	0.132	100	100	0.13	0.13	500	500	0.296	0.272	0.7985232067510548	0.5970464135021097	0.5464135021097046	0.7679324894514767	1.3136264294063582	1.6570820493640044	0.20726530716416003	0.380205899513345	0.3850871549694088	0.4077530970513837	0.6212516757214421	ok
cross_m10	BRCA	SRP023262	SRP157974	1	14173	14373	16585	1333	2417	0.41260315078769694	0.36534133533383345	1742	5455	0.4971297359357061	0.4443168771526981	1814	2609	0.46416758544652703	0.38037486218302097	100	100	0.04	0.04	500	500	0.094	0.092	100	100	0.15	0.13	500	500	0.282	0.254	0.7621905476369092	0.5041260315078769	0.4418604651162791	0.6765858131199466	0.8680823956401513	1.5256923178349877	0.4310239453312634	0.3938949724852573	0.4044297380055331	0.3864662123574278	0.6546955478727158	ok
cross_m10	BRCA	SRP023262	SRP157974	2	14173	14373	16585	807	2243	0.4857496902106567	0.4684014869888476	847	5112	0.5702479338842975	0.5478158205430933	1720	2462	0.5005813953488372	0.44476744186046513	100	100	0.0	0.0	500	500	0.118	0.116	100	100	0.16	0.16	500	500	0.238	0.23	0.8587360594795539	0.5724907063197026	0.5489467162329615	0.7433174013099664	1.1155057828482107	1.6409670316480534	0.3202143849728122	0.40756085973833167	0.4031982934215267	0.4392747334051977	0.6297184787977139	ok
cross_m10	BRCA	TCGA-BRCA	SRP157974	0	16350	17081	16585	3637	3929	0.5380808358537256	0.5147099257629915	6657	7232	0.5918581943818537	0.5681237794802464	4113	4409	0.5915390226112327	0.5380500850960369	100	100	0.01	0.01	500	500	0.224	0.224	100	100	0.3	0.3	500	500	0.406	0.398	0.8605993951058565	0.6244157272477316	0.5963706351388507	0.7879815476736015	1.2285845819768166	1.6633111984215778	0.26136216533460543	0.595183740384193	0.6351030756279498	0.6232448721982199	0.7322935779816514	ok
cross_m10	BRCA	TCGA-BRCA	SRP157974	1	16350	17081	16585	4618	3133	0.3653096578605457	0.3233001299263751	6685	6344	0.4616305160807779	0.40478683620044875	5228	3485	0.4089517980107116	0.34372609028309103	100	100	0.08	0.08	500	500	0.248	0.248	100	100	0.19	0.18	500	500	0.33	0.318	0.7728453876136856	0.4919878735383283	0.4356864443482027	0.6816803811173667	0.7799230874423272	1.8015812764552286	0.5670897018996027	0.4085686042508692	0.4378097088564986	0.48560039952942796	0.6554128440366972	ok
cross_m10	BRCA	TCGA-BRCA	SRP157974	2	16350	17081	16585	3727	2898	0.460692245774081	0.44915481620606384	5486	5912	0.5632519139628145	0.5504921618665695	4485	3288	0.50479375696767	0.4688963210702341	100	100	0.08	0.08	500	500	0.178	0.178	100	100	0.3	0.3	500	500	0.376	0.37	0.8921384491548162	0.6122887040515159	0.5956533404883284	0.7813254628387443	1.014677712970359	1.8219498606957665	0.4430814289352212	0.6085703014717272	0.6380377314308486	0.6441242444337457	0.728868501529052	ok
cross_m10	BRCA	TCGA-BRCA	SRP157974	3	16350	17081	16585	3912	4615	0.5784764826175869	0.5403885480572597	6976	8557	0.6477924311926605	0.6092316513761468	4386	4836	0.6071591427268582	0.5451436388508892	100	100	0.17	0.17	500	500	0.282	0.282	100	100	0.26	0.25	500	500	0.418	0.41	0.8445807770961146	0.696319018404908	0.6457055214723927	0.8440695296523517	1.280138115241847	1.7450565663051756	0.26642027544568647	0.5675256057795802	0.6126991413070614	0.5945026393048269	0.7234250764525993	ok
cross_m10	BRCA	SRP023262	SRP218935	2	14273	14373	17058	819	2137	0.4481074481074481	0.4432234432234432	859	4620	0.5320139697322468	0.5238649592549476	1752	2358	0.4360730593607306	0.4035388127853881	100	100	0.1	0.1	500	500	0.152	0.152	100	100	0.23	0.23	500	500	0.244	0.244	0.873015873015873	0.536019536019536	0.5274725274725275	0.7354497354497355	0.987515466149754	1.6541689025870518	0.40301412715151363	0.3412868629647284	0.3364824367577712	0.4306694464554906	0.5894345967911441	ok
cross_m10	BRCA	SRP023262	SRP218935	3	14273	14373	17058	700	2376	0.5214285714285715	0.5128571428571429	731	5555	0.5896032831737346	0.573187414500684	1713	2554	0.4763572679509632	0.4366608289550496	100	100	0.14	0.14	500	500	0.164	0.164	100	100	0.28	0.28	500	500	0.316	0.314	0.8714285714285714	0.6042857142857143	0.59	0.7974025974025974	1.1295854733205504	1.8438855715065485	0.3873885176087031	0.23879754686543098	0.2167679401224893	0.4072226939255328	0.5380788902122889	ok
cross_m10	BRCA	SRP023262	SRP218935	4	14273	14373	17058	1454	2024	0.343878954607978	0.30674002751031637	1739	4808	0.41633122484186313	0.3634272570442783	2033	2221	0.40432857845548453	0.34087555336940484	100	100	0.09	0.09	500	500	0.106	0.102	100	100	0.25	0.25	500	500	0.266	0.242	0.7338376891334251	0.44635488308115545	0.391334250343879	0.6934564747494595	0.7577059874083815	1.5368197402352335	0.5069649565456498	0.268645489693515	0.2571484684280577	0.345416097211735	0.5740909409374343	ok
cross_m10	BRCA	SRP023262	SRP111343	0	14252	14373	16421	968	76	0.01962809917355372	0.01962809917355372	1086	99	0.01841620626151013	0.01841620626151013	1703	1101	0.28772753963593656	0.26130358191426895	100	100	0.03	0.03	500	500	0.084	0.084	100	99	0.06	0.06	500	99	0.034	0.034	0.8357438016528925	0.01962809917355372	0.01962809917355372	0.5480371900826446	0.7001395107309013	1.6758021422020608	0.5822063398183187	0.3760010421867113	0.35969398517157825	0.4354314853814971	0.6200533258490036	ok
cross_m10	BRCA	SRP058722	SRP023262	4	14157	16567	14373	4716	1423	0.17027141645462257	0.1191687871077184	8146	1708	0.1362631966609379	0.09587527620918242	4791	1983	0.24316426633270716	0.16343143393863493	100	100	0.0	0.0	500	500	0.06	0.046	100	100	0.06	0.06	500	500	0.18	0.134	0.5896946564885496	0.18553859202714165	0.13061916878710772	0.46352841391009325	0.5242923454195456	1.69109670606326	0.6899690339767399	0.17112148044916503	0.16733836132528573	0.1968335850956682	0.55188246097337	ok
cross_m10	BRCA	SRP058722	SRP116023	0	16267	16567	16739	5717	2114	0.21532272170718908	0.10285114570578975	9473	3471	0.23150005278158978	0.11664731341708012	5830	2808	0.30085763293310464	0.1602058319039451	100	100	0.01	0.01	500	500	0.066	0.034	100	100	0.12	0.04	500	500	0.15	0.066	0.551338114395662	0.27881756165821237	0.13923386391464054	0.5845723281441314	0.5883586110456105	1.7762365022146671	0.6687611079312767	0.07855282415970558	0.06081096200636919	0.06641899492865476	0.5203786807647385	ok
cross_m10	BRCA	SRP058722	SRP116023	1	16267	16567	16739	6121	2575	0.25061264499264824	0.1627185100473779	9517	4940	0.32930545339918044	0.2176105915729747	6318	3210	0.32051282051282054	0.21462488129154797	100	100	0.0	0.0	500	500	0.044	0.018	100	100	0.1	0.01	500	500	0.138	0.082	0.6320862604149649	0.36807711158307466	0.24881555301421338	0.6401731743179219	0.6423816562765803	1.7843464526297115	0.6399905100661034	0.2329494944688477	0.20873048065268973	0.16742127448762745	0.5846806417901272	ok
cross_m10	BRCA	SRP058722	SRP116023	2	16267	16567	16739	5910	1624	0.1595600676818951	0.07868020304568528	9206	2556	0.17499456875950467	0.09884857701499022	6090	2339	0.24482758620689654	0.13218390804597702	100	100	0.0	0.0	500	500	0.056	0.038	100	100	0.12	0.03	500	500	0.124	0.058	0.6042301184433164	0.21201353637901862	0.11759729272419628	0.5614213197969541	0.528743559468877	1.778598703070395	0.7027190233771637	0.16740162116772023	0.15699893926054806	0.11371164575274542	0.5544353599311489	ok
cross_m10	BRCA	SRP023262	SRP058722	0	14157	14373	16567	941	4512	0.5727948990435706	0.35494155154091395	1059	8114	0.6657223796033994	0.4098205854579792	1659	4571	0.6021699819168174	0.379746835443038	100	100	0.0	0.0	500	500	0.07	0.056	100	100	0.06	0.05	500	500	0.16	0.11	0.6014877789585548	0.6811902231668437	0.4218916046758767	0.8181603495099775	1.3239143188221028	1.6547388479837388	0.19992552272809583	0.1631509002771487	0.15995213720231827	0.17575075114164382	0.5568976478067387	ok
cross_m10	BRCA	SRP023262	SRP058722	1	14157	14373	16567	1330	4937	0.5699248120300752	0.4037593984962406	1739	8206	0.6250718803910293	0.4399079930994825	1811	5034	0.6140254003313087	0.4268360022087245	100	100	0.04	0.04	500	500	0.066	0.05	100	100	0.11	0.05	500	500	0.182	0.142	0.6661654135338346	0.6428571428571429	0.45112781954887216	0.7969924812030075	1.30378810275362	1.527421792545916	0.14641253050314407	0.17970180992014537	0.16667743599559276	0.21249584824467824	0.5537190082644629	ok
cross_m10	BRCA	SRP023262	SRP058722	2	14157	14373	16567	796	4726	0.5615577889447236	0.3492462311557789	836	7882	0.6244019138755981	0.38516746411483255	1705	4820	0.5958944281524927	0.3771260997067449	100	100	0.03	0.02	500	500	0.076	0.046	100	100	0.04	0.04	500	500	0.146	0.106	0.5979899497487438	0.6319095477386935	0.38819095477386933	0.7738693467336684	1.287774020412014	1.6408357539372151	0.21517189193252462	0.1248865267998825	0.1143886949522462	0.15778466713559733	0.5398036307127216	ok
cross_m10	BRCA	SRP023262	SRP058722	3	14157	14373	16567	686	4934	0.60932944606414	0.33090379008746357	717	8306	0.6792189679218968	0.3598326359832636	1671	5003	0.6008378216636745	0.3453022142429683	100	100	0.01	0.01	500	500	0.068	0.04	100	100	0.08	0.02	500	500	0.126	0.078	0.5306122448979592	0.6865889212827988	0.3673469387755102	0.8688046647230321	1.5096613437269593	1.8416895382811722	0.1802845635231718	0.05476226356514704	0.03737832397953842	0.07583050664031164	0.506816415907325	ok
cross_m10	BRCA	SRP023262	SRP116023	3	14169	14373	16739	687	2567	0.49199417758369723	0.4759825327510917	718	5093	0.5389972144846796	0.5181058495821727	1683	2941	0.5109922756981581	0.46999405822935236	100	100	0.1	0.1	500	500	0.17	0.168	100	100	0.17	0.17	500	500	0.22	0.216	0.8631732168850073	0.5429403202328966	0.5225618631732168	0.750121300339641	1.175129594775489	1.8429342803471218	0.3623594681009732	0.3796309807195615	0.36442978675915544	0.44678922351139416	0.618815724468911	ok
cross_m10	BRCA	SRP023262	SRP116023	4	14169	14373	16739	1436	2514	0.4275766016713092	0.4011142061281337	1721	4448	0.48692620569436373	0.44973852411388726	1996	2806	0.4774549098196393	0.4273547094188377	100	100	0.06	0.06	500	500	0.13	0.13	100	100	0.13	0.13	500	500	0.242	0.238	0.8098885793871866	0.5125348189415042	0.479108635097493	0.7440807799442897	0.9920294818655735	1.5336235740858113	0.35314669216863104	0.3600453508760848	0.3549156130936489	0.43100109724710695	0.6116169101559743	ok
cross_m10	BRCA	SRP023262	SRP062132	0	13829	14373	15385	902	18	0.004434589800443459	0.004434589800443459	1020	19	0.00392156862745098	0.00392156862745098	1549	286	0.08779857972885732	0.07682375726275016	100	100	0.03	0.03	500	500	0.072	0.066	100	19	0.01	0.01	500	19	0.008	0.008	0.7882483370288248	0.004434589800443459	0.004434589800443459	0.3569844789356984	0.3633569910968588	1.6425165825787986	0.778780321032511	0.3193025636057721	0.3080000060681632	0.3640466976369696	0.610094728469159	ok
cross_m10	BRCA	SRP023262	SRP062132	1	14282	14373	17037	1363	1	0.0	0.0	1772	1	0.0	0.0	1859	236	0.06993006993006994	0.05002689618074233	100	100	0.05	0.04	500	500	0.06	0.056	100	1	0.0	0.0	500	1	0.0	0.0	0.7013939838591343	0.0	0.0	0.02298850574712641	0.2782417517931408	1.5374438227969345	0.8190231423955638	0.24696893047068605	0.22710763862084862	0.25722108249494463	0.5775101526396863	ok
cross_m10	BRCA	SRP058722	SRP111343	1	16141	16567	16421	6063	71	0.007587003133762164	0.003628566716147122	9460	87	0.005708245243128964	0.002959830866807611	6248	1001	0.11795774647887323	0.0721830985915493	100	100	0.01	0.01	500	500	0.056	0.046	100	87	0.02	0.02	500	87	0.016	0.012	0.616031667491341	0.008411677387431964	0.0041233712683490025	0.3208807521029192	0.3248786192984297	1.7824499939474034	0.8177347917744635	0.1893707071150545	0.18842342196784478	0.17384981574680408	0.5726411003035747	ok
cross_m10	BRCA	SRP058722	SRP111343	2	16141	16567	16421	5844	1230	0.1261122518822724	0.08487337440109514	9139	2380	0.15494036546668125	0.09486814749972644	6008	2167	0.23268974700399467	0.14447403462050598	100	100	0.12	0.11	500	500	0.152	0.132	100	100	0.06	0.04	500	500	0.164	0.144	0.5513347022587269	0.1697467488021903	0.10951403148528405	0.5296763469248067	0.5020769518399912	1.7748936742378638	0.7171228005781348	0.10069718929091051	0.08329183830156121	0.16884317928883197	0.5263614398116597	ok
cross_m10	BRCA	SRP058722	SRP111343	3	15682	16567	15784	5839	335	0.03802020893988697	0.025518068162356567	9321	449	0.031970818581697244	0.021027786718163285	5936	1525	0.170822102425876	0.08928571428571429	100	100	0.01	0.01	500	500	0.062	0.044	100	100	0.06	0.02	500	449	0.066	0.036	0.5107038876519953	0.041787977393389276	0.026888165781811954	0.3857395672775018	0.4238422913506728	1.7526167948755873	0.758166022036346	-0.0014189210137388706	-0.020315677969568208	0.006076248959719624	0.4926667516898355	ok
cross_m10	BRCA	SRP058722	SRP111343	4	16141	16567	16421	5842	158	0.022595001711742554	0.018657993837726806	9430	169	0.015482502651113467	0.012407211028632025	5972	1249	0.15020093770931012	0.09695244474212994	100	100	0.04	0.03	500	500	0.092	0.084	100	100	0.08	0.06	500	169	0.066	0.056	0.5588839438548442	0.02327969873331051	0.019000342348510783	0.32166087934660315	0.3668573564075833	1.777816058695425	0.7936471804193365	0.10722346628595054	0.11541271220269297	0.12124791772577304	0.5406728207669909	ok
cross_m10	BRCA	SRP058722	SRP116023	3	16267	16567	16739	6171	2967	0.27321341759844436	0.15832117971155404	9663	5584	0.3586877781227362	0.2163924247128221	6314	3602	0.3435223313272094	0.21159328476401648	100	100	0.0	0.0	500	500	0.056	0.014	100	100	0.08	0.02	500	500	0.122	0.05	0.5982822881218604	0.385188786258305	0.23432182790471562	0.6767136606708799	0.6692168299577453	1.7880737228858268	0.6257330884110999	0.16131518444581264	0.1273984997752547	0.07813367092746502	0.560767197393496	ok
cross_m10	BRCA	SRP058722	SRP116023	4	16267	16567	16739	5888	2990	0.2982336956521739	0.1844429347826087	9477	5004	0.3302732932362562	0.21082621082621084	6034	3509	0.35863440503811733	0.22621809744779584	100	100	0.03	0.0	500	500	0.068	0.02	100	100	0.15	0.04	500	500	0.178	0.076	0.6165081521739131	0.3958899456521739	0.2552649456521739	0.6395210597826086	0.685737185217252	1.7788591403487921	0.614507315580482	0.18222297399753756	0.16567559758864883	0.10880164357582695	0.5675908280568022	ok
cross_m10	BRCA	SRP058722	SRP062132	0	15325	16567	15385	5178	26	0.004441869447663191	0.004248744689069139	8919	27	0.002578764435474829	0.0024666442426280973	5242	382	0.05990080122090805	0.045784051888592144	100	100	0.1	0.08	500	500	0.148	0.142	100	27	0.06	0.05	500	27	0.03	0.028	0.5318655851680185	0.004441869447663191	0.004248744689069139	0.07956740054074929	0.2242899385903338	1.7207786727732706	0.8696578809703285	0.0794548412621245	0.09389016143171308	0.19956907384832573	0.5192822185970636	ok
cross_m10	BRCA	SRP058722	SRP062132	1	16389	16567	17037	6180	2	0.00032362459546925567	0.00016181229773462783	9578	2	0.00020881186051367718	0.00010440593025683859	6390	412	0.0513302034428795	0.03348982785602504	100	100	0.0	0.0	500	500	0.066	0.054	100	2	0.0	0.0	500	2	0.0	0.0	0.5574433656957929	0.00032362459546925567	0.00016181229773462783	0.0	0.19163983974749138	1.7958950980410375	0.8932900702515798	0.11882023822221197	0.1186956343032033	0.1467186171451051	0.5342607846726463	ok
cross_m10	BRCA	SRP058722	SRP218935	2	16389	16567	17058	5971	2736	0.2555685814771395	0.12744933846926812	9266	5336	0.3360673429743147	0.15130584934167926	6158	3123	0.30431958428061057	0.15134784020785969	100	100	0.03	0.03	500	500	0.108	0.096	100	100	0.09	0.08	500	500	0.204	0.148	0.4891977893150226	0.36560040194272314	0.17149556188243176	0.6396870588798238	0.6233507878651978	1.7875143419529753	0.6512750844929465	-0.035099539653529126	-0.05237092841153402	0.012823518615485491	0.4787357373848313	ok
cross_m10	BRCA	SRP058722	SRP218935	3	16389	16567	17058	6238	3002	0.27989740301378646	0.13754408464251364	9732	6332	0.3925195232223592	0.18290176736539251	6382	3284	0.31432152930115953	0.15371356941397682	100	100	0.04	0.03	500	500	0.086	0.066	100	100	0.11	0.02	500	500	0.168	0.076	0.4804424495030458	0.41615902532863097	0.19781981404296248	0.6649567168964411	0.6292406503273711	1.7974781085150395	0.6499313970242402	-0.031095311914286248	-0.03626578072127328	-0.017398686959472925	0.4802001342363781	ok
cross_m10	BRCA	SRP058722	SRP218935	4	16389	16567	17058	5959	2608	0.25893606309783523	0.1389494881691559	9549	5541	0.34862289244947114	0.16682375117813383	6110	2950	0.30523731587561376	0.15941080196399346	100	100	0.04	0.03	500	500	0.102	0.084	100	100	0.11	0.05	500	500	0.188	0.12	0.4873300889410975	0.38378922638026514	0.1939922805839906	0.664373216982715	0.6030415323791232	1.784255918538872	0.6620207190496786	-0.022934106980662828	-0.038093331375146276	0.026310827270270717	0.47562389407529443	ok
cross_m10	BRCA	SRP058722	SRP111343	0	16141	16567	16421	5645	98	0.012754650132860939	0.009034543844109831	9399	121	0.009043515267581658	0.005958080646877327	5753	1494	0.18338258300017382	0.09664522857639492	100	100	0.03	0.03	500	500	0.09	0.078	100	100	0.01	0.01	500	121	0.042	0.032	0.503985828166519	0.013286093888396812	0.009565987599645704	0.35400059049306154	0.4219737371165909	1.765639376467656	0.7610079709703841	-0.0014384053114633105	-0.007196879727972632	-0.00249607554401302	0.496375689238585	ok
cross_m10	BRCA	SRP116023	SRP058722	0	16267	16739	16567	2114	5717	0.5823084200567644	0.2781456953642384	3471	9473	0.6318063958513397	0.31835205992509363	2808	5830	0.6246438746438746	0.33262108262108264	100	100	0.01	0.01	500	500	0.066	0.034	100	100	0.12	0.04	500	500	0.15	0.066	0.48344370860927155	0.684957426679281	0.33065279091769156	0.8155156102175969	1.3125533544338825	1.583165214945517	0.17093090345655892	0.07855282415970558	0.06081096200636919	0.06641899492865476	0.5203786807647385	ok
cross_m10	BRCA	SRP116023	SRP058722	1	16267	16739	16567	2575	6121	0.5957281553398058	0.38679611650485435	4940	9517	0.6344129554655871	0.41923076923076924	3210	6318	0.6308411214953271	0.4224299065420561	100	100	0.0	0.0	500	500	0.044	0.018	100	100	0.1	0.01	500	500	0.138	0.082	0.6221359223300971	0.6893203883495146	0.4450485436893204	0.8106796116504854	1.3338888585074593	1.5010069217915822	0.11133730355130744	0.2329494944688477	0.20873048065268973	0.16742127448762747	0.5846806417901272	ok
cross_m10	BRCA	SRP116023	SRP058722	2	16267	16739	16567	1624	5910	0.5806650246305419	0.28633004926108374	2556	9206	0.6302816901408451	0.35602503912363065	2339	6090	0.6374519025224454	0.34416417272338606	100	100	0.0	0.0	500	500	0.056	0.038	100	100	0.12	0.03	500	500	0.124	0.058	0.5055418719211823	0.6570197044334976	0.32820197044334976	0.7660098522167488	1.2941316716040576	1.5627562017806433	0.17189151440929062	0.16740162116772023	0.15699893926054806	0.11371164575274544	0.5544353599311489	ok
cross_m10	BRCA	SRP116023	SRP058722	3	16267	16739	16567	2967	6171	0.5682507583417593	0.329288843950118	5584	9663	0.620702005730659	0.3744627507163324	3602	6314	0.602165463631316	0.3709050527484731	100	100	0.0	0.0	500	500	0.056	0.014	100	100	0.08	0.02	500	500	0.122	0.05	0.5847657566565554	0.6821705426356589	0.40040444893832156	0.8189609514179786	1.254962892672999	1.5668918296742	0.19907496554249038	0.16131518444581264	0.1273984997752547	0.07813367092746502	0.560767197393496	ok
cross_m10	BRCA	SRP111343	SRP062132	2	16300	16421	17037	1243	7	0.0016090104585679806	0.0016090104585679806	2393	7	0.0008357709987463436	0.0008357709987463436	2219	376	0.0829202343397927	0.05858494817485354	100	100	0.01	0.01	500	500	0.028	0.028	100	7	0.01	0.01	500	7	0.002	0.002	0.6098149637972646	0.0016090104585679806	0.0016090104585679806	0.0	0.2610507890242392	1.617316421415694	0.8385901573943506	0.18522824588811596	0.17899999250607343	0.1618245027492231	0.5656441717791411	ok
cross_m10	BRCA	SRP111343	SRP062132	3	15731	15784	17037	336	4	0.0	0.0	450	4	0.0	0.0	1539	358	0.0935672514619883	0.03508771929824561	100	100	0.01	0.0	500	500	0.04	0.03	100	4	0.0	0.0	450	4	0.0	0.0	0.43452380952380953	0.0	0.0	0.013157894736842035	0.27573744635224906	1.892765195864376	0.8543203103297095	0.03276569168902168	0.07675660322700348	-0.044300540197368045	0.5161146780242832	ok
cross_m10	BRCA	SRP111343	SRP062132	4	16300	16421	17037	159	6	0.006289308176100629	0.006289308176100629	170	8	0.0058823529411764705	0.0058823529411764705	1279	531	0.24237685691946834	0.2220484753713839	100	100	0.04	0.04	500	500	0.112	0.112	100	8	0.01	0.01	170	8	0.0058823529411764705	0.0058823529411764705	0.8679245283018868	0.006289308176100629	0.006289308176100629	0.8742138364779873	1.0508848870198422	2.6605269246879684	0.605008738205838	0.49147251370976003	0.5162029568400344	0.49761460141075425	0.6880981595092025	ok
cross_m10	BRCA	SRP111343	SRP156355	0	16396	16421	18022	101	1346	0.24752475247524752	0.24752475247524752	124	2114	0.27419354838709675	0.27419354838709675	1572	2161	0.4541984732824427	0.4083969465648855	100	100	0.01	0.01	500	500	0.074	0.074	100	100	0.02	0.02	124	500	0.12903225806451613	0.12903225806451613	0.8811881188118812	0.2871287128712871	0.2871287128712871	0.8019801980198019	0.925349501038511	2.3233257416404287	0.6017134039994108	0.4624162725569141	0.4882877736194777	0.46390020095805207	0.6786411319834106	ok
cross_m10	BRCA	SRP023262	SRP062132	2	14282	14373	17037	821	3	0.0	0.0	861	3	0.0	0.0	1752	241	0.06735159817351598	0.04794520547945205	100	100	0.03	0.01	500	500	0.054	0.042	100	3	0.0	0.0	500	3	0.0	0.0	0.656516443361754	0.0	0.0	0.07429963459196076	0.28039996917819865	1.6551566926260555	0.8305900761979709	0.14546543463108783	0.13516660443333958	0.15636027616259487	0.5510432712505251	ok
cross_m10	BRCA	SRP023262	SRP062132	3	14282	14373	17037	703	3	0.001422475106685633	0.0	734	3	0.0013623978201634877	0.0	1718	276	0.06984866123399301	0.017462165308498253	100	100	0.01	0.0	500	500	0.048	0.004	100	3	0.0	0.0	500	3	0.002	0.0	0.35135135135135137	0.001422475106685633	0.0	0.0	0.2757689373127119	1.8452573569789792	0.8505525875457309	-0.14610859891649772	-0.1502833596845563	-0.18332799825655743	0.4485366195210755	ok
cross_m10	BRCA	SRP023262	SRP062132	4	14282	14373	17037	1459	5	0.0006854009595613434	0.0006854009595613434	1744	7	0.0011467889908256881	0.0011467889908256881	2037	340	0.08394698085419734	0.0702012763868434	100	100	0.02	0.02	500	500	0.03	0.028	100	7	0.01	0.01	500	7	0.002	0.002	0.7580534612748457	0.0006854009595613434	0.0006854009595613434	0.2978447947604904	0.33677169332291224	1.5389723691528678	0.7811710592904997	0.27422397686022054	0.23905457453841478	0.308834062956714	0.5878028287354712	ok
cross_m10	BRCA	SRP023262	SRP156355	0	14328	14373	18022	979	1071	0.3585291113381001	0.3585291113381001	1097	1804	0.3910665451230629	0.3910665451230629	1731	1588	0.4488734835355286	0.43269786250722125	100	100	0.09	0.09	500	500	0.206	0.206	100	100	0.19	0.19	500	500	0.326	0.326	0.9131767109295199	0.4034729315628192	0.4034729315628192	0.7889002383384406	1.0302398556617325	1.67846446611552	0.38620097329434533	0.5280140555162586	0.5184356539861269	0.5782350371618417	0.6708542713567839	ok
cross_m10	BRCA	SRP116023	SRP156355	1	16476	16739	16953	2604	1349	0.28225806451612906	0.27880184331797236	4970	2262	0.25533199195171025	0.2517102615694165	3295	1963	0.36509863429438544	0.3520485584218513	100	100	0.06	0.06	500	500	0.166	0.164	100	100	0.23	0.23	500	500	0.272	0.272	0.8905529953917051	0.35061443932411673	0.34639016897081415	0.711021505376344	0.7791348005026297	1.5037255489890087	0.4818636944577679	0.540780100793982	0.5397963484660318	0.5974649158767188	0.6910657926681233	ok
cross_m10	BRCA	SRP116023	SRP156355	2	16660	16739	17666	1677	1354	0.30888491353607633	0.3047107930828861	2609	2121	0.2889996167113837	0.2851667305481027	2532	2214	0.41153238546603477	0.391390205371248	100	100	0.08	0.08	500	500	0.16	0.16	100	100	0.27	0.27	500	500	0.294	0.292	0.8908765652951699	0.35360763267740014	0.3488372093023256	0.7124494798913403	0.8414164978820605	1.5844172858800571	0.46894261670800963	0.5222989653952502	0.515879613951455	0.5680287979039701	0.6778511404561824	ok
cross_m10	BRCA	SRP116023	SRP156355	3	16680	16739	17666	3013	1831	0.296714238300697	0.2874211749087288	5631	3212	0.30207778369738947	0.2910673059847274	3762	2494	0.35832004253056887	0.33200425305688464	100	100	0.06	0.06	500	500	0.222	0.22	100	100	0.26	0.26	500	500	0.278	0.266	0.8406903418519748	0.3893129770992366	0.37736475273813475	0.671423830069698	0.7254420363881978	1.5730311693964243	0.5388253897940549	0.46251200353803107	0.48023919770433965	0.5139707573308734	0.6569544364508393	ok
cross_m10	BRCA	SRP116023	SRP156355	4	16718	16739	18379	3067	2095	0.31496576459080533	0.29866318878382786	5081	3566	0.3269041527258414	0.31253690218460933	3721	2808	0.402848696586939	0.33646869121203976	100	100	0.09	0.09	500	500	0.182	0.182	100	100	0.11	0.11	500	500	0.232	0.218	0.818063253994131	0.3997391587870884	0.3805021193348549	0.7065536354744049	0.8045630496409092	1.5711378801048488	0.4879106029909881	0.4159812589757843	0.45031299329220975	0.44831023330182274	0.6494796028233042	ok
cross_m10	BRCA	SRP023262	SRP058722	4	14157	14373	16567	1423	4716	0.5643007730147576	0.3949402670414617	1708	8146	0.6498829039812647	0.4572599531615925	1983	4791	0.5874936964195663	0.394856278366112	100	100	0.0	0.0	500	500	0.06	0.046	100	100	0.06	0.06	500	500	0.18	0.134	0.6584680252986648	0.67463106113844	0.47434996486296555	0.7962052002810962	1.2292205063352766	1.5285365350218563	0.19581869443657085	0.17112148044916503	0.16733836132528576	0.19683358509566823	0.55188246097337	ok
cross_m10	BRCA	SRP023262	SRP116023	0	14169	14373	16739	950	1758	0.49473684210526314	0.4926315789473684	1068	3067	0.5337078651685393	0.5318352059925093	1666	2187	0.5444177671068428	0.531812725090036	100	100	0.07	0.07	500	500	0.196	0.196	100	100	0.19	0.19	500	500	0.352	0.352	0.9378947368421052	0.5473684210526316	0.5452631578947369	0.8526315789473684	1.2474197113390488	1.6629173938987467	0.24986068705767417	0.5439121688943255	0.534316849594293	0.6049811323502663	0.6831815936198744	ok
cross_m10	BRCA	SRP023262	SRP116023	1	14169	14373	16739	1336	2202	0.41317365269461076	0.40344311377245506	1745	4470	0.46189111747851	0.44011461318051576	1826	2567	0.49069003285870755	0.4529025191675794	100	100	0.06	0.06	500	500	0.154	0.154	100	100	0.18	0.17	500	500	0.258	0.252	0.8368263473053892	0.49251497005988026	0.47155688622754494	0.7223734349482853	0.9959319524303523	1.529574787298185	0.34888312706203173	0.40624583834964434	0.38577578580151034	0.4728543285135592	0.6321547039311173	ok
cross_m10	BRCA	SRP023262	SRP116023	2	14169	14373	16739	803	1353	0.32129514321295144	0.32004981320049813	843	2256	0.3736654804270463	0.37129300118623965	1716	1815	0.38519813519813517	0.36363636363636365	100	100	0.12	0.12	500	500	0.158	0.158	100	100	0.14	0.14	500	500	0.216	0.214	0.8891656288916563	0.37484433374844334	0.3723536737235367	0.7426317974263179	0.9064319314702177	1.6409670316480534	0.4476233135775607	0.4129284963782677	0.4006704728332153	0.4704493708223647	0.6244618533418025	ok
cross_m10	BRCA	SRP058722	TCGA-BRCA	4	16417	16567	17081	5989	2861	0.2891968609116714	0.1708131574553348	9579	4416	0.28865226015241674	0.1688067647979956	6144	3595	0.37255859375	0.22054036458333334	100	100	0.02	0.02	500	500	0.112	0.088	100	100	0.12	0.03	500	500	0.21	0.116	0.5667056269828018	0.34747036233094003	0.20654533311070294	0.5929203539823009	0.6870671661476601	1.7921976555492305	0.6166342679780463	0.09768377446069945	0.0757289984568	0.06191650122102106	0.5269537674361942	ok
cross_m10	BRCA	SRP058722	SRP157974	0	16218	16567	16585	5681	3874	0.3590917092061257	0.1582467875374054	9437	7179	0.45289816679029354	0.1855462541061778	5787	4324	0.41696906860203903	0.18679799550717124	100	100	0.08	0.08	500	500	0.122	0.102	100	100	0.08	0.01	500	500	0.174	0.1	0.4634747403626122	0.47562048935046647	0.20436542862172152	0.6960628997242269	0.8045825994072053	1.7684640882742455	0.5450387685325537	-0.08115769391313006	-0.10906700349255384	-0.06867580363068815	0.45782463928967815	ok
cross_m10	BRCA	SRP058722	SRP157974	1	16218	16567	16585	6077	3088	0.3185782458449893	0.16982063518183313	9475	6302	0.40633245382585753	0.18881266490765172	6265	3404	0.3570630486831604	0.18834796488427774	100	100	0.1	0.1	500	500	0.13	0.122	100	100	0.09	0.01	500	500	0.2	0.108	0.47112061872634525	0.45598156985354615	0.21984531841369095	0.6485839138463788	0.6717452445380321	1.7783131391147562	0.6222570537422747	-0.03749041125772142	-0.049859583855683835	-0.001830018489625372	0.47373288938216795	ok
cross_m10	BRCA	SRP058722	SRP157974	2	16218	16567	16585	5874	2849	0.2984337759618659	0.16172965611167858	9170	5864	0.3836423118865867	0.1890948745910578	6036	3210	0.3436050364479788	0.18273691186216037	100	100	0.04	0.04	500	500	0.152	0.136	100	100	0.06	0.01	500	500	0.188	0.11	0.4921688798093293	0.4276472591079333	0.21978209056860742	0.6458971739870616	0.6570026150194597	1.7737068358140236	0.6295878204032881	-0.014391342475456669	-0.017722282402715558	0.012982884587322392	0.4852016278209397	ok
cross_m10	BRCA	SRP023262	SRP156355	1	14222	14373	16953	1351	1103	0.31162102146558107	0.30940044411547	1760	1984	0.33579545454545456	0.3340909090909091	1843	1490	0.38252848616386326	0.37221920781334783	100	100	0.07	0.07	500	500	0.214	0.214	100	100	0.27	0.27	500	500	0.356	0.354	0.8919319022945966	0.3604737231680237	0.3582531458179127	0.7298297557364914	0.8078343275214864	1.5315514680682838	0.47253856996370336	0.4436562530057646	0.4284514543261395	0.5565156139571723	0.6386584165377585	ok
cross_m10	BRCA	SRP023262	SRP156355	2	14304	14373	17666	823	1097	0.3730255164034022	0.3730255164034022	863	1833	0.4159907300115875	0.4148319814600232	1762	1595	0.4137343927355278	0.3978433598183882	100	100	0.13	0.13	500	500	0.22	0.22	100	100	0.18	0.18	500	500	0.316	0.316	0.9258809234507898	0.425273390036452	0.4240583232077764	0.7785878223302282	0.9937469225942858	1.6561285834558859	0.3999578701065538	0.4855757153609421	0.47525011779134	0.552366019124476	0.6511465324384788	ok
cross_m10	BRCA	SRP023262	SRP156355	3	14312	14373	17666	707	1503	0.562942008486563	0.562942008486563	738	2845	0.6192411924119241	0.6192411924119241	1734	1856	0.505767012687428	0.4942329873125721	100	100	0.23	0.23	500	500	0.296	0.296	100	100	0.37	0.37	500	500	0.424	0.424	0.958981612446959	0.6265912305516266	0.6265912305516266	0.8939179632248939	1.315689031649335	1.8474580192595809	0.2878381982521945	0.527920070926084	0.5171037998161636	0.6206836473109151	0.6709754052543321	ok
cross_m10	BRCA	SRP023262	SRP156355	4	14341	14373	18379	1473	1594	0.35030549898167007	0.3455532926001358	1758	3020	0.40273037542662116	0.3919226393629124	2067	1929	0.40783744557329465	0.3889695210449927	100	100	0.15	0.15	500	500	0.204	0.204	100	100	0.21	0.21	500	500	0.304	0.304	0.8513238289205702	0.43380855397148677	0.4222674813306178	0.7206866453302297	0.8542234714487569	1.5400712932829685	0.445335111968869	0.4238921276541676	0.4111158707079536	0.5092451801750945	0.6321734885991214	ok
cross_m10	BRCA	SRP023262	SRP111343	1	14252	14373	16421	1361	53	0.019838354151359296	0.019838354151359296	1770	67	0.015819209039548022	0.015819209039548022	1860	711	0.2021505376344086	0.1817204301075269	100	100	0.08	0.08	500	500	0.128	0.128	100	67	0.04	0.04	500	67	0.034	0.034	0.8273328434974284	0.019838354151359296	0.019838354151359296	0.47097722263041863	0.5054328495582014	1.5374438227969345	0.6712511754486661	0.38626556714082233	0.3636386402710987	0.4447552931123122	0.6253157451585742	ok
cross_m10	BRCA	SRP023262	SRP111343	2	14252	14373	16421	821	948	0.2850182704019488	0.2850182704019488	861	2068	0.3240418118466899	0.3240418118466899	1746	1598	0.413516609392898	0.3991981672394044	100	100	0.06	0.06	500	500	0.134	0.134	100	100	0.23	0.23	500	500	0.294	0.294	0.9305724725943971	0.3215590742996346	0.3215590742996346	0.7959805115712545	0.9713220076699729	1.6561285834558859	0.41349843401465214	0.4992356611652978	0.47563607986040696	0.5649638604132529	0.6560482739264665	ok
cross_m10	BRCA	SRP023262	SRP111343	3	14092	14373	15784	689	238	0.05224963715529753	0.05224963715529753	720	350	0.05	0.05	1658	1157	0.27744270205066346	0.2563329312424608	100	100	0.07	0.07	500	500	0.07	0.07	100	100	0.07	0.07	500	350	0.068	0.068	0.8301886792452831	0.05224963715529753	0.05224963715529753	0.5645863570391871	0.7071592825801924	1.8404447962152226	0.6157671862614797	0.2943961795086959	0.2636317965772665	0.37799731201913433	0.5928186204938972	ok
cross_m10	BRCA	SRP023262	SRP111343	4	14252	14373	16421	1460	112	0.03287671232876712	0.03219178082191781	1745	122	0.028080229226361032	0.026934097421203437	2038	875	0.22620215897939155	0.21050049067713444	100	100	0.1	0.1	500	500	0.15	0.148	100	100	0.15	0.15	500	122	0.062	0.06	0.8280821917808219	0.03356164383561644	0.03219178082191781	0.4414003044140029	0.5379077733969859	1.5372327491766127	0.6500804619956833	0.40072290814560646	0.39000012684359076	0.4730044932332293	0.6312798203760875	ok
cross_m10	BRCA	SRP062132	TCGA-BRCA	4	16675	17037	17081	6	2922	0.5	0.5	8	4477	0.5	0.5	582	3715	0.7714776632302406	0.7147766323024055	100	100	0.01	0.01	500	500	0.074	0.074	8	100	0.125	0.125	8	500	0.25	0.25	1.0	0.5	0.5		1.0595253823599804	1.373621597970254	0.22866283995126535	0.41139647650617855	0.4085862279616152	0.47445069364749815	0.6401799100449775	ok
cross_m10	BRCA	SRP062132	SRP157974	0	15368	15385	16585	26	3601	0.5769230769230769	0.5769230769230769	27	6883	0.5555555555555556	0.5555555555555556	378	3938	0.6931216931216931	0.6164021164021164	100	100	0.0	0.0	500	500	0.026	0.026	27	100	0.037037037037037035	0.037037037037037035	27	500	0.18518518518518517	0.18518518518518517	1.0	0.5769230769230769	0.5769230769230769	0.8224852071005917	1.7768537377899403	2.4843157092330315	0.2847713633230222	0.4093407072475959	0.3741998942234949	0.409695313107203	0.6317673086933888	ok
cross_m10	BRCA	SRP062132	SRP157974	1	16492	17037	16585	2	3173	0.0	0.0	2	6394	0.0	0.0	384	3523	0.671875	0.484375	100	100	0.0	0.0	500	500	0.078	0.072	2	100	0.0	0.0	2	500	0.0	0.0								0.2731289938622653	0.27568483042127595	0.2763571534601385	0.5919839922386612	ok
cross_m10	BRCA	SRP062132	SRP157974	2	16492	17037	16585	6	2924	0.16666666666666666	0.16666666666666666	6	5945	0.16666666666666666	0.16666666666666666	374	3327	0.5882352941176471	0.39037433155080214	100	100	0.02	0.0	500	500	0.018	0.01	6	100	0.0	0.0	6	500	0.16666666666666666	0.16666666666666666	0.5	0.16666666666666666	0.16666666666666666		0.822476112572812	3.325161991430566	0.7526508137972061	0.13718525576892937	0.12945804350200957	0.13225115782332442	0.5392917778316759	ok
cross_m10	BRCA	SRP023262	SRP157974	3	14173	14373	16585	690	3671	0.7260869565217392	0.7144927536231884	721	7415	0.782246879334258	0.7614424410540915	1678	3793	0.668057210965435	0.6156138259833135	100	100	0.12	0.12	500	500	0.196	0.196	100	100	0.28	0.28	500	500	0.366	0.364	0.9072463768115943	0.7869565217391304	0.7652173913043478	0.9130434782608696	1.857338985821655	1.8376910042053811	-0.01069166773484298	0.49312363382023017	0.5007484591322634	0.5484045816391433	0.66915966979468	ok
cross_m10	BRCA	SRP023262	SRP157974	4	14173	14373	16585	1434	2364	0.40097629009762903	0.3591352859135286	1719	5424	0.4968004653868528	0.44037230948225714	1991	2573	0.45102963335007534	0.37669512807634353	100	100	0.03	0.03	500	500	0.082	0.08	100	100	0.15	0.13	500	500	0.234	0.214	0.7677824267782427	0.5104602510460251	0.4511854951185495	0.7721989772198976	0.8882775535320591	1.5325742589594622	0.42040162273431825	0.36938007521721977	0.3778051114943601	0.37387203657793616	0.6348691173357793	ok
cross_m10	BRCA	SRP023262	SRP218935	0	14273	14373	17058	967	2080	0.47776628748707345	0.46018614270941055	1085	4044	0.5013824884792627	0.48294930875576036	1706	2412	0.5164126611957796	0.4671746776084408	100	100	0.09	0.09	500	500	0.16	0.16	100	100	0.15	0.15	500	500	0.3	0.292	0.8428128231644261	0.516028955532575	0.4963805584281282	0.764736297828335	1.1329329496782508	1.6754468229198765	0.3238025020072929	0.40679028776085757	0.3991411344981932	0.46231681251342305	0.6292300147130947	ok
cross_m10	BRCA	SRP023262	SRP218935	1	14273	14373	17058	1357	3092	0.42225497420781133	0.3728813559322034	1766	6063	0.49773499433748586	0.4286523216308041	1858	3286	0.47793326157158234	0.395048439181916	100	100	0.04	0.04	500	500	0.152	0.152	100	100	0.24	0.23	500	500	0.26	0.25	0.7383935151068534	0.5173176123802505	0.44657332350773765	0.6784350505794868	0.9302007828605511	1.5346602063687522	0.393871829737768	0.24605380940288046	0.2370188508485519	0.35577448827184605	0.5639318993904575	ok
cross_m10	BRCA	SRP062132	SRP116023	2	16576	17037	16739	7	1659	0.0	0.0	7	2591	0.0	0.0	391	2471	0.5217391304347826	0.35805626598465473	100	100	0.01	0.01	500	500	0.048	0.046	7	100	0.0	0.0	7	500	0.0	0.0	0.42857142857142855	0.0	0.0		0.8740398817415642	3.5686209268316937	0.7550762886666258	0.19759526170519964	0.17641309628916482	0.20679288649438593	0.5544160231660231	ok
cross_m10	BRCA	SRP062132	SRP116023	3	16576	17037	16739	5	3001	0.4	0.2	5	5619	0.4	0.2	434	3700	0.511520737327189	0.21658986175115208	100	100	0.0	0.0	500	500	0.022	0.02	5	100	0.0	0.0	5	500	0.2	0.2	0.4	0.4	0.2		0.9233732925237107	3.5556690355012486	0.7403095498190705	0.05109706665105002	0.05169592196983977	0.031034410919964183	0.5088682432432432	ok
cross_m10	BRCA	SRP062132	SRP116023	4	16576	17037	16739	6	3042	0.5	0.5	8	5056	0.5	0.5	574	3631	0.6393728222996515	0.5609756097560976	100	100	0.0	0.0	500	500	0.022	0.022	8	100	0.125	0.125	8	500	0.25	0.25	0.6666666666666666	0.5	0.5		0.7620439570578179	1.373621597970254	0.44523007050569097	0.29312338399334376	0.2720156329898123	0.3436679660095862	0.5956201737451737	ok
cross_m10	BRCA	SRP062132	SRP156355	0	15385	15385	18022	27	1235	0.2222222222222222	0.2222222222222222	28	2002	0.21428571428571427	0.21428571428571427	386	1851	0.5051813471502591	0.45077720207253885	100	100	0.01	0.01	500	500	0.034	0.03	28	100	0.03571428571428571	0.03571428571428571	28	500	0.21428571428571427	0.21428571428571427	0.9259259259259259	0.2222222222222222	0.2222222222222222	0.7530864197530864	1.5021551510601214	2.4901616146832564	0.3967639922635332	0.34281355966152754	0.3083038031120747	0.360100713929004	0.6051998700032499	ok
cross_m10	BRCA	SRP062132	SRP058722	4	16389	17037	16567	6	5955	0.8333333333333334	0.5	8	9545	0.75	0.5	547	6109	0.7769652650822669	0.5082266910420475	100	100	0.01	0.01	500	500	0.04	0.034	8	100	0.0	0.0	8	500	0.125	0.125	0.6666666666666666	0.8333333333333334	0.5		1.871859795257663	1.373621597970254	-0.36271866868112435	0.06682670121745213	0.08284289967758288	0.06774479956149186	0.5209591799377631	ok
cross_m10	BRCA	SRP062132	SRP023262	0	13829	15385	14373	18	902	0.2222222222222222	0.2222222222222222	19	1020	0.21052631578947367	0.21052631578947367	286	1549	0.4755244755244755	0.4160839160839161	100	100	0.03	0.03	500	500	0.072	0.066	19	100	0.05263157894736842	0.05263157894736842	19	500	0.21052631578947367	0.21052631578947367	0.9444444444444444	0.2222222222222222	0.2222222222222222		1.2397512251295586	2.440616361877063	0.4920335516491934	0.3193025636057721	0.3080000060681632	0.36404669763696956	0.610094728469159	ok
cross_m10	BRCA	SRP062132	SRP023262	1	14282	17037	14373	1	1363	0.0	0.0	1	1772	0.0	0.0	236	1859	0.5508474576271186	0.3940677966101695	100	100	0.05	0.04	500	500	0.06	0.056	1	100	0.0	0.0	1	500	0.0	0.0								0.24696893047068602	0.22710763862084862	0.25722108249494463	0.5775101526396863	ok
cross_m10	BRCA	SRP062132	SRP023262	2	14282	17037	14373	3	821	0.0	0.0	3	861	0.0	0.0	241	1752	0.4896265560165975	0.34854771784232363	100	100	0.03	0.01	500	500	0.054	0.042	3	100	0.0	0.0	3	500	0.0	0.0								0.14546543463108783	0.13516660443333958	0.15636027616259485	0.5510432712505251	ok
cross_m10	BRCA	SRP116023	TCGA-BRCA	4	16435	16739	17081	3041	2874	0.5757974350542585	0.5748109174613614	5054	4429	0.5300751879699248	0.5286901464186783	3624	3619	0.6570088300220751	0.6382450331125827	100	100	0.16	0.16	500	500	0.344	0.344	100	100	0.46	0.46	500	500	0.466	0.466	0.9618546530746465	0.6297270634659652	0.6284117066754357	0.8803025320618217	1.3475850663586366	1.5688945942600672	0.14106080084099348	0.7369270145510686	0.7444834014455207	0.7683096594728389	0.7832674170976575	ok
cross_m10	BRCA	SRP116023	SRP157974	0	16344	16739	16585	2136	3922	0.5646067415730337	0.5304307116104869	3493	7230	0.5803034640709991	0.5436587460635557	2819	4373	0.6165306846399432	0.5406172401560837	100	100	0.0	0.0	500	500	0.13	0.13	100	100	0.28	0.26	500	500	0.346	0.328	0.8422284644194756	0.6235955056179775	0.5823970037453183	0.7815230961298377	1.3117045337257078	1.5847842229615345	0.1723134829835158	0.4892790186103286	0.5007402881280076	0.5291372109865496	0.6683186490455213	ok
cross_m10	BRCA	SRP116023	SRP157974	1	16344	16739	16585	2574	3123	0.4421134421134421	0.3888888888888889	4940	6344	0.4680161943319838	0.3896761133603239	3194	3446	0.4777708202880401	0.3994990607388854	100	100	0.03	0.03	500	500	0.104	0.104	100	100	0.09	0.08	500	500	0.264	0.25	0.7564102564102564	0.5372960372960373	0.4665889665889666	0.7280497280497279	0.9050988549725794	1.4965262288315107	0.3952001391387029	0.3244836255641512	0.325913993260107	0.3974133550560265	0.6097650513950074	ok
cross_m10	BRCA	SRP116023	SRP157974	2	16344	16739	16585	1625	2875	0.48615384615384616	0.45476923076923076	2557	5896	0.49706687524442705	0.4626515447790379	2342	3246	0.5264730999146029	0.4560204953031597	100	100	0.02	0.02	500	500	0.1	0.098	100	100	0.29	0.29	500	500	0.276	0.258	0.8313846153846154	0.564923076923077	0.5292307692307693	0.7825641025641026	1.0659075575887635	1.5589549954401782	0.31626790978157804	0.4111350539126117	0.41625575861873354	0.46627427308242353	0.6426211453744494	ok
cross_m10	BRCA	SRP116023	SRP111343	1	16158	16739	16421	2564	69	0.015600624024960999	0.013650546021840874	4928	85	0.009537337662337662	0.008116883116883116	3187	1002	0.20269846250392218	0.17916535927204266	100	100	0.04	0.04	500	500	0.122	0.12	100	85	0.08	0.08	500	85	0.044	0.04	0.8143525741029641	0.01638065522620905	0.014430577223088924	0.5573322932917315	0.5235575225948941	1.5007310736846633	0.6511316839002794	0.48131829609638443	0.4678334247381133	0.4695292764344582	0.6799108800594132	ok
cross_m10	BRCA	SRP116023	SRP111343	2	16158	16739	16421	1628	1225	0.17137592137592136	0.16339066339066338	2557	2375	0.1705123191239734	0.15408682049276495	2340	2159	0.39658119658119656	0.3564102564102564	100	100	0.01	0.01	500	500	0.02	0.016	100	100	0.02	0.02	500	500	0.122	0.114	0.8218673218673219	0.18366093366093367	0.17076167076167076	0.6296946296946295	0.7736328686972743	1.5680399839281456	0.5066242719402967	0.41433825653733325	0.3680741736680084	0.44531442699635515	0.629780913479391	ok
cross_m10	BRCA	SRP116023	SRP111343	3	15682	16739	15784	2895	335	0.04905008635578584	0.046632124352331605	5509	449	0.03430749682337993	0.031040116173534218	3405	1521	0.2419970631424376	0.20969162995594715	100	100	0.0	0.0	500	500	0.036	0.036	100	100	0.02	0.01	500	449	0.034	0.028	0.7046632124352331	0.049395509499136445	0.046632124352331605	0.4634427173287273	0.506658691240476	1.5657813940106171	0.6764179896513443	0.2741137196701292	0.2507461556453344	0.3218281650797561	0.5947583216426476	ok
cross_m10	BRCA	SRP116023	SRP111343	4	16158	16739	16421	2994	158	0.03373413493653975	0.033400133600534405	5006	169	0.021773871354374752	0.021374350779065122	3499	1248	0.23492426407545014	0.22063446699056874	100	100	0.03	0.03	500	500	0.042	0.042	100	100	0.1	0.1	500	169	0.068	0.066	0.8319973279893119	0.03373413493653975	0.033400133600534405	0.462257849031396	0.5538235777491137	1.5600921537772623	0.6450058566039143	0.5031049438748643	0.48415278127034395	0.51552589712928	0.6802822131451912	ok
cross_m10	BRCA	SRP062132	SRP218935	2	16812	17037	17058	6	2845	0.6666666666666666	0.3333333333333333	6	5450	0.6666666666666666	0.3333333333333333	421	3287	0.5938242280285035	0.4014251781472684	100	100	0.0	0.0	500	500	0.01	0.008	6	100	0.0	0.0	6	500	0.6666666666666666	0.3333333333333333	0.3333333333333333	0.6666666666666666	0.3333333333333333		2.4128013195351707	3.325161991430566	0.27438081941471837	0.11962730462273125	0.11428218905053425	0.11920398538366621	0.5368784201760647	ok
cross_m10	BRCA	SRP062132	SRP218935	3	16812	17037	17058	5	3108	0.4	0.4	5	6446	0.4	0.4	465	3449	0.5290322580645161	0.2129032258064516	100	100	0.0	0.0	500	500	0.03	0.01	5	100	0.2	0.2	5	500	0.2	0.2	0.6	0.4	0.4		1.250031135211768	3.5556690355012486	0.6484399636943293	0.011527074666073245	0.03409403824940106	-0.04392118006824792	0.518498691410897	ok
cross_m10	BRCA	SRP062132	SRP218935	4	16812	17037	17058	6	2725	0.16666666666666666	0.16666666666666666	8	5669	0.5	0.5	591	3104	0.6683587140439933	0.5854483925549916	100	100	0.03	0.03	500	500	0.076	0.076	8	100	0.0	0.0	8	500	0.125	0.125	1.0	0.5	0.5		0.864743763847561	1.373621597970254	0.3704643512264524	0.4555093454091208	0.4622311813369182	0.4624937052221649	0.664108969783488	ok
cross_m10	BRCA	SRP062132	SRP111343	0	15276	15385	16421	27	89	0.07407407407407407	0.07407407407407407	28	112	0.07142857142857142	0.07142857142857142	382	1247	0.29842931937172773	0.2094240837696335	100	100	0.03	0.03	500	500	0.048	0.042	28	100	0.07142857142857142	0.07142857142857142	28	112	0.07142857142857142	0.07142857142857142	0.4074074074074074	0.07407407407407407	0.07407407407407407	0.99999999	0.8192325916724783	2.4901616146832564	0.6710122801500644	0.21659144301071828	0.19353289515833394	0.21243720836970265	0.5610761979575806	ok
cross_m10	BRCA	SRP116023	SRP218935	2	16534	16739	17058	1657	2771	0.42546771273385636	0.3983101991550996	2589	5376	0.43530320587099264	0.39745075318655854	2447	3165	0.4826317940335104	0.4180629342051492	100	100	0.06	0.06	500	500	0.098	0.096	100	100	0.08	0.08	500	500	0.216	0.2	0.824381412190706	0.5045262522631261	0.46710923355461675	0.7585998792999396	0.9592280084698009	1.5767478896936598	0.39164148261129705	0.3576188436136174	0.34992022703341524	0.41417230126824034	0.6181807185194146	ok
cross_m10	BRCA	SRP116023	SRP218935	3	16534	16739	17058	2991	3040	0.354062186559679	0.3166165162153126	5609	6375	0.408094134426814	0.3209128186842574	3667	3347	0.40578129260976276	0.3411508044723207	100	100	0.0	0.0	500	500	0.054	0.054	100	100	0.24	0.22	500	500	0.26	0.25	0.7061183550651956	0.458040789033768	0.389501838849883	0.6685293977169603	0.7505449268286791	1.56769741760984	0.5212437563538357	0.26124760162148297	0.24561569864159943	0.38259449173743115	0.5723962743437765	ok
cross_m10	BRCA	SRP116023	SRP218935	4	16534	16739	17058	3030	2651	0.32904290429042904	0.2778877887788779	5044	5595	0.3838223632038065	0.30392545598731163	3603	2998	0.3974465723008604	0.3166805439911185	100	100	0.04	0.04	500	500	0.044	0.038	100	100	0.09	0.09	500	500	0.198	0.182	0.7082508250825083	0.4316831683168317	0.3547854785478548	0.7194719471947194	0.7407589103455199	1.5631958331642746	0.5261253295141848	0.2776238622153373	0.2641126375367412	0.35549355077672184	0.5942905528002903	ok
cross_m10	BRCA	SRP116023	SRP111343	0	16158	16739	16421	2125	94	0.02258823529411765	0.02211764705882353	3482	117	0.014072372199885124	0.013785180930499713	2821	1508	0.3144275079758951	0.293867422899681	100	100	0.08	0.08	500	500	0.12	0.12	100	100	0.12	0.11	500	117	0.05	0.048	0.8555294117647059	0.02258823529411765	0.02211764705882353	0.5623529411764705	0.6804089091846999	1.58765754333847	0.5714384931186356	0.48095936283450746	0.46858189687192214	0.544852571893751	0.6610966703799975	ok
cross_m10	BRCA	SRP062132	SRP023262	3	14282	17037	14373	3	703	0.3333333333333333	0.0	3	734	0.3333333333333333	0.0	276	1718	0.43478260869565216	0.10869565217391304	100	100	0.01	0.0	500	500	0.048	0.004	3	100	0.0	0.0	3	500	0.3333333333333333	0.0								-0.1461085989164977	-0.15028335968455628	-0.18332799825655743	0.4485366195210755	ok
cross_m10	BRCA	SRP062132	SRP023262	4	14282	17037	14373	5	1459	0.2	0.2	7	1744	0.2857142857142857	0.2857142857142857	340	2037	0.5029411764705882	0.42058823529411765	100	100	0.02	0.02	500	500	0.03	0.028	7	100	0.14285714285714285	0.14285714285714285	7	500	0.14285714285714285	0.14285714285714285	0.8	0.2	0.2		0.6418712288170206	1.120747720973234	0.4272830389879062	0.27422397686022054	0.23905457453841475	0.308834062956714	0.5878028287354712	ok
cross_m10	BRCA	SRP062132	SRP116023	0	15375	15385	16739	27	2024	0.25925925925925924	0.25925925925925924	28	3380	0.25	0.25	382	2521	0.5759162303664922	0.45549738219895286	100	100	0.02	0.02	500	500	0.048	0.044	28	100	0.03571428571428571	0.03571428571428571	28	500	0.14285714285714285	0.14285714285714285	0.8888888888888888	0.25925925925925924	0.25925925925925924	0.7037037037037037	1.018503611922096	2.4901616146832564	0.5909889519152163	0.27263592286357596	0.234523069739216	0.3201743662614579	0.5813333333333334	ok
cross_m10	BRCA	SRP062132	SRP116023	1	16576	17037	16739	2	2604	0.5	0.5	2	4970	0.5	0.5	430	3308	0.6162790697674418	0.47674418604651164	100	100	0.0	0.0	500	500	0.042	0.036	2	100	0.0	0.0	2	500	0.5	0.5								0.28648004119304715	0.28872519228661153	0.2948628709679888	0.5902509652509652	ok
cross_m10	BRCA	SRP062132	SRP058722	0	15325	15385	16567	26	5178	0.8846153846153846	0.8461538461538461	27	8919	0.8518518518518519	0.8148148148148148	382	5242	0.8219895287958116	0.6282722513089005	100	100	0.1	0.08	500	500	0.148	0.142	27	100	0.2222222222222222	0.18518518518518517	27	500	0.5555555555555556	0.5185185185185185	0.8846153846153846	0.8846153846153846	0.8461538461538461	0.99999999	4.255043328307713	2.4843157092330315	-0.7127627187211838	0.0794548412621245	0.09389016143171308	0.1995690738483257	0.5192822185970636	ok
cross_m10	BRCA	SRP062132	SRP058722	1	16389	17037	16567	2	6180	1.0	0.5	2	9578	1.0	0.5	412	6390	0.7961165048543689	0.5194174757281553	100	100	0.0	0.0	500	500	0.066	0.054	2	100	0.0	0.0	2	500	0.0	0.0								0.11882023822221197	0.1186956343032033	0.1467186171451051	0.5342607846726463	ok
cross_m10	BRCA	SRP062132	SRP058722	2	16389	17037	16567	6	5968	0.6666666666666666	0.3333333333333333	6	9264	0.6666666666666666	0.3333333333333333	394	6162	0.7944162436548223	0.4873096446700508	100	100	0.01	0.0	500	500	0.046	0.03	6	100	0.0	0.0	6	500	0.16666666666666666	0.16666666666666666	0.5	0.6666666666666666	0.3333333333333333		1.4940667014992344	3.325161991430566	0.5506785217232528	0.09811174433833042	0.11144385382533874	0.14706016340723216	0.5299896271889682	ok
cross_m10	BRCA	SRP062132	SRP058722	3	16389	17037	16567	5	6241	0.6	0.2	5	9735	0.6	0.2	433	6388	0.7782909930715936	0.3371824480369515	100	100	0.0	0.0	500	500	0.042	0.026	5	100	0.2	0.0	5	500	0.2	0.0	0.4	0.6	0.2		2.159950218594341	3.5556690355012486	0.3925333890672844	0.015953029072278233	0.03809206272775964	-0.0015363872276907317	0.5096711208737568	ok
cross_m10	BRCA	SRP062132	SRP157974	3	16492	17037	16585	5	4658	0.4	0.2	5	8613	0.4	0.2	414	4878	0.5917874396135265	0.2584541062801932	100	100	0.0	0.0	500	500	0.01	0.004	5	100	0.0	0.0	5	500	0.2	0.2	0.6	0.4	0.2		1.1352810705331635	3.5556690355012486	0.6807123893708737	-0.005995359345211518	0.009073053821189603	-0.04842146975364295	0.497756487994179	ok
cross_m10	BRCA	SRP062132	SRP157974	4	16492	17037	16585	5	3099	0.2	0.2	7	6327	0.2857142857142857	0.2857142857142857	547	3458	0.7074954296160878	0.6471663619744058	100	100	0.04	0.04	500	500	0.074	0.074	7	100	0.0	0.0	7	500	0.0	0.0	1.0	0.4	0.4		0.8543587423366465	1.120747720973234	0.23768861952738196	0.40278838724694305	0.36617496162359875	0.44222104439768223	0.6385520252243512	ok
cross_m10	BRCA	SRP062132	SRP218935	0	15376	15385	17058	26	2379	0.34615384615384615	0.34615384615384615	27	4431	0.37037037037037035	0.37037037037037035	381	2758	0.5275590551181102	0.47506561679790027	100	100	0.0	0.0	500	500	0.022	0.022	27	100	0.07407407407407407	0.07407407407407407	27	500	0.18518518518518517	0.18518518518518517	0.9230769230769231	0.34615384615384615	0.34615384615384615	0.99999999	1.360550078961992	2.4843157092330315	0.45234413085846215	0.3405606405852859	0.311713291006385	0.36176769728425956	0.6016519250780437	ok
cross_m10	BRCA	SRP062132	SRP218935	1	16812	17037	17058	2	3986	0.5	0.0	2	7090	0.5	0.0	437	4351	0.6109839816933639	0.4462242562929062	100	100	0.01	0.01	500	500	0.068	0.066	2	100	0.0	0.0	2	500	0.0	0.0								0.31985155686549105	0.34119024444555635	0.3039682467181627	0.6178325005948132	ok
cross_m10	BRCA	SRP156355	TCGA-BRCA	0	16955	18022	17081	1356	3850	0.6364306784660767	0.6246312684365781	2124	6872	0.6450094161958568	0.6370056497175142	2300	4442	0.67	0.6208695652173913	100	100	0.05	0.05	500	500	0.168	0.168	100	100	0.28	0.27	500	500	0.336	0.328	0.9240412979351033	0.6843657817109144	0.672566371681416	0.8605524269241084	1.680630075616048	1.6107369909885807	-0.043391990758572474	0.5584816686052738	0.5700927131563824	0.5905283879886372	0.6998525508699499	ok
cross_m10	BRCA	SRP156355	TCGA-BRCA	1	16580	16953	17081	1368	4717	0.7127192982456141	0.6944444444444444	2281	6784	0.6711968434896975	0.6545374835598422	2025	5377	0.7555555555555555	0.7076543209876544	100	100	0.11	0.11	500	500	0.254	0.252	100	100	0.3	0.29	500	500	0.316	0.306	0.9100877192982456	0.7412280701754386	0.7214912280701754	0.8484848484848485	2.0547984784168394	1.5349361841863152	-0.3386865848798193	0.5297677051785329	0.546395740256943	0.6020986817329403	0.6943305186972256	ok
cross_m10	BRCA	SRP156355	TCGA-BRCA	2	16872	17666	17081	1366	3929	0.6544655929721815	0.6449487554904831	2133	5689	0.6554149085794655	0.6493202062822316	2277	4810	0.7259552042160737	0.6622749231444883	100	100	0.05	0.05	500	500	0.208	0.208	100	100	0.21	0.21	500	500	0.348	0.344	0.9158125915080527	0.6815519765739385	0.6720351390922401	0.8304050756466569	1.8573341529511325	1.5668490684901188	-0.18539442649759308	0.592722253036217	0.6325301025473029	0.6010957484601622	0.7349454717875771	ok
cross_m10	BRCA	SRP156355	TCGA-BRCA	3	16904	17666	17081	1856	4142	0.6912715517241379	0.6837284482758621	3237	7209	0.7018844609206055	0.696014828544949	2552	4718	0.728448275862069	0.6904388714733543	100	100	0.16	0.16	500	500	0.254	0.254	100	100	0.3	0.3	500	500	0.444	0.442	0.9337284482758621	0.7381465517241379	0.7300646551724138	0.8746081504702194	1.808318035727114	1.5513700605137126	-0.1656264883236931	0.6183021069220468	0.6431288521150648	0.6426925808574585	0.7299455750118315	ok
cross_m10	BRCA	SRP062132	SRP111343	1	16300	17037	16421	2	70	0.0	0.0	2	86	0.0	0.0	393	1039	0.4198473282442748	0.31806615776081426	100	100	0.06	0.04	500	500	0.062	0.052	2	86	0.0	0.0	2	86	0.0	0.0								0.2853765599522757	0.2871270203057742	0.2646046572951552	0.5998159509202454	ok
cross_m10	BRCA	SRP062132	SRP111343	2	16300	17037	16421	7	1243	0.2857142857142857	0.2857142857142857	7	2393	0.2857142857142857	0.2857142857142857	376	2219	0.48936170212765956	0.34574468085106386	100	100	0.01	0.01	500	500	0.028	0.028	7	100	0.14285714285714285	0.14285714285714285	7	500	0.14285714285714285	0.14285714285714285	0.5714285714285714	0.2857142857142857	0.2857142857142857		0.7904553054528473	3.5686209268316937	0.7784983830841814	0.18522824588811596	0.17899999250607343	0.1618245027492231	0.5656441717791411	ok
cross_m10	BRCA	SRP062132	SRP111343	3	15731	17037	15784	4	336	0.0	0.0	4	450	0.0	0.0	358	1539	0.4022346368715084	0.15083798882681565	100	100	0.01	0.0	500	500	0.04	0.03	4	100	0.0	0.0	4	450	0.0	0.0								0.03276569168902168	0.07675660322700348	-0.04430054019736804	0.5161146780242832	ok
cross_m10	BRCA	SRP062132	SRP111343	4	16300	17037	16421	6	159	0.16666666666666666	0.16666666666666666	8	170	0.125	0.125	531	1279	0.583804143126177	0.5348399246704332	100	100	0.04	0.04	500	500	0.112	0.112	8	100	0.125	0.125	8	170	0.125	0.125	1.0	0.16666666666666666	0.16666666666666666		0.9387122915724084	1.373621597970254	0.316615075826191	0.49147251370976003	0.5162029568400344	0.4976146014107543	0.6880981595092025	ok
cross_m10	BRCA	SRP156355	TCGA-BRCA	4	17003	18379	17081	2116	3022	0.5302457466918714	0.5184310018903592	3587	4577	0.5260663507109005	0.5179816002230276	2844	3924	0.6061884669479606	0.5629395218002813	100	100	0.08	0.08	500	500	0.202	0.202	100	100	0.21	0.21	500	500	0.298	0.288	0.8974480151228733	0.5671077504725898	0.5543478260869565	0.7849716446124764	1.363681706946701	1.5656522781180369	0.12900091162905647	0.5902738819958693	0.6309520962934198	0.5941862940909154	0.7271657942715991	ok
cross_m10	BRCA	SRP156355	SRP157974	0	16567	18022	16585	1320	4019	0.6068181818181818	0.5878787878787879	2088	7327	0.6388888888888888	0.6202107279693486	2186	4521	0.6564501372369624	0.5901189387008234	100	100	0.02	0.02	500	500	0.146	0.146	100	100	0.24	0.23	500	500	0.324	0.31	0.8674242424242424	0.6462121212121212	0.6227272727272727	0.7818181818181819	1.5585651839705235	1.5816687896047044	0.014607107243960415	0.5209977407952363	0.5469772080043533	0.5447676951287415	0.6950564374962275	ok
cross_m10	BRCA	SRP156355	SRP157974	1	16375	16953	16585	1349	3159	0.6041512231282431	0.5945144551519644	2262	6378	0.5999115826702034	0.5862068965517241	1960	3500	0.6596938775510204	0.6255102040816326	100	100	0.07	0.07	500	500	0.206	0.206	100	100	0.16	0.15	500	500	0.36	0.354	0.8969607116382505	0.6686434395848777	0.6515937731653076	0.8087472201630838	1.4746023642348463	1.5234667629628091	0.032074476395489104	0.5145025787924731	0.5120384636110631	0.58282073381419	0.6791450381679389	ok
cross_m10	BRCA	SRP156355	SRP157974	2	16523	17666	16585	1331	2947	0.5574755822689706	0.5424492862509391	2098	5968	0.5900857959961868	0.5772163965681602	2164	3358	0.6035120147874307	0.5489833641404805	100	100	0.03	0.03	500	500	0.102	0.102	100	100	0.23	0.21	500	500	0.338	0.326	0.8903080390683696	0.6250939143501127	0.6063110443275732	0.7803849043518465	1.3022623634670667	1.5428280936987635	0.15592516834131953	0.5548025773134884	0.5778130241642493	0.5516990961232779	0.7134902862676269	ok
cross_m10	BRCA	SRP062132	TCGA-BRCA	0	15322	15385	17081	27	3278	0.7037037037037037	0.6666666666666666	28	6287	0.6785714285714286	0.6428571428571429	385	3618	0.6753246753246753	0.5662337662337662	100	100	0.05	0.04	500	500	0.064	0.06	28	100	0.07142857142857142	0.03571428571428571	28	500	0.14285714285714285	0.10714285714285714	0.8518518518518519	0.7037037037037037	0.6666666666666666	0.99999999	1.9484714535118568	2.4901616146832564	0.21753213043575947	0.2989945976593428	0.2578917185457953	0.3350996559170617	0.5901971022059783	ok
cross_m10	BRCA	SRP062132	TCGA-BRCA	1	16675	17037	17081	3	4765	0.6666666666666666	0.6666666666666666	3	6833	0.6666666666666666	0.6666666666666666	449	5431	0.7572383073496659	0.5746102449888641	100	100	0.0	0.0	500	500	0.066	0.06	3	100	0.0	0.0	3	500	0.0	0.0								0.2636256427389611	0.25015551650528933	0.2952311425565757	0.5733133433283358	ok
cross_m10	BRCA	SRP062132	TCGA-BRCA	2	16675	17037	17081	7	3846	0.2857142857142857	0.2857142857142857	7	5605	0.2857142857142857	0.2857142857142857	429	4676	0.6713286713286714	0.42424242424242425	100	100	0.01	0.0	500	500	0.03	0.024	7	100	0.14285714285714285	0.14285714285714285	7	500	0.14285714285714285	0.14285714285714285	0.5714285714285714	0.2857142857142857	0.2857142857142857		0.7541481581605691	3.5686209268316937	0.7886723825188909	0.12179038182752912	0.08576080168573127	0.1161975116098217	0.5210794602698651	ok
cross_m10	BRCA	SRP062132	TCGA-BRCA	3	16675	17037	17081	5	4043	0.2	0.2	5	7109	0.4	0.2	473	4582	0.6215644820295984	0.2558139534883721	100	100	0.0	0.0	500	500	0.014	0.002	5	100	0.2	0.2	5	500	0.2	0.2	0.4	0.4	0.2		1.1877071828432038	3.5556690355012486	0.6659680158685606	-0.051431699259801573	-0.0491645953618222	-0.05605388476461877	0.48071964017991003	ok
cross_m10	BRCA	SRP062132	SRP156355	1	16636	17037	16953	3	1374	0.0	0.0	3	2287	0.0	0.0	454	2016	0.4889867841409692	0.36784140969163	100	100	0.05	0.04	500	500	0.086	0.078	3	100	0.0	0.0	3	500	0.0	0.0								0.301448751430376	0.30280434452862626	0.29388689189736655	0.6006852608800193	ok
cross_m10	BRCA	SRP062132	SRP156355	2	16910	17037	17666	7	1391	0.2857142857142857	0.0	7	2158	0.2857142857142857	0.0	445	2311	0.4786516853932584	0.35280898876404493	100	100	0.01	0.01	500	500	0.042	0.036	7	100	0.0	0.0	7	500	0.14285714285714285	0.0	0.5714285714285714	0.2857142857142857	0.0		1.6244944229694698	3.5686209268316937	0.5447836976028344	0.1810192058639647	0.1619818062030802	0.18393854637768547	0.5492016558249556	ok
cross_m10	BRCA	SRP062132	SRP156355	3	16934	17037	17666	5	1873	0.8	0.2	5	3254	0.8	0.2	497	2579	0.44064386317907445	0.158953722334004	100	100	0.01	0.01	500	500	0.024	0.01	5	100	0.2	0.0	5	500	0.4	0.2	0.2	0.8	0.2		1.3216053357834723	3.5556690355012486	0.6283103622446222	-0.09279499580139235	-0.09543221508463832	-0.09767004610937234	0.45931262548718554	ok
cross_m10	BRCA	SRP062132	SRP156355	4	16996	17037	18379	6	2170	0.16666666666666666	0.16666666666666666	8	3641	0.125	0.125	636	2943	0.5864779874213837	0.5267295597484277	100	100	0.01	0.01	500	500	0.026	0.026	8	100	0.0	0.0	8	500	0.0	0.0	0.8333333333333334	0.16666666666666666	0.16666666666666666		0.8362384182425056	1.373621597970254	0.39121631497482146	0.42938788746398665	0.4103552176759012	0.44665233075366517	0.6522122852435868	ok
cross_m10	BRCA	SRP058722	TCGA-BRCA	0	16417	16567	17081	5799	3650	0.34661148473874803	0.20382824624935333	9556	6671	0.41795730431142736	0.23304730012557556	5933	4136	0.4045171077026799	0.23748525198044834	100	100	0.03	0.03	500	500	0.08	0.058	100	100	0.13	0.04	500	500	0.184	0.084	0.5635454388687705	0.4543886877047767	0.26383859286083805	0.6850031614646203	0.786274071515141	1.7890217027081456	0.560500540421107	0.1002324629527615	0.06968985975086651	0.07032193422887441	0.5236644941219467	ok
cross_m10	BRCA	SRP058722	TCGA-BRCA	1	16417	16567	17081	6214	4657	0.40183456710653365	0.25989700675893146	9615	6723	0.4237129485179407	0.26656266250650024	6424	5265	0.47571606475716066	0.3005915317559153	100	100	0.02	0.02	500	500	0.104	0.088	100	100	0.12	0.04	500	500	0.168	0.098	0.5949468941100741	0.4763437399420663	0.30720952687479886	0.6837785645317025	0.9237702102180373	1.8004776117855275	0.4869304654658063	0.16024499933478795	0.14672046086147658	0.11812137569516493	0.5545471157946031	ok
cross_m10	BRCA	SRP058722	TCGA-BRCA	2	16417	16567	17081	5997	3753	0.34033683508420876	0.19576454894113723	9295	5512	0.3516944593867671	0.1947283485745024	6188	4523	0.43018745959922433	0.24725274725274726	100	100	0.01	0.01	500	500	0.056	0.048	100	100	0.12	0.04	500	500	0.16	0.08	0.5624478906119726	0.40136735034183757	0.2287810571952643	0.6326734795969412	0.8183280769776485	1.793401068496476	0.543700463129697	0.08277611907583868	0.053181669172745916	0.06659347571916013	0.5244563562161174	ok
cross_m10	BRCA	SRP058722	TCGA-BRCA	3	16417	16567	17081	6261	3923	0.35058297396582017	0.2038013096949369	9756	6989	0.42773677736777366	0.23083230832308324	6412	4429	0.4125077978789769	0.24173424828446663	100	100	0.03	0.03	500	500	0.074	0.07	100	100	0.08	0.03	500	500	0.164	0.092	0.5553425970292286	0.4531225043922696	0.25555023159239737	0.6949369110365755	0.7757977481593404	1.7994071421539712	0.5688592481462114	0.08292799448241471	0.03836044192498919	0.07258291422034427	0.5162331729304989	ok
cross_m10	BRCA	SRP058722	SRP062132	2	16389	16567	17037	5968	6	0.0006702412868632708	0.0003351206434316354	9264	6	0.0004317789291882556	0.0002158894645941278	6162	394	0.050795196364816615	0.0311587147030185	100	100	0.01	0.0	500	500	0.046	0.03	100	6	0.0	0.0	500	6	0.002	0.002	0.5479222520107239	0.0006702412868632708	0.0003351206434316354	0.0	0.2003173374505529	1.787489093306236	0.8879336728818663	0.09811174433833042	0.11144385382533874	0.1470601634072322	0.5299896271889682	ok
cross_m10	BRCA	SRP058722	SRP062132	3	16389	16567	17037	6241	5	0.0004806921967633392	0.0001602307322544464	9735	5	0.0003081664098613251	0.00010272213662044171	6388	433	0.05275516593613024	0.022855353788353162	100	100	0.0	0.0	500	500	0.042	0.026	100	5	0.01	0.0	500	5	0.002	0.0	0.49799711584681944	0.0004806921967633392	0.0001602307322544464	0.0	0.2146505613713215	1.7975578639361538	0.8805876763815011	0.015953029072278233	0.03809206272775964	-0.0015363872276907317	0.5096711208737568	ok
cross_m10	BRCA	SRP058722	SRP062132	4	16389	16567	17037	5955	6	0.0008396305625524769	0.0005037783375314861	9545	8	0.0006286013619696176	0.00041906757464641174	6109	547	0.06956948764118513	0.045506629562939924	100	100	0.01	0.01	500	500	0.04	0.034	100	8	0.0	0.0	500	8	0.002	0.002	0.5363560033585223	0.0008396305625524769	0.0005037783375314861	0.28463476070528937	0.2793085168495892	1.7859213952662938	0.8436053694244801	0.06682670121745213	0.08284289967758288	0.06774479956149186	0.5209591799377631	ok
cross_m10	BRCA	SRP058722	SRP156355	0	16515	16567	18022	5857	1312	0.1278811678333618	0.06061123442035172	9615	2080	0.13229329173166926	0.06229849193967759	5992	2148	0.22513351134846463	0.1133177570093458	100	100	0.0	0.0	500	500	0.042	0.022	100	100	0.12	0.04	500	500	0.142	0.09	0.5012805190370497	0.1591258323373741	0.07614819873655455	0.5069148028000681	0.4823902198706154	1.7940156379689551	0.7311114743588634	-0.010655309575992984	-0.04177925983880077	0.029715140946176413	0.4799878897971541	ok
cross_m10	COAD	SRP029880	TCGA-COAD	2	16176	16445	16566	2659	4379	0.8115833019932306	0.7999247837532907	6249	8370	0.7684429508721395	0.7585213634181469	3035	4595	0.8181219110378912	0.7976935749588139	100	100	0.18	0.18	500	500	0.292	0.292	100	100	0.26	0.26	500	500	0.466	0.466	0.9499811959383226	0.860849943587815	0.84655885671305	0.9430505560629667	1.7532836363033284	1.5939254884900997	-0.09997841741284041	0.765280653870239	0.7830231970568439	0.7410394065706911	0.7978486646884273	ok
cross_m10	COAD	SRP029880	TCGA-COAD	3	16176	16445	16566	1513	4775	0.8142762723066754	0.7931262392597488	3640	8985	0.8266483516483516	0.8148351648351648	2082	4980	0.8362151777137368	0.8054755043227666	100	100	0.15	0.15	500	500	0.214	0.214	100	100	0.18	0.18	500	500	0.394	0.39	0.9345670852610707	0.845340383344349	0.822207534699273	0.907468605419696	1.9229993413389905	1.5683170421203272	-0.22615471852498725	0.7303934365048034	0.7489790320360119	0.7050102225233444	0.7812809099901088	ok
cross_m10	COAD	SRP029880	TCGA-COAD	4	16176	16445	16566	2599	3791	0.6171604463255098	0.5886879569065026	5809	5358	0.5309003270786711	0.5143742468583233	2934	4459	0.7010906612133606	0.6550783912747103	100	100	0.07	0.07	500	500	0.176	0.174	100	100	0.11	0.11	500	500	0.332	0.312	0.8707195075028857	0.6437091188918815	0.6129280492497114	0.8037706810311658	1.5356800647198754	1.656820547218208	0.07311623621624375	0.637962766643614	0.6605506203540665	0.5712156722283199	0.7476508407517309	ok
cross_m10	COAD	SRP029880	SRP119775	0	16322	16445	17321	1977	2754	0.6565503287809813	0.6494688922610015	4402	6490	0.6828714220808724	0.6774193548387096	2548	2906	0.6558084772370487	0.6373626373626373	100	100	0.24	0.24	500	500	0.322	0.322	100	100	0.33	0.33	500	500	0.448	0.444	0.9352554375316136	0.7814871016691958	0.7718765806777946	0.9098726261093484	1.3240608646423406	1.5693940553677457	0.15632351217739116	0.7223882432719849	0.7288430718209882	0.7159718405284756	0.7714128170567333	ok
cross_m10	BRCA	SRP116023	SRP157974	3	16344	16739	16585	2964	4581	0.5199055330634278	0.45006747638326583	5582	8532	0.5815120028663562	0.4863848083124328	3590	4792	0.5559888579387187	0.4584958217270195	100	100	0.0	0.0	500	500	0.07	0.07	100	100	0.33	0.3	500	500	0.254	0.236	0.7557354925775979	0.6396761133603239	0.5428475033738192	0.7994987468671678	1.0929648088775563	1.5638579775490706	0.30110993161253263	0.3550973738476697	0.366335394021545	0.4269942489471648	0.629650024473813	ok
cross_m10	BRCA	SRP116023	SRP157974	4	16344	16739	16585	2978	3055	0.42847548690396237	0.39254533243787776	4992	6281	0.4735576923076923	0.4254807692307692	3492	3383	0.47594501718213056	0.42210767468499427	100	100	0.04	0.04	500	500	0.166	0.166	100	100	0.22	0.22	500	500	0.32	0.302	0.7961719274680994	0.5271994627266622	0.4795164539959704	0.7380792478173269	0.9215100448474014	1.5505270457750973	0.4056794769505325	0.43918846373981946	0.4287771517549154	0.5061848889914666	0.6533284385707293	ok
cross_m10	BRCA	SRP116023	SRP218935	0	16534	16739	17058	2157	2657	0.4362540565600371	0.4200278164116829	3514	4715	0.4277177006260672	0.41007398975526466	2911	3203	0.5149433184472689	0.4692545517004466	100	100	0.03	0.03	500	500	0.128	0.128	100	100	0.16	0.15	500	500	0.298	0.28	0.8548910523875753	0.4872508113120074	0.4677793231339824	0.7666512131046206	1.0213308531095615	1.5929090907701027	0.35882665305413497	0.4764533822198104	0.4716948981070349	0.5217289185088841	0.6608806096528366	ok
cross_m10	BRCA	SRP116023	SRP218935	1	16534	16739	17058	2598	3907	0.5346420323325635	0.5030792917628946	4964	7011	0.556406124093473	0.5122884770346495	3278	4219	0.5509456985967053	0.4853569249542404	100	100	0.09	0.09	500	500	0.214	0.214	100	100	0.3	0.3	500	500	0.352	0.346	0.8221709006928406	0.619707467282525	0.5758275596612779	0.8101103412881703	1.160762955827981	1.5016246929727035	0.22699529299157484	0.43084359326431126	0.46924611933571125	0.5292311073630858	0.6535018749243983	ok
cross_m10	BRCA	SRP156355	SRP116023	2	16660	17666	16739	1354	1677	0.3825701624815362	0.37740029542097486	2121	2609	0.3554926921263555	0.3507779349363508	2214	2532	0.4706413730803975	0.44760614272809396	100	100	0.08	0.08	500	500	0.16	0.16	100	100	0.27	0.27	500	500	0.294	0.292	0.9091580502215657	0.40841949778434267	0.40251107828655835	0.7784342688330872	1.0038400402899152	1.5571384500731935	0.3553302596549911	0.5222989653952502	0.515879613951455	0.5680287979039702	0.6778511404561824	ok
cross_m10	BRCA	SRP156355	SRP116023	3	16680	17666	16739	1831	3013	0.4882577826324413	0.4729655925723648	3212	5631	0.5295765877957659	0.5102739726027398	2494	3762	0.5404971932638332	0.5008019246190858	100	100	0.06	0.06	500	500	0.222	0.22	100	100	0.26	0.26	500	500	0.278	0.266	0.8634625887493174	0.559803386127799	0.5423265974877116	0.7438061665259919	1.1824495853867507	1.546302107998159	0.2353049386205981	0.46251200353803107	0.48023919770433965	0.5139707573308734	0.6569544364508393	ok
cross_m10	BRCA	SRP156355	SRP116023	4	16718	18379	16739	2095	3067	0.4610978520286396	0.4372315035799523	3566	5081	0.46578799775659	0.4453168816601234	2808	3721	0.5338319088319088	0.4458689458689459	100	100	0.09	0.09	500	500	0.182	0.182	100	100	0.11	0.11	500	500	0.232	0.218	0.813365155131265	0.5174224343675418	0.4916467780429594	0.7489260143198091	1.131192131632635	1.5636830566505162	0.2765847741193138	0.4159812589757843	0.45031299329220975	0.44831023330182274	0.6494796028233042	ok
cross_m10	BRCA	SRP156355	SRP062132	0	15385	18022	15385	1235	27	0.004858299595141701	0.004858299595141701	2002	28	0.002997002997002997	0.002997002997002997	1851	386	0.1053484602917342	0.0940032414910859	100	100	0.01	0.01	500	500	0.034	0.03	100	28	0.01	0.01	500	28	0.012	0.012	0.7676113360323886	0.004858299595141701	0.004858299595141701	0.1443994601889338	0.31364814450128387	1.538540132057654	0.7961391204779242	0.34281355966152754	0.3083038031120747	0.360100713929004	0.6051998700032499	ok
cross_m10	BRCA	SRP116023	SRP062132	2	16576	16739	17037	1659	7	0.0	0.0	2591	7	0.0	0.0	2471	391	0.08255766895993524	0.056657223796033995	100	100	0.01	0.01	500	500	0.048	0.046	100	7	0.0	0.0	500	7	0.0	0.0	0.7148884870403858	0.0	0.0	0.0	0.25826672844109183	1.5767478896936598	0.8362029021067727	0.19759526170519964	0.17641309628916482	0.2067928864943859	0.5544160231660231	ok
cross_m10	BRCA	SRP116023	SRP062132	3	16576	16739	17037	3001	5	0.0006664445184938354	0.0003332222592469177	5619	5	0.0003559352197899982	0.0001779676098949991	3700	434	0.06	0.025405405405405406	100	100	0.0	0.0	500	500	0.022	0.02	100	5	0.0	0.0	500	5	0.002	0.002	0.5568143952015995	0.0006664445184938354	0.0003332222592469177	0.0	0.22814334516901807	1.5703757825936926	0.8547205403332139	0.05109706665105002	0.05169592196983977	0.03103441091996418	0.5088682432432432	ok
cross_m10	BRCA	SRP116023	SRP062132	4	16576	16739	17037	3042	6	0.0009861932938856016	0.0009861932938856016	5056	8	0.0007911392405063291	0.0007911392405063291	3631	574	0.1010740842743046	0.0886808041861746	100	100	0.0	0.0	500	500	0.022	0.022	100	8	0.01	0.01	500	8	0.004	0.004	0.7268244575936884	0.0013149243918474688	0.0013149243918474688	0.32692307692307676	0.33772067015900475	1.565677710274429	0.7842974528264762	0.29312338399334376	0.2720156329898123	0.3436679660095862	0.5956201737451737	ok
cross_m10	BRCA	SRP116023	SRP156355	0	16704	16739	18022	2175	1345	0.31862068965517243	0.31448275862068964	3532	2113	0.29501698754246886	0.2919026047565119	2992	2230	0.4364973262032086	0.4177807486631016	100	100	0.08	0.08	500	500	0.198	0.196	100	100	0.26	0.26	500	500	0.354	0.344	0.9227586206896552	0.36919540229885056	0.3650574712643678	0.8007662835249042	0.9096284644201232	1.6003696772778535	0.43161353446326567	0.6037138143801668	0.6059371489555385	0.6212248528809017	0.7155172413793104	ok
cross_m10	BRCA	SRP116023	SRP023262	3	14169	16739	14373	2567	687	0.13167121153097	0.12738605375925205	5093	718	0.07598664834086001	0.07304142941291969	2941	1683	0.2924175450527032	0.2689561373682421	100	100	0.1	0.1	500	500	0.17	0.168	100	100	0.17	0.17	500	500	0.22	0.216	0.7845734320218154	0.13322945072068562	0.12894429294896767	0.4809115699259835	0.5927769468813501	1.5493677453135957	0.6174071980817113	0.3796309807195614	0.36442978675915544	0.44678922351139416	0.618815724468911	ok
cross_m10	BRCA	SRP116023	SRP023262	4	14169	16739	14373	2514	1436	0.24423229912490055	0.22911694510739858	4448	1721	0.18839928057553956	0.17401079136690648	2806	1996	0.3396293656450463	0.3039914468995011	100	100	0.06	0.06	500	500	0.13	0.13	100	100	0.13	0.13	500	500	0.242	0.238	0.7677008750994431	0.26292760540970567	0.24502784407319014	0.5476758722582109	0.6568443834139304	1.5296335794897042	0.5705871051594866	0.36004535087608486	0.35491561309364894	0.4310010972471069	0.6116169101559743	ok
cross_m10	BRCA	SRP116023	SRP062132	0	15375	16739	15385	2024	27	0.003458498023715415	0.003458498023715415	3380	28	0.0020710059171597634	0.0020710059171597634	2521	382	0.0872669575565252	0.06902023006743356	100	100	0.02	0.02	500	500	0.048	0.044	100	28	0.01	0.01	500	28	0.008	0.008	0.7430830039525692	0.003458498023715415	0.003458498023715415	0.15160926030491217	0.28922007182963794	1.5731113341618592	0.8161477413906423	0.27263592286357596	0.234523069739216	0.3201743662614579	0.5813333333333334	ok
cross_m10	BRCA	SRP116023	SRP062132	1	16576	16739	17037	2604	2	0.00038402457757296467	0.00038402457757296467	4970	2	0.00020120724346076458	0.00020120724346076458	3308	430	0.08010882708585249	0.061970979443772674	100	100	0.0	0.0	500	500	0.042	0.036	100	2	0.0	0.0	500	2	0.002	0.002	0.7215821812596006	0.00038402457757296467	0.00038402457757296467	0.04445649227432913	0.24303058275422212	1.5030598142099125	0.8383094402121503	0.28648004119304715	0.28872519228661153	0.2948628709679888	0.5902509652509652	ok
cross_m10	BRCA	SRP116023	TCGA-BRCA	0	16435	16739	17081	2141	3672	0.7080803362914526	0.7066791219056515	3498	6692	0.6866781017724414	0.6846769582618639	2900	4165	0.7317241379310345	0.7172413793103448	100	100	0.19	0.19	500	500	0.322	0.322	100	100	0.4	0.4	500	500	0.478	0.478	0.962634283045306	0.7585240541802896	0.7571228397944886	0.9229332087809434	1.6274580226618558	1.5913661500835536	-0.022679804127043512	0.7086438429927583	0.7010263895452976	0.7548998904249365	0.7498630970489808	ok
cross_m10	BRCA	SRP116023	TCGA-BRCA	1	16435	16739	17081	2595	4682	0.7190751445086705	0.7121387283236994	4961	6749	0.6254787341261843	0.6198347107438017	3295	5302	0.7532625189681336	0.7253414264036419	100	100	0.13	0.13	500	500	0.308	0.308	100	100	0.41	0.41	500	500	0.418	0.418	0.9502890173410404	0.7502890173410405	0.7429672447013488	0.8852494112609719	1.7686448253715723	1.504491200327377	-0.17557671655820628	0.6537645357899706	0.6684235901792374	0.7040570648504763	0.748950410708853	ok
cross_m10	BRCA	SRP116023	TCGA-BRCA	2	16435	16739	17081	1644	3785	0.666058394160584	0.6636253041362531	2574	5544	0.5889665889665889	0.5866355866355867	2426	4553	0.7201154163231657	0.690436933223413	100	100	0.08	0.08	500	500	0.25	0.25	100	100	0.28	0.28	500	500	0.366	0.362	0.9501216545012166	0.6824817518248175	0.6800486618004866	0.8418491484184915	1.7353176641420134	1.569669848328761	-0.10553035467274774	0.6249545793686494	0.6259142009753538	0.6615732022956518	0.7294797687861272	ok
cross_m10	BRCA	SRP116023	TCGA-BRCA	3	16435	16739	17081	2987	3969	0.5530632741881486	0.5450284566454636	5604	7035	0.538722341184868	0.5233761598857959	3684	4475	0.6102062975027145	0.5806188925081434	100	100	0.09	0.09	500	500	0.172	0.172	100	100	0.25	0.25	500	500	0.338	0.334	0.9079343823234014	0.6237027117509206	0.6146635420154001	0.823680392813302	1.2138922775881629	1.5717960399342734	0.2277036926248247	0.5705022475751537	0.5705418032545958	0.621576534020603	0.7081229084271372	ok
cross_m10	ESCA	SRP099599	TCGA-ESCA	3	1623	1626	17634	250	267	0.244	0.196	444	383	0.25225225225225223	0.20270270270270271	367	416	0.4196185286103542	0.26430517711171664	100	100	0.12	0.12	500	500	0.298	0.236	100	100	0.31	0.27	444	383	0.25225225225225223	0.20270270270270271	0.596	0.268	0.212	0.45599999999999996	0.7588746817146452	1.7865297173283983	0.575224148608355	0.1786928800229644	0.21896244425496544	0.22569579472305185	0.5606900800985829	ok
cross_m10	ESCA	SRP099599	TCGA-ESCA	4	1623	1626	17634	318	364	0.34276729559748426	0.18867924528301888	434	531	0.35023041474654376	0.2304147465437788	467	489	0.4668094218415418	0.24411134903640258	100	100	0.11	0.09	500	500	0.33	0.214	100	100	0.3	0.08	434	500	0.34101382488479265	0.22350230414746544	0.5786163522012578	0.37735849056603776	0.22012578616352202	0.5452346395742621	0.8584290934274686	1.79991919070841	0.5230735369349503	0.11128314776383876	0.15781391620030047	-0.022658605362681904	0.5508317929759704	ok
cross_m10	ESCA	SRP099599	ERP013206	0	1587	1626	15593	102	589	0.7647058823529411	0.7549019607843137	133	994	0.8345864661654135	0.7969924812030075	263	599	0.779467680608365	0.7186311787072244	100	100	0.2	0.2	500	500	0.476	0.462	100	100	0.31	0.31	133	500	0.6240601503759399	0.6165413533834586	0.9313725490196079	0.8627450980392157	0.8333333333333334	0.99999999	2.528647450453206	1.860582734753219	-0.3590620848089279	0.5328836426021042	0.545820489620924	0.6407895478396388	0.6887208569628229	ok
cross_m10	ESCA	SRP099599	ERP013206	1	1587	1626	15593	229	556	0.8122270742358079	0.8034934497816594	317	922	0.8643533123028391	0.8548895899053628	383	569	0.8093994778067886	0.7885117493472585	100	100	0.18	0.18	500	500	0.55	0.548	100	100	0.39	0.39	317	500	0.6214511041009464	0.6151419558359621	0.9563318777292577	0.8733624454148472	0.8602620087336245	0.9285430726478762	2.03692320746195	1.881286901249111	-0.08272863969312816	0.7191059282831039	0.7158959666635419	0.7329764981242731	0.775047258979206	ok
cross_m10	ESCA	SRP099599	SRP064894	1	1586	1626	16426	231	346	0.48484848484848486	0.45021645021645024	318	550	0.5188679245283019	0.48427672955974843	392	388	0.4744897959183674	0.4107142857142857	100	100	0.26	0.26	500	500	0.452	0.422	100	100	0.44	0.41	318	500	0.48742138364779874	0.4528301886792453	0.8095238095238095	0.5584415584415584	0.5108225108225108	0.8441558441558441	1.0833255717712411	1.8936642644787605	0.4279209931284037	0.4840014715234782	0.512741025005093	0.5786666089501028	0.6721311475409836	ok
cross_m10	ESCA	SRP099599	SRP064894	2	1586	1626	16426	119	400	0.5630252100840336	0.5294117647058824	162	589	0.5864197530864198	0.5555555555555556	283	454	0.5512367491166078	0.45229681978798586	100	100	0.25	0.25	500	500	0.404	0.364	100	100	0.4	0.38	162	500	0.5493827160493827	0.5185185185185185	0.8487394957983193	0.6134453781512605	0.5798319327731093	0.7959183673469388	1.4560936056749236	1.9778251958379967	0.26379054694063464	0.3947385102162572	0.42484301219120396	0.5046563834112036	0.6242118537200504	ok
cross_m10	ESCA	SRP099599	SRP064894	3	1586	1626	16426	245	381	0.49387755102040815	0.46938775510204084	439	594	0.5148063781321185	0.48519362186788156	357	419	0.5014005602240896	0.4425770308123249	100	100	0.22	0.22	500	500	0.43	0.41	100	100	0.46	0.45	439	500	0.44646924829157175	0.42369020501138954	0.8122448979591836	0.5795918367346938	0.5551020408163265	0.7414965986394557	1.0813136168220725	1.7761728935516605	0.3912115083234592	0.5006726705572556	0.5254012314237024	0.5928876742914407	0.682219419924338	ok
cross_m10	ESCA	SRP099599	SRP064894	4	1586	1626	16426	312	370	0.5128205128205128	0.4807692307692308	427	550	0.5550351288056206	0.5269320843091335	453	430	0.4988962472406181	0.4370860927152318	100	100	0.19	0.19	500	500	0.482	0.46	100	100	0.47	0.45	427	500	0.522248243559719	0.49414519906323184	0.8397435897435898	0.6217948717948718	0.5833333333333334	0.7939560439560439	1.1571079530270072	1.7867628950645895	0.35239983087673254	0.51148120767647	0.5333199925351488	0.5648359312785916	0.6853720050441362	ok
cross_m10	BRCA	SRP156355	SRP111343	1	16245	16953	16421	1358	71	0.025036818851251842	0.024300441826215022	2271	87	0.01805372082782915	0.017173051519154558	1953	1033	0.27854582693292373	0.2672811059907834	100	100	0.07	0.07	500	500	0.144	0.144	100	87	0.11	0.11	500	87	0.05	0.048	0.9079528718703976	0.027245949926362298	0.026509572901325478	0.6649484536082474	0.6630014242746408	1.524088594592544	0.56498498405738	0.5209404493773728	0.5049240689074831	0.556965054309127	0.6869190520160049	ok
cross_m10	BRCA	SRP156355	SRP111343	2	16364	17666	16421	1361	1252	0.32916972814107276	0.32696546656869946	2128	2402	0.34116541353383456	0.33975563909774437	2152	2247	0.5027881040892194	0.4763011152416357	100	100	0.04	0.04	500	500	0.132	0.132	100	100	0.19	0.19	500	500	0.31	0.304	0.9294636296840558	0.3666421748714181	0.36443791329904485	0.7685525349008082	1.0583922207012118	1.5635737364976348	0.3230941426069337	0.6002327842607651	0.6116163212191764	0.6042362141456519	0.7278171596186751	ok
cross_m10	BRCA	SRP156355	SRP111343	3	15767	17666	15784	1771	337	0.08074534161490683	0.07792207792207792	3152	451	0.061865482233502536	0.060279187817258884	2266	1554	0.3375992939099735	0.3058252427184466	100	100	0.01	0.01	500	500	0.064	0.064	100	100	0.06	0.05	500	451	0.116	0.106	0.8198757763975155	0.08356860530773574	0.08074534161490683	0.5468661773009598	0.6984848277602129	1.525499552021538	0.5421271498673299	0.43586670285959855	0.45334604976632237	0.452699874277337	0.6608105536880827	ok
cross_m10	BRCA	SRP156355	SRP111343	4	16405	18379	16421	2055	161	0.0413625304136253	0.0413625304136253	3526	172	0.024957458876914352	0.024957458876914352	2627	1315	0.275599543205177	0.25085649029311	100	100	0.06	0.06	500	500	0.096	0.096	100	100	0.12	0.12	500	172	0.08	0.08	0.851581508515815	0.042335766423357665	0.042335766423357665	0.5036496350364963	0.6322211287854107	1.5484181122169727	0.591698699597218	0.5115295197807516	0.5212808714024468	0.5072170180055556	0.6885705577567814	ok
cross_m10	BRCA	SRP116023	SRP058722	4	16267	16739	16567	2990	5888	0.5872909698996656	0.3632107023411371	5004	9477	0.6254996003197442	0.39928057553956836	3509	6034	0.6166999145055572	0.3889997150185238	100	100	0.03	0.0	500	500	0.068	0.02	100	100	0.15	0.04	500	500	0.178	0.076	0.5946488294314382	0.6688963210702341	0.41438127090301	0.8052768487551096	1.3109696357076073	1.5590594507666653	0.15912787349902546	0.18222297399753756	0.16567559758864883	0.10880164357582695	0.5675908280568022	ok
cross_m10	BRCA	SRP116023	SRP023262	0	14169	16739	14373	1758	950	0.267349260523322	0.26621160409556316	3067	1068	0.18584936419954354	0.18519726116726443	2187	1666	0.4147233653406493	0.4051211705532693	100	100	0.07	0.07	500	500	0.196	0.196	100	100	0.19	0.19	500	500	0.352	0.352	0.8890784982935154	0.27986348122866894	0.2787258248009101	0.7383390216154719	0.8241538610810195	1.5364603880183645	0.4636022721393005	0.5439121688943255	0.534316849594293	0.6049811323502663	0.6831815936198744	ok
cross_m10	BRCA	SRP116023	SRP023262	1	14169	16739	14373	2202	1336	0.2506811989100817	0.24477747502270664	4470	1745	0.18031319910514543	0.17181208053691274	2567	1826	0.3490455784962992	0.3221659524737047	100	100	0.06	0.06	500	500	0.154	0.154	100	100	0.18	0.17	500	500	0.258	0.252	0.8242506811989101	0.2801998183469573	0.2724795640326976	0.576418132276443	0.6536446365541254	1.4702692827014108	0.5554252243145921	0.40624583834964434	0.38577578580151034	0.4728543285135592	0.6321547039311173	ok
cross_m10	BRCA	SRP116023	SRP023262	2	14169	16739	14373	1353	803	0.19068736141906872	0.18994826311899482	2256	843	0.13962765957446807	0.13874113475177305	1815	1716	0.36418732782369145	0.343801652892562	100	100	0.12	0.12	500	500	0.158	0.158	100	100	0.14	0.14	500	500	0.216	0.214	0.8159645232815964	0.1943828529194383	0.19364375461936437	0.5491500369549149	0.6632360729417754	1.517555773351617	0.5629576951382966	0.4129284963782677	0.4006704728332153	0.4704493708223647	0.6244618533418025	ok
cross_m10	BRCA	SRP058722	SRP156355	1	16325	16567	16953	6153	1348	0.14301966520396556	0.09507557289127255	9551	2261	0.15328237880850173	0.09684849753952465	6360	1949	0.21525157232704403	0.14386792452830188	100	100	0.08	0.07	500	500	0.12	0.108	100	100	0.17	0.11	500	500	0.206	0.162	0.5626523647001462	0.18527547537786446	0.12140419307654803	0.47559456091879293	0.45343812787821214	1.7911390575863635	0.7468437048716701	0.10504683852323571	0.06903135301781597	0.16143121357192713	0.5180398162327718	ok
cross_m10	BRCA	SRP058722	SRP156355	2	16475	16567	17666	6032	1323	0.1276525198938992	0.0661472148541114	9330	2090	0.13536977491961416	0.07363344051446945	6231	2127	0.2233991333654309	0.1189215214251324	100	100	0.0	0.0	500	500	0.058	0.046	100	100	0.12	0.06	500	500	0.148	0.102	0.5243700265251989	0.16163793103448276	0.08587533156498674	0.45623342175066295	0.4729995497711715	1.7951657372018708	0.7365148298181999	0.036129842382372324	0.013403905237949619	0.07589058578290239	0.49960546282245827	ok
cross_m10	BRCA	SRP058722	SRP156355	3	16486	16567	17666	6310	1805	0.16909667194928685	0.08462757527733757	9805	3184	0.2014278429372769	0.0958694543600204	6466	2426	0.24048871017630682	0.1272811630064955	100	100	0.01	0.01	500	500	0.044	0.026	100	100	0.08	0.03	500	500	0.152	0.094	0.49984152139461174	0.23106180665610143	0.11251980982567353	0.5229793977812994	0.5095166629254974	1.8045346345513549	0.7176465038853777	0.004985486570134716	-0.030147361564926627	0.0351333234698184	0.48362246754822275	ok
cross_m10	BRCA	SRP058722	SRP156355	4	16535	16567	18379	6052	2011	0.19084600132187707	0.09980171844018507	9642	3482	0.21769342460070526	0.11211366936320266	6217	2641	0.26202348399549624	0.1425124658195271	100	100	0.0	0.0	500	500	0.036	0.024	100	100	0.11	0.08	500	500	0.14	0.084	0.5313945803040317	0.2556179775280899	0.1336748182419035	0.5582727473011676	0.5452874457557195	1.7993783097984226	0.6969578643988401	0.04583874256199296	0.018179224641791707	0.07490158547194654	0.4960387057756275	ok
cross_m10	ESCA	TCGA-ESCA	ERP013206	1	15569	17634	15593	2052	5362	0.517056530214425	0.19395711500974658	3251	8945	0.5721316517994464	0.2845278375884343	3309	5480	0.6080386823813841	0.24236929585977637	100	100	0.0	0.0	500	500	0.016	0.006	100	100	0.07	0.0	500	500	0.18	0.038	0.48148148148148145	0.6461988304093568	0.2724171539961014	0.8269980506822612	1.1287695887307576	1.9583429051523145	0.4236098357641993	-0.03172472106774378	0.0017551828454160136	-0.1292383555929697	0.5099877962618024	ok
cross_m10	ESCA	TCGA-ESCA	ERP013206	2	15569	17634	15593	1985	5408	0.5088161209068011	0.21763224181360202	3348	9228	0.5451015531660693	0.2589605734767025	3137	5509	0.6142811603442779	0.28402932738284986	100	100	0.0	0.0	500	500	0.014	0.008	100	100	0.08	0.05	500	500	0.22	0.1	0.43224181360201513	0.6347607052896725	0.28060453400503776	0.7271846541367952	1.1049551148992547	1.8000487073373885	0.3861526577613049	-0.030683881962144565	-0.03149537716417327	-0.044182246822169924	0.48577301046952276	ok
cross_m10	ESCA	TCGA-ESCA	ERP013206	3	15569	17634	15593	2253	5266	0.5157567687527741	0.17887261429205503	3486	8795	0.5588066551921974	0.21428571428571427	3352	5388	0.6106801909307876	0.20704057279236276	100	100	0.0	0.0	500	500	0.026	0.006	100	100	0.12	0.0	500	500	0.216	0.048	0.4309809143364403	0.6387039502885042	0.23790501553484245	0.7768055291357554	1.1288391158916096	1.8531845226506003	0.3908652365188995	-0.1630870090375541	-0.148296255785301	-0.24096550098538672	0.45166677371700176	ok
cross_m10	ESCA	TCGA-ESCA	ERP013206	4	15569	17634	15593	2804	5453	0.5256776034236804	0.16405135520684735	4389	8942	0.5677830940988836	0.24515835042150833	3781	5630	0.6109494842634223	0.19042581327691088	100	100	0.0	0.0	500	500	0.006	0.004	100	100	0.06	0.02	500	500	0.144	0.03	0.4247503566333809	0.6529957203994294	0.24393723252496433	0.8252496433666191	1.1881497889356902	1.9241111718225261	0.38249421013949536	-0.14604635070939326	-0.08647386745002289	-0.2275407213545892	0.4794142205665104	ok
cross_m10	ESCA	ERP013206	TCGA-ESCA	4	15569	15593	17634	5453	2804	0.27030992114432423	0.0843572345497891	8942	4389	0.2786848579736077	0.12033102214269738	5630	3781	0.4103019538188277	0.12788632326820604	100	100	0.0	0.0	500	500	0.006	0.004	100	100	0.06	0.02	500	500	0.144	0.03	0.4025307170364937	0.29341646799926646	0.09866128736475335	0.5354239256678279	0.7782480044857178	2.0270819143169176	0.6160747136121678	-0.14604635070939326	-0.08647386745002289	-0.2275407213545892	0.4794142205665104	ok
cross_m10	ESCA	ERP013206	SRP099599	0	1587	15593	1626	589	102	0.13242784380305603	0.1307300509337861	994	133	0.11167002012072434	0.10663983903420524	599	263	0.34223706176961605	0.31552587646076796	100	100	0.2	0.2	500	500	0.476	0.462	100	100	0.31	0.31	500	133	0.166	0.164	0.8200339558573854	0.15280135823429541	0.15110356536502548	0.5472552348613469	0.6912419765167336	2.1590042617112886	0.679832972645994	0.5328836426021042	0.545820489620924	0.6407895478396389	0.6887208569628229	ok
cross_m10	ESCA	ERP013206	SRP099599	1	1587	15593	1626	556	229	0.3345323741007194	0.33093525179856115	922	317	0.29718004338394793	0.29392624728850325	569	383	0.5448154657293497	0.5307557117750439	100	100	0.18	0.18	500	500	0.55	0.548	100	100	0.39	0.39	500	317	0.394	0.39	0.8974820143884892	0.3920863309352518	0.38848920863309355	0.7841726618705035	1.0847014076022092	1.9727193414558277	0.4501491495481962	0.7191059282831039	0.7158959666635419	0.7329764981242731	0.775047258979206	ok
cross_m10	ESCA	ERP013206	SRP099599	2	1587	15593	1626	539	118	0.19480519480519481	0.19480519480519481	942	161	0.1592356687898089	0.15817409766454352	548	278	0.4324817518248175	0.4197080291970803	100	100	0.27	0.27	500	500	0.538	0.532	100	100	0.35	0.35	500	161	0.232	0.232	0.8961038961038961	0.22634508348794063	0.22634508348794063	0.6554465942221043	0.8908809215647233	2.1193004715426347	0.5796344437576363	0.6837321227739526	0.6748094901156932	0.7344869269620742	0.7403906742281033	ok
cross_m10	BRCA	SRP156355	SRP157974	3	16538	17666	16585	1814	4699	0.7028665931642778	0.6868798235942668	3195	8653	0.7336463223787167	0.7107981220657277	2445	4929	0.7096114519427403	0.6609406952965236	100	100	0.03	0.03	500	500	0.196	0.196	100	100	0.28	0.28	500	500	0.41	0.408	0.8930540242557883	0.7701212789415656	0.7447629547960308	0.8787210584343991	1.7865157128587872	1.5382587307650548	-0.16138831337577497	0.5652040738927128	0.5905799925123173	0.6119287983262047	0.7045591970008466	ok
cross_m10	BRCA	SRP156355	SRP157974	4	16575	18379	16585	2044	3143	0.523972602739726	0.5102739726027398	3515	6371	0.5541963015647227	0.5425320056899005	2705	3517	0.5693160813308688	0.5268022181146026	100	100	0.04	0.04	500	500	0.148	0.148	100	100	0.22	0.19	500	500	0.316	0.302	0.8840508806262231	0.5924657534246576	0.5777886497064579	0.8043052837573386	1.2138215974464284	1.545548453086871	0.21463374698987658	0.5498028470501302	0.5576966074756909	0.5718838146838053	0.702262443438914	ok
cross_m10	BRCA	SRP156355	SRP218935	0	16982	18022	17058	1364	2738	0.6026392961876833	0.6004398826979472	2132	4796	0.6200750469043153	0.6172607879924953	2321	3386	0.6320551486428264	0.6014648858250754	100	100	0.03	0.03	500	500	0.18	0.18	100	100	0.29	0.29	500	500	0.344	0.34	0.9428152492668622	0.6524926686217009	0.6488269794721407	0.8785085881860075	1.4735847147766443	1.6205715822173876	0.09070063245193083	0.6461855075345683	0.6731525203916724	0.65406695550829	0.7497938994229184	ok
cross_m10	BRCA	SRP156355	SRP218935	1	16632	16953	17058	1367	3956	0.6803218727139722	0.6686174103877103	2280	7059	0.7074561403508772	0.6960526315789474	2026	4309	0.7077986179664363	0.6791707798617966	100	100	0.12	0.12	500	500	0.276	0.276	100	100	0.28	0.28	500	500	0.426	0.422	0.9239209948792977	0.7351865398683248	0.7205559619604974	0.8478419897585955	1.6824937910585955	1.5341690458720472	-0.09668083552177142	0.5877658345998636	0.5999721260667493	0.648829561023584	0.7065897065897065	ok
cross_m10	ESCA	TCGA-ESCA	SRP064894	4	16390	17634	16426	3101	3623	0.399871009351822	0.3421476942921638	4688	5286	0.4136092150170648	0.3660409556313993	4230	4301	0.4813238770685579	0.38203309692671394	100	100	0.07	0.07	500	500	0.078	0.076	100	100	0.17	0.17	500	500	0.214	0.152	0.7613673008706868	0.45340212834569493	0.3908416639793615	0.6766020177822821	0.9396619769224042	2.010876242027317	0.5327101900736271	0.3868772793990575	0.42321915607953947	0.3406597728394401	0.6453935326418548	ok
cross_m10	ESCA	SRP099599	TCGA-ESCA	0	1623	1626	17634	101	246	0.27722772277227725	0.21782178217821782	132	363	0.29545454545454547	0.25	277	397	0.51985559566787	0.37906137184115524	100	100	0.11	0.1	500	500	0.332	0.274	100	100	0.12	0.11	132	363	0.29545454545454547	0.25	0.6237623762376238	0.2871287128712871	0.22772277227722773	0.5582635186595581	1.017773434279923	1.8632484511916603	0.4537639713968391	0.311926730707464	0.3159209029015672	0.20147901714720273	0.600739371534196	ok
cross_m10	ESCA	SRP099599	TCGA-ESCA	1	1623	1626	17634	236	253	0.2076271186440678	0.16101694915254236	324	384	0.23148148148148148	0.19444444444444445	404	421	0.42326732673267325	0.2698019801980198	100	100	0.07	0.07	500	500	0.284	0.234	100	100	0.16	0.13	324	384	0.23148148148148148	0.19444444444444445	0.614406779661017	0.2288135593220339	0.18220338983050846	0.35593220338983056	0.6983566425296416	1.8969344551966412	0.6318498825215086	0.2311185531324572	0.2445759516212013	0.24004458672489037	0.5871842267406038	ok
cross_m10	ESCA	SRP099599	TCGA-ESCA	2	1623	1626	17634	120	267	0.15	0.13333333333333333	163	398	0.15950920245398773	0.147239263803681	295	407	0.4101694915254237	0.23389830508474577	100	100	0.04	0.03	500	500	0.252	0.172	100	100	0.12	0.11	163	398	0.15950920245398773	0.147239263803681	0.725	0.175	0.15833333333333333	0.4666666666666667	0.6862278328685613	1.9897460173493096	0.6551178759072291	0.0952200235255804	0.12266958694313336	0.12930057422982316	0.5372766481823783	ok
cross_m10	ESCA	TCGA-ESCA	SRP064894	0	16390	17634	16426	2251	3229	0.35273211905819635	0.29675699689027096	3488	5137	0.36123853211009177	0.31450688073394495	3594	3775	0.46160267111853087	0.34056761268781305	100	100	0.02	0.02	500	500	0.052	0.048	100	100	0.1	0.1	500	500	0.164	0.13	0.7450022212350067	0.418480675255442	0.3571745890715238	0.6547566161071269	0.8324101097695012	1.8798045937552945	0.5571826388047112	0.31026048427714853	0.33985364863308043	0.23709313677397428	0.6178767541183648	ok
cross_m10	ESCA	TCGA-ESCA	SRP064894	1	16390	17634	16426	2306	3361	0.4327840416305291	0.41283607979184733	3506	5384	0.46177980604677693	0.44181403308613804	3739	3918	0.4864937148970313	0.4287242578229473	100	100	0.08	0.08	500	500	0.126	0.126	100	100	0.27	0.27	500	500	0.248	0.232	0.8460537727666956	0.4934952298352125	0.47094535993061576	0.7484822202948829	1.006895346410864	2.0290600829439724	0.5037626756966431	0.49526493997902843	0.5112764183570587	0.49051956356755905	0.673947528981086	ok
cross_m10	ESCA	TCGA-ESCA	SRP064894	2	16390	17634	16426	2178	3955	0.4825528007346189	0.4527089072543618	3541	5901	0.5103078226489692	0.48771533465122846	3515	4621	0.5416785206258891	0.467425320056899	100	100	0.03	0.03	500	500	0.076	0.076	100	100	0.14	0.14	500	500	0.194	0.182	0.8448117539026629	0.5348943985307621	0.5036730945821855	0.7685950413223139	1.1249965757184803	1.8624520376586842	0.39595943789632826	0.481814495682602	0.5161635168022889	0.44567864250956085	0.6802318486882245	ok
cross_m10	ESCA	TCGA-ESCA	SRP064894	3	16390	17634	16426	2464	3600	0.450487012987013	0.4135551948051948	3698	5358	0.45105462412114655	0.41563007030827476	3725	4080	0.5106040268456375	0.4193288590604027	100	100	0.06	0.06	500	500	0.116	0.114	100	100	0.24	0.24	500	500	0.24	0.222	0.8116883116883117	0.5146103896103896	0.4724025974025974	0.6834415584415585	1.0168586741693728	1.918480906205903	0.46996674771167235	0.39744190763511295	0.41783423933516906	0.39595097557461334	0.6428309945088468	ok
cross_m10	BRCA	SRP156355	SRP218935	2	16902	17666	17058	1372	2886	0.5699708454810496	0.5604956268221575	2139	5491	0.6152407667134174	0.6068256194483403	2293	3361	0.603139991277802	0.5686873092019189	100	100	0.06	0.06	500	500	0.162	0.162	100	100	0.11	0.11	500	500	0.306	0.294	0.9190962099125365	0.6457725947521866	0.6333819241982507	0.8517978620019436	1.2940871753297745	1.5700448276607164	0.17576418677300076	0.6154553412735065	0.6459936888778931	0.6043981462905705	0.7384333215004142	ok
cross_m10	BRCA	SRP156355	SRP218935	3	16928	17666	17058	1856	3163	0.5538793103448276	0.5457974137931034	3237	6501	0.5838739573679332	0.5724436206363918	2561	3539	0.5825849277625927	0.5517376024990238	100	100	0.07	0.07	500	500	0.176	0.176	100	100	0.21	0.21	500	500	0.36	0.358	0.8949353448275862	0.6357758620689655	0.625	0.8071120689655172	1.2092030802491809	1.5513700605137126	0.22055793712509075	0.5314375722271109	0.5418380534056765	0.5793787190246008	0.6768076559546313	ok
cross_m10	BRCA	SRP156355	SRP218935	4	17007	18379	17058	2141	2771	0.4759458197104157	0.4666043904717422	3612	5715	0.5570321151716501	0.5476190476190477	2912	3208	0.5230082417582418	0.48660714285714285	100	100	0.06	0.06	500	500	0.12	0.12	100	100	0.14	0.14	500	500	0.25	0.24	0.8907052779075199	0.5693601120971509	0.5572162540868753	0.7851471275105091	1.0748385179666655	1.5744414210773388	0.31732073129072746	0.5864016756438605	0.6212741666471102	0.5723563270087751	0.7314047157052979	ok
cross_m10	BRCA	SRP156355	SRP111343	0	16396	18022	16421	1346	101	0.018573551263001486	0.018573551263001486	2114	124	0.01608325449385052	0.01608325449385052	2161	1572	0.33040259139287365	0.2970846830171217	100	100	0.01	0.01	500	500	0.074	0.074	100	100	0.02	0.02	500	124	0.032	0.032	0.837295690936107	0.018573551263001486	0.018573551263001486	0.5468053491827636	0.74769247275462	1.6023015221714862	0.5333634385235276	0.4624162725569141	0.4882877736194777	0.463900200958052	0.6786411319834106	ok
cross_m10	ESCA	SRP064894	SRP099599	0	1586	16426	1626	339	100	0.17699115044247787	0.168141592920354	563	131	0.1492007104795737	0.14031971580817051	385	264	0.412987012987013	0.37922077922077924	100	100	0.25	0.25	500	500	0.458	0.424	100	100	0.33	0.32	500	131	0.164	0.154	0.8348082595870207	0.2182890855457227	0.20648967551622419	0.7345132743362831	0.7735681437141754	1.653092206765416	0.532047794703596	0.49538114480186113	0.4973126693889645	0.6209536785235544	0.6759142496847415	ok
cross_m10	ESCA	SRP064894	SRP099599	1	1586	16426	1626	346	231	0.3236994219653179	0.30057803468208094	550	318	0.3	0.28	388	392	0.4793814432989691	0.41494845360824745	100	100	0.26	0.26	500	500	0.452	0.422	100	100	0.44	0.41	500	318	0.31	0.288	0.846820809248555	0.36416184971098264	0.34104046242774566	0.653179190751445	0.9568560404423826	1.562213695041085	0.3874999025551251	0.4840014715234782	0.512741025005093	0.5786666089501028	0.6721311475409836	ok
cross_m10	ESCA	SRP064894	SRP099599	2	1586	16426	1626	400	119	0.1675	0.1575	589	162	0.16129032258064516	0.15280135823429541	454	283	0.3436123348017621	0.28193832599118945	100	100	0.25	0.25	500	500	0.404	0.364	100	100	0.4	0.38	500	162	0.178	0.168	0.765	0.2025	0.19	0.47307692307692295	0.6071663331798587	1.605654987703543	0.6218575361272058	0.3947385102162572	0.42484301219120396	0.5046563834112037	0.6242118537200504	ok
cross_m10	ESCA	SRP064894	SRP099599	3	1586	16426	1626	381	245	0.31758530183727035	0.30183727034120733	594	439	0.38047138047138046	0.35858585858585856	419	357	0.42720763723150357	0.37708830548926014	100	100	0.22	0.22	500	500	0.43	0.41	100	100	0.46	0.45	500	439	0.392	0.372	0.8241469816272966	0.4041994750656168	0.3779527559055118	0.7225346831646042	0.8281291135888719	1.636056466273479	0.49382608078611145	0.5006726705572556	0.5254012314237024	0.5928876742914407	0.682219419924338	ok
cross_m10	BRCA	SRP156355	SRP058722	4	16535	18379	16567	2011	6052	0.5743411238189955	0.30034808552958725	3482	9642	0.602814474439977	0.3104537622056289	2641	6217	0.6168118137069292	0.33547898523286634	100	100	0.0	0.0	500	500	0.036	0.024	100	100	0.11	0.08	500	500	0.14	0.084	0.5166583789159622	0.6464445549477872	0.3460964694181999	0.7782197911486822	1.2987300955555028	1.5300259607798408	0.15117120307321352	0.04583874256199296	0.018179224641791707	0.07490158547194654	0.4960387057756275	ok
cross_m10	BRCA	SRP156355	SRP023262	0	14328	18022	14373	1071	979	0.3277310924369748	0.3277310924369748	1804	1097	0.23780487804878048	0.23780487804878048	1588	1731	0.4892947103274559	0.4716624685138539	100	100	0.09	0.09	500	500	0.206	0.206	100	100	0.19	0.19	500	500	0.326	0.326	0.9253034547152195	0.3408029878618114	0.3408029878618114	0.757236227824463	0.990628285757927	1.5013218599168747	0.3401626178860966	0.5280140555162586	0.5184356539861269	0.5782350371618417	0.6708542713567839	ok
cross_m10	BRCA	SRP156355	SRP023262	1	14222	16953	14373	1103	1351	0.38168631006346326	0.37896645512239346	1984	1760	0.29788306451612906	0.2963709677419355	1490	1843	0.47315436241610737	0.4604026845637584	100	100	0.07	0.07	500	500	0.214	0.214	100	100	0.27	0.27	500	500	0.356	0.354	0.9193109700815957	0.4188576609247507	0.4161378059836809	0.7927729568708716	0.9452468852975712	1.4627442950518497	0.3537852866730441	0.4436562530057646	0.42845145432613957	0.5565156139571723	0.6386584165377585	ok
cross_m10	BRCA	SRP156355	SRP023262	2	14304	17666	14373	1097	823	0.27985414767547856	0.27985414767547856	1833	863	0.19585379159847244	0.19530823786142934	1595	1762	0.4570532915360502	0.4394984326018809	100	100	0.13	0.13	500	500	0.22	0.22	100	100	0.18	0.18	500	500	0.316	0.316	0.910665451230629	0.284412032816773	0.284412032816773	0.6900638103919781	0.938141612044834	1.4820730632212125	0.367007177091641	0.485575715360942	0.47525011779134	0.552366019124476	0.6511465324384788	ok
cross_m10	COAD	SRP029880	SRP119775	1	16322	16445	17321	3105	2754	0.5845410628019324	0.5752012882447665	6758	6491	0.6291802308375259	0.6222255105060669	3427	2906	0.5990662386927341	0.584184417858185	100	100	0.22	0.22	500	500	0.246	0.246	100	100	0.13	0.13	500	500	0.398	0.396	0.9397745571658616	0.7378421900161031	0.7265700483091787	0.8969404186795491	1.1909569758258396	1.5991353780065465	0.2552494352851694	0.750554667427154	0.763880004161337	0.6989606711507248	0.7889964465139077	ok
cross_m10	COAD	SRP029880	SRP119775	2	16322	16445	17321	2749	2753	0.616587850127319	0.6045834849036014	6339	6490	0.6321186306988484	0.6245464584319294	3153	2906	0.622581668252458	0.6019663812242309	100	100	0.17	0.17	500	500	0.264	0.264	100	100	0.12	0.12	500	500	0.424	0.422	0.93488541287741	0.7620953073845035	0.7479083303019279	0.9021131651178941	1.2626384106476938	1.619660993221	0.22043043826307118	0.7411258311630841	0.7461427576027025	0.6859377623400797	0.7840338193848793	ok
cross_m10	COAD	SRP029880	SRP119775	3	16322	16445	17321	1564	2753	0.6317135549872123	0.6131713554987213	3691	6491	0.6404768355459225	0.6285559468978597	2183	2906	0.652313330279432	0.6275767292716445	100	100	0.11	0.11	500	500	0.18	0.18	100	100	0.09	0.09	500	500	0.374	0.372	0.9111253196930946	0.7289002557544757	0.7071611253196931	0.8732852824924436	1.3278384662596356	1.601038426488718	0.1706392274595463	0.6853295262127711	0.6776584736670177	0.6351459128127083	0.7527263815708859	ok
cross_m10	COAD	SRP029880	SRP119775	4	16322	16445	17321	2695	2754	0.5339517625231911	0.49907235621521334	5906	6490	0.5855062648154419	0.5619708770741618	3061	2906	0.5710552107154525	0.5269519764782751	100	100	0.05	0.05	500	500	0.176	0.172	100	100	0.03	0.03	500	500	0.298	0.286	0.8597402597402597	0.6552875695732838	0.6111317254174397	0.8320121437004554	1.1408349792436714	1.683129176563514	0.3221940448011589	0.6463684414683342	0.6530252470408531	0.5128663232522815	0.7490503614753093	ok
cross_m10	ESCA	TCGA-ESCA	SRP099599	2	1623	17634	1626	267	120	0.06741573033707865	0.0599250936329588	398	163	0.06532663316582915	0.06030150753768844	407	295	0.2972972972972973	0.16953316953316952	100	100	0.04	0.03	500	500	0.252	0.172	100	100	0.12	0.11	398	163	0.06532663316582915	0.06030150753768844	0.5880149812734082	0.07865168539325842	0.07116104868913857	0.443552701979668	0.5012624137625536	1.883761220411869	0.7339034224024652	0.0952200235255804	0.12266958694313336	0.12930057422982316	0.5372766481823783	ok
cross_m10	ESCA	TCGA-ESCA	SRP099599	3	1623	17634	1626	267	250	0.22846441947565543	0.18352059925093633	383	444	0.2924281984334204	0.2349869451697128	416	367	0.3701923076923077	0.23317307692307693	100	100	0.12	0.12	500	500	0.298	0.236	100	100	0.31	0.27	383	444	0.2924281984334204	0.2349869451697128	0.6853932584269663	0.2846441947565543	0.23595505617977527	0.47066167290886396	0.6292179714793218	1.9296253517337578	0.6739170269949175	0.1786928800229644	0.21896244425496544	0.22569579472305187	0.5606900800985829	ok
cross_m10	ESCA	TCGA-ESCA	SRP099599	4	1623	17634	1626	364	318	0.29945054945054944	0.16483516483516483	531	434	0.2862523540489642	0.18832391713747645	489	467	0.4458077709611452	0.2331288343558282	100	100	0.11	0.09	500	500	0.33	0.214	100	100	0.3	0.08	500	434	0.296	0.194	0.6043956043956044	0.3516483516483517	0.21703296703296704	0.5714285714285714	0.8253414750859738	1.9822921219852145	0.583642861749652	0.11128314776383876	0.15781391620030047	-0.0226586053626819	0.5508317929759704	ok
cross_m10	ESCA	TCGA-ESCA	ERP013206	0	15569	17634	15593	2041	5748	0.5232729054385106	0.15090641842234198	3277	9644	0.5636252670125115	0.2004882514494965	3178	5821	0.6170547514159849	0.2092511013215859	100	100	0.0	0.0	500	500	0.012	0.0	100	100	0.01	0.0	500	500	0.158	0.044	0.3831455169034787	0.6447819696227339	0.20431161195492406	0.753797158255757	1.156152560581071	1.8285454673162431	0.3677200915993867	-0.14691693752912205	-0.13306538166845308	-0.19827767601751384	0.4603378508574732	ok
cross_m10	LIHC	TCGA-LIHC	SRP068976	0	15872	16307	16012	2028	3701	0.6070019723865878	0.5976331360946746	3558	5885	0.5820685778527263	0.5694210230466554	2856	4271	0.6498599439775911	0.6151960784313726	100	100	0.39	0.39	500	500	0.358	0.358	100	100	0.25	0.25	500	500	0.452	0.452	0.9003944773175543	0.6439842209072978	0.6306706114398422	0.8181021257944334	1.4785119689416817	1.753411031430052	0.15677958993115682	0.5974486020238278	0.610444904990578	0.6467468835483247	0.7305947580645161	ok
cross_m10	LIHC	TCGA-LIHC	SRP068976	1	15872	16307	16012	4179	3365	0.4644651830581479	0.4580043072505384	6657	5365	0.4758900405588103	0.46913023884632715	4716	4118	0.5392281594571671	0.5120865139949109	100	100	0.27	0.27	500	500	0.376	0.376	100	100	0.36	0.36	500	500	0.534	0.534	0.8722182340272793	0.5338597750658052	0.5266810241684614	0.751136635558746	1.0795365269993205	1.7291479629211723	0.37568296632314635	0.6008897873878523	0.6305654238752635	0.6962424631630822	0.7179309475806451	ok
cross_m10	LIHC	TCGA-LIHC	SRP068976	2	15872	16307	16012	2681	3637	0.5699365908243192	0.5628496829541216	4847	5515	0.5570455952135341	0.5520940788116361	3385	4282	0.6221565731166913	0.597341211225997	100	100	0.22	0.22	500	500	0.326	0.326	100	100	0.39	0.39	500	500	0.454	0.452	0.9138381201044387	0.5967922417008579	0.5897053338306601	0.7920552032823573	1.3606387914346105	1.6319513048407368	0.16625037315840985	0.6592024202302498	0.6876475837250468	0.6961575195499159	0.7643649193548387	ok
cross_m10	LIHC	TCGA-LIHC	SRP068976	3	15872	16307	16012	4218	3860	0.5284495021337127	0.5227596017069701	7134	5852	0.5271937202130642	0.5187832912811887	4823	4439	0.5697698527887207	0.5513166079203815	100	100	0.22	0.22	500	500	0.32	0.32	100	100	0.38	0.38	500	500	0.532	0.53	0.9212897107633949	0.612375533428165	0.6052631578947368	0.8103366524419156	1.1628889189765212	1.5991747718262275	0.27281936942481655	0.6856255071051797	0.6937279450954952	0.721307709752833	0.7614667338709677	ok
cross_m10	COAD	SRP119775	SRP029880	3	16322	17321	16445	2753	1564	0.35888122048674176	0.3483472575372321	6491	3691	0.3641965798798336	0.35741796333384684	2906	2183	0.49002064693737096	0.47143840330351	100	100	0.11	0.11	500	500	0.18	0.18	100	100	0.09	0.09	500	500	0.374	0.372	0.9298946603705049	0.45223392662549944	0.4406102433708681	0.8483472575372321	0.9914451697905936	1.499878936343323	0.3389832033992566	0.6853295262127711	0.6776584736670177	0.6351459128127083	0.7527263815708859	ok
cross_m10	COAD	SRP119775	SRP029880	4	16322	17321	16445	2754	2695	0.5225127087872186	0.48838053740014525	6490	5906	0.5328197226502311	0.511402157164869	2906	3061	0.6015141087405368	0.5550584996558844	100	100	0.05	0.05	500	500	0.176	0.172	100	100	0.03	0.03	500	500	0.298	0.286	0.8994190268700073	0.6506899055918663	0.6161946259985476	0.869281045751634	1.1921469409155911	1.499754943364115	0.20510550994319476	0.6463684414683342	0.6530252470408531	0.5128663232522817	0.7490503614753093	ok
cross_m10	ESCA	TCGA-ESCA	SRP099599	0	1623	17634	1626	246	101	0.11382113821138211	0.08943089430894309	363	132	0.10743801652892562	0.09090909090909091	397	277	0.36272040302267	0.26448362720403024	100	100	0.11	0.1	500	500	0.332	0.274	100	100	0.12	0.11	363	132	0.10743801652892562	0.09090909090909091	0.7764227642276422	0.13414634146341464	0.10975609756097561	0.5257452574525745	0.6414456900929602	1.8555368782891226	0.6543072263352706	0.311926730707464	0.3159209029015672	0.20147901714720273	0.600739371534196	ok
cross_m10	ESCA	TCGA-ESCA	SRP099599	1	1623	17634	1626	253	236	0.19367588932806323	0.15019762845849802	384	324	0.1953125	0.1640625	421	404	0.40617577197149646	0.2589073634204275	100	100	0.07	0.07	500	500	0.284	0.234	100	100	0.16	0.13	384	324	0.1953125	0.1640625	0.6837944664031621	0.21739130434782608	0.17391304347826086	0.5750988142292489	0.7513482075094539	1.9472556116394864	0.6141501901351007	0.2311185531324572	0.2445759516212013	0.2400445867248904	0.5871842267406038	ok
cross_m10	ESCA	SRP099599	ERP013206	2	1587	1626	15593	118	539	0.8898305084745762	0.8898305084745762	161	942	0.9316770186335404	0.9254658385093167	278	548	0.8525179856115108	0.8273381294964028	100	100	0.27	0.27	500	500	0.538	0.532	100	100	0.35	0.35	161	500	0.7204968944099379	0.7204968944099379	0.9830508474576272	0.9491525423728814	0.9491525423728814	0.99999999	2.5868352288784626	1.9776010594712794	-0.30806727498925635	0.6837321227739526	0.6748094901156932	0.7344869269620742	0.7403906742281033	ok
cross_m10	ESCA	SRP099599	ERP013206	3	1587	1626	15593	242	530	0.8264462809917356	0.8140495867768595	436	905	0.786697247706422	0.7637614678899083	346	547	0.8497109826589595	0.8092485549132948	100	100	0.21	0.21	500	500	0.502	0.496	100	100	0.54	0.53	436	500	0.5068807339449541	0.5	0.9586776859504132	0.9090909090909091	0.8925619834710744	0.9655647382920111	2.3540985003922166	1.7593480139404314	-0.33805164284678146	0.7104525757785161	0.697334100058623	0.7348552936460793	0.7681159420289855	ok
cross_m10	ESCA	SRP099599	ERP013206	4	1587	1626	15593	311	564	0.7363344051446945	0.7266881028938906	427	926	0.8290398126463701	0.810304449648712	451	575	0.7361419068736141	0.7028824833702882	100	100	0.24	0.24	500	500	0.568	0.56	100	100	0.6	0.6	427	500	0.5480093676814989	0.5433255269320844	0.9421221864951769	0.8617363344051447	0.842443729903537	0.9298450745396083	1.9283698934513591	1.7578972452058896	-0.09697532020735555	0.6933275715250413	0.7062323182071193	0.7643850562250788	0.7718966603654694	ok
cross_m10	ESCA	SRP099599	SRP064894	0	1586	1626	16426	100	339	0.6	0.57	131	563	0.6412213740458015	0.6030534351145038	264	385	0.6022727272727273	0.553030303030303	100	100	0.25	0.25	500	500	0.458	0.424	100	100	0.33	0.32	131	500	0.6259541984732825	0.5877862595419847	0.87	0.64	0.61	0.975	1.4322506197650373	1.8681908291638674	0.23334886489831486	0.49538114480186113	0.4973126693889645	0.6209536785235543	0.6759142496847415	ok
cross_m10	COAD	TCGA-COAD	SRP029880	0	16176	16566	16445	4379	1922	0.3649234985156428	0.35967115779858416	8394	4347	0.43721705980462233	0.43388134381701216	4571	2450	0.4460730693502516	0.4349157733537519	100	100	0.21	0.21	500	500	0.282	0.282	100	100	0.37	0.37	500	500	0.474	0.468	0.9273806805206668	0.5259191596254853	0.5206668189084266	0.7978990637131764	0.9325584378523607	1.63126202364839	0.4283208801939419	0.7705600536043925	0.7968557322061575	0.7671927478100229	0.8086053412462908	ok
cross_m10	COAD	TCGA-COAD	SRP029880	1	16176	16566	16445	4576	3002	0.48513986013986016	0.4755244755244755	7072	6655	0.6110011312217195	0.6002545248868778	4936	3311	0.5210696920583469	0.501418152350081	100	100	0.17	0.17	500	500	0.236	0.236	100	100	0.19	0.19	500	500	0.45	0.448	0.9136800699300699	0.6604020979020979	0.646416083916084	0.8550407925407926	1.0402440626048093	1.7532302829557769	0.40667003489635245	0.7134647315025071	0.7311625710589309	0.7135241300152795	0.7728115727002968	ok
cross_m10	COAD	TCGA-COAD	SRP029880	2	16176	16566	16445	4379	2659	0.49280657684402834	0.4857273350079927	8370	6249	0.573715651135006	0.5663082437275986	4595	3035	0.5403699673558215	0.5268770402611535	100	100	0.18	0.18	500	500	0.292	0.292	100	100	0.26	0.26	500	500	0.466	0.466	0.9303493948390044	0.6538022379538707	0.6439826444393697	0.8376087894242724	1.068802418742241	1.6557580041361144	0.3544935817478445	0.765280653870239	0.7830231970568439	0.7410394065706911	0.7978486646884273	ok
cross_m10	COAD	TCGA-COAD	SRP029880	3	16176	16566	16445	4775	1513	0.25801047120418846	0.2513089005235602	8985	3640	0.3348914858096828	0.3301057317751809	4980	2082	0.3495983935742972	0.33674698795180724	100	100	0.15	0.15	500	500	0.214	0.214	100	100	0.18	0.18	500	500	0.394	0.39	0.9197905759162304	0.41277486910994765	0.4048167539267016	0.8006282722513088	0.7797613203281241	1.6179771784729666	0.5180640798258624	0.7303934365048034	0.7489790320360119	0.7050102225233444	0.7812809099901088	ok
cross_m10	LIHC	TCGA-LIHC	SRP174991	3	15669	16307	15733	4133	1623	0.21969513670457294	0.21485603677715945	7048	2878	0.21438706015891032	0.19835414301929624	4703	2399	0.3166064214331278	0.2947055071231129	100	100	0.14	0.14	500	500	0.182	0.182	100	100	0.36	0.36	500	500	0.436	0.434	0.7660295185095573	0.26977982095330266	0.26155335107669975	0.552383256714251	0.5592757506545969	1.5855149776185096	0.6472592447567758	0.37366651483218366	0.3391992799009773	0.5340115649431223	0.6087178505328994	ok
cross_m10	LIHC	TCGA-LIHC	SRP174991	4	15669	16307	15733	3008	2364	0.5149601063829787	0.5139627659574468	4620	4038	0.5380952380952381	0.5374458874458874	3796	2914	0.5608535300316122	0.5503161222339304	100	100	0.29	0.29	500	500	0.4	0.4	100	100	0.47	0.47	500	500	0.59	0.59	0.9584441489361702	0.6223404255319149	0.621343085106383	0.8717705167173252	1.173277274547194	1.6864914844584868	0.3043088059683148	0.7310666004262075	0.7475911001577066	0.7881448295690835	0.7812878932924884	ok
cross_m10	LIHC	TCGA-LIHC	SRP099053	0	15909	16307	16117	2042	3537	0.6586679725759059	0.6464250734573947	3572	6623	0.646976483762598	0.6332586786114222	2877	4001	0.6715328467153284	0.6385123392422662	100	100	0.35	0.35	500	500	0.378	0.378	100	100	0.29	0.29	500	500	0.492	0.492	0.925073457394711	0.713026444662096	0.6973555337904016	0.8650560452715202	1.5844724744689493	1.75897875696895	0.09920886298860576	0.6292689901387618	0.6341749849767069	0.6859657024817339	0.7356213464076937	ok
cross_m10	LIHC	TCGA-LIHC	SRP099053	1	15909	16307	16117	4187	3617	0.5636493909720564	0.5540960114640554	6664	6770	0.6454081632653061	0.6356542617046819	4736	4101	0.5992398648648649	0.5800253378378378	100	100	0.41	0.41	500	500	0.428	0.428	100	100	0.4	0.4	500	500	0.542	0.542	0.9183186052065918	0.679961786481968	0.6670647241461667	0.860520659183186	1.2236664579933778	1.7291479629211723	0.29232981547388737	0.7137714348544567	0.7412794403428223	0.7671350823821843	0.7815073228989879	ok
cross_m10	LIHC	TCGA-LIHC	SRP099053	2	15909	16307	16117	2690	2817	0.5026022304832714	0.4933085501858736	4857	5559	0.506485484867202	0.4968087296685197	3404	3387	0.5605170387779084	0.5282021151586369	100	100	0.04	0.04	500	500	0.256	0.256	100	100	0.34	0.34	500	500	0.45	0.442	0.9026022304832714	0.5806691449814126	0.571003717472119	0.7806691449814126	1.1693020458663623	1.6333122678792327	0.284091555018663	0.5863017968727327	0.5924245635948328	0.6552501993435706	0.7194041108806336	ok
cross_m10	LIHC	TCGA-LIHC	SRP099053	3	15909	16307	16117	4222	3603	0.4933680720037897	0.4893415442918048	7137	6920	0.5664845173041895	0.5554154406613423	4829	4064	0.5375854214123007	0.5216400911161732	100	100	0.23	0.23	500	500	0.324	0.324	100	100	0.37	0.37	500	500	0.538	0.538	0.9199431549028896	0.6636665087636191	0.6567977261961155	0.8351492183799146	1.079022041786641	1.5993380757133975	0.3253321119705509	0.6540256590220319	0.6540394337404983	0.7292507266964392	0.7346784838770507	ok
cross_m10	LIHC	TCGA-LIHC	SRP099053	4	15909	16307	16117	3074	2758	0.5777488614183475	0.5741704619388419	4686	5957	0.6899274434485702	0.686513017498933	3916	3176	0.5893769152196119	0.5745658835546475	100	100	0.11	0.11	500	500	0.326	0.326	100	100	0.38	0.38	500	500	0.568	0.568	0.9586857514638907	0.719583604424203	0.7153545868575146	0.9050097592713077	1.2240126346105067	1.7068655240499129	0.28288865328636537	0.74706769884101	0.7711441255265166	0.7803058979512957	0.7940159658055189	ok
cross_m10	LIHC	TCGA-LIHC	SRP062885	0	15860	16307	16024	2035	3355	0.6270270270270271	0.6176904176904177	3565	5982	0.6187938288920056	0.6084151472650772	2864	3878	0.6536312849162011	0.6232541899441341	100	100	0.32	0.32	500	500	0.356	0.356	100	100	0.38	0.38	500	500	0.518	0.514	0.9287469287469288	0.682063882063882	0.6717444717444717	0.8624078624078624	1.4950461008470606	1.7552003773430704	0.14821913204566284	0.6391195819875831	0.6531155643615035	0.7020778086976444	0.7420554854981084	ok
cross_m10	ESCA	SRP064894	SRP099599	4	1586	16426	1626	370	312	0.43243243243243246	0.40540540540540543	550	427	0.4309090909090909	0.4090909090909091	430	453	0.5255813953488372	0.4604651162790698	100	100	0.19	0.19	500	500	0.482	0.46	100	100	0.47	0.45	500	427	0.446	0.422	0.8486486486486486	0.4756756756756757	0.4486486486486487	0.6640926640926641	1.0746886513661609	1.621930068407774	0.33740136378310837	0.51148120767647	0.5333199925351488	0.5648359312785916	0.6853720050441362	ok
cross_m10	ESCA	SRP064894	ERP013206	0	15264	16426	15593	2853	5495	0.6487907465825447	0.5524009814230635	4752	9389	0.710016835016835	0.6062710437710438	3227	5563	0.6643941741555625	0.5398202665013945	100	100	0.01	0.01	500	500	0.094	0.09	100	100	0.12	0.07	500	500	0.322	0.274	0.7949526813880127	0.7584998247458815	0.6410795653697862	0.8557908968003605	1.6639470180001183	1.6444511233769796	-0.011855563443626593	0.3917713923891967	0.40945975551359376	0.39912694230719065	0.6510744234800838	ok
cross_m10	ESCA	SRP064894	ERP013206	1	15264	16426	15593	2965	5122	0.6161888701517707	0.527150084317032	4982	8704	0.6752308309915697	0.588317944600562	3357	5228	0.6374739350610664	0.5195114685731308	100	100	0.01	0.01	500	500	0.084	0.074	100	100	0.15	0.08	500	500	0.208	0.172	0.8198988195615514	0.7463743676222597	0.6404721753794267	0.9038785834738617	1.4639711769157755	1.5788014744060537	0.07273257553390455	0.41207424632472883	0.4301079000396435	0.37964749631886185	0.6618186582809225	ok
cross_m10	ESCA	SRP064894	ERP013206	2	15264	16426	15593	3548	5164	0.5298759864712514	0.41685456595264936	5491	8983	0.6244764159533782	0.48661446002549624	4012	5259	0.5620638085742772	0.4152542372881356	100	100	0.01	0.01	500	500	0.038	0.032	100	100	0.12	0.02	500	500	0.198	0.126	0.7051860202931229	0.6798196166854565	0.5307215332581736	0.774520856820744	1.128677292568407	1.5927595780958803	0.2913699543293763	0.2788771574237604	0.286393776770623	0.24381081502906576	0.5984669811320755	ok
cross_m10	COAD	SRP119775	TCGA-COAD	4	16437	17321	16566	2729	3867	0.7134481495053133	0.7112495419567607	6467	5436	0.5540436059996907	0.5520334003401887	2900	4599	0.7924137931034483	0.783448275862069	100	100	0.35	0.35	500	500	0.372	0.372	100	100	0.42	0.42	500	500	0.576	0.576	0.9615243679003298	0.7445950897764749	0.7423964822279223	0.8907358672840534	1.7387061271508288	1.4899270365791109	-0.16697400910511528	0.7405809411177412	0.7455640494632889	0.7998183421931111	0.7756889943420332	ok
cross_m10	COAD	SRP119775	SRP029880	0	16322	17321	16445	2754	1977	0.4713144517066086	0.4662309368191721	6490	4402	0.46317411402157166	0.45947611710323577	2906	2548	0.5750172057811425	0.5588437715072264	100	100	0.24	0.24	500	500	0.322	0.322	100	100	0.33	0.33	500	500	0.448	0.444	0.9306463326071169	0.5588235294117647	0.5530137981118374	0.8338779956427015	1.1329759780438708	1.4997549401858041	0.24455926252624527	0.7223882432719849	0.7288430718209882	0.7159718405284756	0.7714128170567333	ok
cross_m10	COAD	SRP119775	SRP029880	1	16322	17321	16445	2754	3105	0.659041394335512	0.6485112563543937	6491	6758	0.655060853489447	0.6478200585425974	2906	3427	0.7064693737095664	0.6889194769442533	100	100	0.22	0.22	500	500	0.246	0.246	100	100	0.13	0.13	500	500	0.398	0.396	0.9429920116194626	0.7519970951343501	0.7396514161220044	0.8919753086419753	1.39764790291702	1.4997549400330645	0.06808248093771474	0.750554667427154	0.763880004161337	0.6989606711507248	0.7889964465139077	ok
cross_m10	COAD	SRP119775	SRP029880	2	16322	17321	16445	2753	2749	0.6156919723937523	0.6037050490374137	6490	6339	0.6174114021571648	0.6100154083204931	2906	3153	0.6754989676531314	0.6531314521679285	100	100	0.17	0.17	500	500	0.264	0.264	100	100	0.12	0.12	500	500	0.424	0.422	0.9447875045405013	0.7232110424990918	0.7108608790410461	0.9091899745731928	1.3293764799840453	1.4998789441282923	0.11367748364741559	0.7411258311630841	0.7461427576027025	0.6859377623400797	0.7840338193848793	ok
cross_m10	LIHC	SRP068976	SRP174991	0	15661	16012	15733	3653	2581	0.4483985765124555	0.4459348480700794	5837	4398	0.45382902175775225	0.44954599965735825	4170	3175	0.5031175059952039	0.4882494004796163	100	100	0.33	0.33	500	500	0.454	0.454	100	100	0.45	0.45	500	500	0.544	0.544	0.906925814399124	0.5529701615110868	0.5491376950451684	0.7700520120448946	1.0130057932345056	1.6126816054492856	0.3718500974950435	0.621710501659055	0.6331336934212607	0.7208182183626826	0.7245386629206308	ok
cross_m10	LIHC	SRP068976	SRP174991	1	15661	16012	15733	3308	1074	0.2209794437726723	0.21946795646916567	5308	1773	0.22343632253202714	0.22249434815373023	4014	1991	0.3552566018933732	0.34255107125062284	100	100	0.19	0.19	500	500	0.276	0.276	100	100	0.36	0.36	500	500	0.394	0.392	0.9168681983071342	0.2926239419588875	0.2911124546553809	0.7407799274486093	0.7614000990757294	1.6145322551946215	0.5284082454060681	0.6113259576047035	0.6331871921070558	0.6797400937422337	0.7199412553476789	ok
cross_m10	LIHC	SRP068976	SRP174991	2	15661	16012	15733	3587	905	0.1511011987733482	0.14664064678003902	5465	1421	0.15077767612076853	0.1476669716376944	4173	1806	0.291157440690151	0.2676731368320153	100	100	0.08	0.08	500	500	0.172	0.172	100	100	0.24	0.24	500	500	0.308	0.304	0.8617228882074157	0.194034011708949	0.1895734597156398	0.6476163925285752	0.6210504517075223	1.6222574068479905	0.6171689837347025	0.492995284571042	0.5013251843034913	0.5830588497646785	0.6751803843943555	ok
cross_m10	LIHC	SRP068976	SRP174991	3	15661	16012	15733	3794	1622	0.25935687928307855	0.2564575645756458	5785	2877	0.2713915298184961	0.2672428694900605	4331	2397	0.36134841837912723	0.34680212422073425	100	100	0.11	0.11	500	500	0.29	0.29	100	100	0.43	0.43	500	500	0.474	0.472	0.8816552451238798	0.33473906167633105	0.33025830258302585	0.6722895800386575	0.6867798152407016	1.572811813908812	0.5633426649219463	0.5381865809250566	0.5335407398445616	0.6486485915784639	0.6817572313389949	ok
cross_m10	LIHC	TCGA-LIHC	SRP062885	1	15860	16307	16024	4162	3491	0.4771744353676117	0.46588178760211435	6640	5995	0.525	0.5126506024096386	4698	4032	0.5261813537675607	0.49765857811834824	100	100	0.26	0.26	500	500	0.376	0.376	100	100	0.42	0.42	500	500	0.53	0.528	0.8841902931283037	0.5783277270543008	0.5641518500720807	0.7741470446900528	1.0574583903116934	1.7256688149047585	0.3872182303010119	0.6092315821318909	0.639441367438765	0.6942723955923179	0.7311475409836066	ok
cross_m10	LIHC	TCGA-LIHC	SRP062885	2	15860	16307	16024	2680	3359	0.5380597014925373	0.5257462686567164	4847	6165	0.5533319579121105	0.5376521559727666	3379	3920	0.5915951464930452	0.5620005918910921	100	100	0.18	0.18	500	500	0.288	0.288	100	100	0.4	0.4	500	500	0.462	0.46	0.8962686567164179	0.5996268656716418	0.5824626865671642	0.82409381663113	1.2773382455949172	1.6316102920080922	0.2171303087192208	0.5926997325276601	0.5995129402743834	0.6735859695785511	0.7238965952080706	ok
cross_m10	LIHC	TCGA-LIHC	SRP062885	3	15860	16307	16024	4206	3592	0.42914883499762246	0.4158345221112696	7122	6403	0.472620050547599	0.44776748104465036	4818	4161	0.4829804898298049	0.45143212951432127	100	100	0.19	0.19	500	500	0.294	0.294	100	100	0.39	0.39	500	500	0.49	0.488	0.844983357108892	0.5523062291963862	0.5325725154541132	0.7322872087494057	0.9457937431527614	1.5975819585656317	0.4079842113377832	0.5222106513708176	0.5260790799718619	0.6360849032932783	0.6815258511979824	ok
cross_m10	LIHC	TCGA-LIHC	SRP062885	4	15860	16307	16024	3064	3418	0.5587467362924282	0.5525456919060052	4676	6044	0.6060735671514115	0.5985885372112917	3901	4028	0.5949756472699308	0.5675467828761855	100	100	0.15	0.15	500	500	0.326	0.326	100	100	0.42	0.42	500	500	0.522	0.522	0.9128590078328982	0.6491514360313316	0.6403394255874674	0.8172323759791122	1.2672878522666884	1.7048585440730935	0.25666099590937375	0.6443551283950653	0.6675046542824951	0.7195804263737877	0.7459646910466583	ok
cross_m10	BRCA	SRP156355	SRP058722	0	16515	18022	16567	1312	5857	0.5708841463414634	0.2705792682926829	2080	9615	0.6115384615384616	0.2879807692307692	2148	5992	0.6280260707635009	0.3161080074487896	100	100	0.0	0.0	500	500	0.042	0.022	100	100	0.12	0.04	500	500	0.142	0.09	0.4771341463414634	0.6623475609756098	0.3132621951219512	0.8004434589800443	1.3159190189685028	1.5792458303062642	0.1667421286062185	-0.010655309575992984	-0.04177925983880077	0.029715140946176413	0.4799878897971541	ok
cross_m10	BRCA	SRP156355	SRP058722	1	16325	16953	16567	1348	6153	0.6528189910979229	0.43397626112759646	2261	9551	0.6475011057054401	0.4091110128261831	1949	6360	0.7024114930733709	0.4694715238583889	100	100	0.08	0.07	500	500	0.12	0.108	100	100	0.17	0.11	500	500	0.206	0.162	0.6194362017804155	0.7099406528189911	0.46735905044510384	0.8111680604262207	1.600567323949913	1.5288294257548516	-0.04692341538340106	0.10504683852323571	0.06903135301781597	0.16143121357192713	0.5180398162327718	ok
cross_m10	BRCA	SRP156355	SRP058722	2	16475	17666	16567	1323	6032	0.582010582010582	0.30158730158730157	2090	9330	0.6043062200956938	0.3287081339712919	2127	6231	0.6544428772919605	0.34837799717912554	100	100	0.0	0.0	500	500	0.058	0.046	100	100	0.12	0.06	500	500	0.148	0.102	0.5192743764172335	0.6462585034013606	0.3439153439153439	0.7969981643451031	1.3369405009305766	1.5419424308955294	0.1329504434519594	0.036129842382372324	0.013403905237949619	0.07589058578290239	0.49960546282245827	ok
cross_m10	BRCA	SRP156355	SRP058722	3	16486	17666	16567	1805	6310	0.5911357340720221	0.29584487534626036	3184	9805	0.6202889447236181	0.2952261306532663	2426	6466	0.6409727947238252	0.33924154987633964	100	100	0.01	0.01	500	500	0.044	0.026	100	100	0.08	0.03	500	500	0.152	0.094	0.5013850415512465	0.679224376731302	0.3407202216066482	0.8204986149584487	1.4105910210229682	1.5340954666758775	0.08050636243683207	0.004985486570134716	-0.030147361564926627	0.0351333234698184	0.48362246754822275	ok
cross_m10	LIHC	TCGA-LIHC	SRP050551	4	15843	16307	15968	3067	3069	0.5438539289207694	0.5392892076948158	4679	5634	0.5911519555460568	0.5821756785637957	3893	3547	0.5761623426663242	0.5584382224505523	100	100	0.1	0.1	500	500	0.322	0.322	100	100	0.38	0.38	500	500	0.464	0.464	0.9181610694489729	0.6521030322791	0.6416693837626345	0.8285900600866365	1.2048196213423987	1.7059592395355128	0.2937582602088201	0.6534832065541739	0.6637769297051024	0.7188202787999126	0.7499842201603232	ok
cross_m10	LIHC	TCGA-LIHC	SRP137150	0	15365	16307	15802	1942	3306	0.46601441812564365	0.44799176107106076	3469	5056	0.41798789276448545	0.3897376765638513	2669	3977	0.5556388160359685	0.5099288122892469	100	100	0.1	0.1	500	500	0.172	0.172	100	100	0.26	0.26	500	500	0.362	0.36	0.8362512873326468	0.49433573635427397	0.47579814624098865	0.7366485214065028	1.172224078237189	1.745317471392418	0.32836054331021725	0.4332910717023706	0.4084121011579862	0.5122613936826159	0.6492678164659942	ok
cross_m10	LIHC	TCGA-LIHC	SRP137150	1	15365	16307	15802	4006	3306	0.34098851722416373	0.31827259111333	6476	5056	0.37229771463866584	0.3358554663372452	4472	3977	0.4233005366726297	0.37209302325581395	100	100	0.23	0.23	500	500	0.198	0.198	100	100	0.32	0.31	500	500	0.38	0.374	0.7685971043434848	0.3871692461308038	0.35971043434847727	0.6225661507738393	0.8341633836832887	1.7091167140208736	0.5119330489017142	0.39364058460904217	0.39864929904167157	0.4911414437301821	0.6417832736739343	ok
cross_m10	LIHC	TCGA-LIHC	SRP137150	2	15365	16307	15802	2547	3306	0.4216725559481743	0.4059678052610915	4709	5056	0.3954130388617541	0.36016139307708644	3164	3977	0.5101137800252844	0.4715549936788875	100	100	0.24	0.24	500	500	0.21	0.21	100	100	0.25	0.25	500	500	0.334	0.332	0.8335296427169219	0.45779348252846486	0.43934040047114253	0.6993662011329855	1.032384657227105	1.6199332281060097	0.36269925246601287	0.4085654754873301	0.3858175348859913	0.5081537138513619	0.6421737715587373	ok
cross_m10	BRCA	SRP156355	SRP062132	1	16636	16953	17037	1374	3	0.0	0.0	2287	3	0.0	0.0	2016	454	0.11011904761904762	0.08283730158730158	100	100	0.05	0.04	500	500	0.086	0.078	100	3	0.0	0.0	500	3	0.0	0.0	0.7372634643377002	0.0	0.0	0.17839236616529186	0.34659885181347905	1.5388718030805917	0.7747708086406939	0.301448751430376	0.30280434452862626	0.2938868918973666	0.6006852608800193	ok
cross_m10	BRCA	SRP156355	SRP062132	2	16910	17666	17037	1391	7	0.0014378145219266715	0.0	2158	7	0.0009267840593141798	0.0	2311	445	0.09216789268714842	0.06793595845954133	100	100	0.01	0.01	500	500	0.042	0.036	100	7	0.0	0.0	500	7	0.002	0.0	0.6599568655643422	0.0014378145219266715	0.0	0.0	0.27948298331823723	1.5849333418312153	0.8236626260916907	0.1810192058639647	0.1619818062030802	0.18393854637768545	0.5492016558249556	ok
cross_m10	BRCA	SRP156355	SRP062132	3	16934	17666	17037	1873	5	0.002135611318739989	0.0005339028296849973	3254	5	0.001229256299938537	0.00030731407498463427	2579	497	0.08491663435440093	0.030632027917797598	100	100	0.01	0.01	500	500	0.024	0.01	100	5	0.01	0.0	500	5	0.004	0.002	0.4452749599572878	0.002135611318739989	0.0005339028296849973	0.0	0.26450325484644527	1.5572952799853104	0.8301521501760795	-0.09279499580139235	-0.09543221508463832	-0.09767004610937235	0.45931262548718554	ok
cross_m10	BRCA	SRP156355	SRP062132	4	16996	18379	17037	2170	6	0.0004608294930875576	0.0004608294930875576	3641	8	0.00027464982147761604	0.00027464982147761604	2943	636	0.12674142031940197	0.11382942575603126	100	100	0.01	0.01	500	500	0.026	0.026	100	8	0.0	0.0	500	8	0.0	0.0	0.8087557603686636	0.0004608294930875576	0.0004608294930875576	0.3721198156682026	0.4164160379504026	1.5887067439831108	0.7378899286935805	0.42938788746398665	0.4103552176759012	0.44665233075366517	0.6522122852435868	ok
cross_m10	LIHC	TCGA-LIHC	SRP068976	4	15872	16307	16012	3067	3630	0.5057059015324421	0.49788066514509294	4679	5448	0.5016029066039752	0.48877965377217353	3907	4455	0.5687228052213975	0.5431277194778602	100	100	0.09	0.09	500	500	0.288	0.288	100	100	0.4	0.4	500	500	0.478	0.478	0.8751222693185523	0.5503749592435605	0.5379850016302575	0.7593739810890121	1.2294986870235103	1.7047343783500382	0.27877404090747226	0.550814339351815	0.5495667874585805	0.6649290309900673	0.6927293346774194	ok
cross_m10	LIHC	TCGA-LIHC	SRP174991	0	15669	16307	15733	1991	2587	0.5956805625313912	0.5901557006529382	3521	4404	0.507242260721386	0.49872195399034364	2774	3188	0.6297764960346071	0.6088680605623649	100	100	0.26	0.26	500	500	0.37	0.37	100	100	0.37	0.37	500	500	0.56	0.558	0.9116022099447514	0.6333500753390257	0.6278252134605726	0.826720241084882	1.4833308208153495	1.7281241172897515	0.14165261281019315	0.5920029334000916	0.5790116123822058	0.7184054838878291	0.7021507435062863	ok
cross_m10	LIHC	TCGA-LIHC	SRP174991	1	15669	16307	15733	4080	1074	0.19852941176470587	0.19730392156862744	6557	1773	0.2055818209547049	0.20436175080067104	4573	1996	0.3345724907063197	0.32320139951891536	100	100	0.09	0.09	500	500	0.248	0.248	100	100	0.33	0.33	500	500	0.432	0.432	0.8936274509803922	0.2593137254901961	0.257843137254902	0.6968954248366013	0.7274288670022127	1.7080542626764137	0.5741184089418931	0.6233599472846117	0.629981420083949	0.6935861642620804	0.7317633543940264	ok
cross_m10	LIHC	TCGA-LIHC	SRP174991	2	15669	16307	15733	2622	899	0.2032799389778795	0.20213577421815407	4789	1415	0.16767592399248277	0.1666318646899144	3281	1813	0.36970435842730875	0.3471502590673575	100	100	0.16	0.16	500	500	0.188	0.188	100	100	0.3	0.3	500	500	0.362	0.362	0.8741418764302059	0.2334096109839817	0.2322654462242563	0.6872616323417238	0.7585084332729163	1.6219670218418891	0.5323527401860724	0.5163451996083701	0.5296867082775628	0.6084946305811034	0.6895143276533282	ok
cross_m10	BRCA	SRP156355	SRP023262	3	14312	17666	14373	1503	707	0.2648037258815702	0.2648037258815702	2845	738	0.16063268892794377	0.16063268892794377	1856	1734	0.47252155172413796	0.46174568965517243	100	100	0.23	0.23	500	500	0.296	0.296	100	100	0.37	0.37	500	500	0.424	0.424	0.9188290086493679	0.2661343978709248	0.2661343978709248	0.7013380646115177	0.9764791255725379	1.476681059328908	0.33873389964363165	0.5279200709260841	0.5171037998161636	0.620683647310915	0.6709754052543321	ok
cross_m10	BRCA	SRP156355	SRP023262	4	14341	18379	14373	1594	1473	0.3237139272271016	0.3193224592220828	3020	1758	0.23443708609271524	0.2281456953642384	1929	2067	0.4370139968895801	0.416796267496112	100	100	0.15	0.15	500	500	0.204	0.204	100	100	0.21	0.21	500	500	0.304	0.304	0.8607277289836889	0.34316185696361357	0.33877038895859474	0.651819322459222	0.8681008010204694	1.469547982072183	0.4092735918725321	0.4238921276541676	0.4111158707079536	0.5092451801750945	0.6321734885991214	ok
cross_m10	BRCA	SRP156355	SRP116023	0	16704	18022	16739	1345	2175	0.5152416356877323	0.5085501858736059	2113	3532	0.4931377188831046	0.48793185044959775	2230	2992	0.5856502242152466	0.5605381165919282	100	100	0.08	0.08	500	500	0.198	0.196	100	100	0.26	0.26	500	500	0.354	0.344	0.9204460966542751	0.558364312267658	0.5509293680297398	0.8587360594795539	1.2881174340338015	1.6087243662975095	0.19929264389871026	0.6037138143801668	0.6059371489555385	0.6212248528809017	0.7155172413793104	ok
cross_m10	BRCA	SRP156355	SRP116023	1	16476	16953	16739	1349	2604	0.5448480355819125	0.5381764269829503	2262	4970	0.5610079575596817	0.553050397877984	1963	3295	0.6128374936321956	0.5909322465613857	100	100	0.06	0.06	500	500	0.166	0.164	100	100	0.23	0.23	500	500	0.272	0.272	0.9117865085248332	0.6115641215715345	0.6026686434395849	0.8242084083448056	1.2915391805552252	1.5235707343549756	0.15229457259034584	0.540780100793982	0.5397963484660318	0.5974649158767188	0.6910657926681233	ok
cross_m10	COAD	TCGA-COAD	SRP029880	4	16176	16566	16445	3791	2599	0.4231073595357425	0.40358744394618834	5358	5809	0.5755879059350504	0.5576707726763718	4459	2934	0.46131419600807355	0.43103834940569635	100	100	0.07	0.07	500	500	0.176	0.174	100	100	0.11	0.11	500	500	0.332	0.312	0.8950145080453706	0.6045898179899762	0.5826958586125033	0.8274861514112372	0.9465690494973343	1.7160830541307657	0.44841303151449585	0.637962766643614	0.6605506203540665	0.5712156722283199	0.7476508407517309	ok
cross_m10	COAD	TCGA-COAD	SRP119775	0	16437	16566	17321	4473	2729	0.5036887994634474	0.5025709814442209	8492	6467	0.5893782383419689	0.5867875647668394	4703	2900	0.5173293642355943	0.5139272804592813	100	100	0.25	0.25	500	500	0.38	0.38	100	100	0.45	0.45	500	500	0.566	0.566	0.9593114241001565	0.7133914598703331	0.7113793874357255	0.8993963782696177	1.033995853088324	1.6407780680568795	0.3698137041087758	0.7929267242764308	0.8048114262741783	0.8289124358862133	0.8000851736934964	ok
cross_m10	COAD	TCGA-COAD	SRP119775	1	16437	16566	17321	4682	2729	0.43806065783853054	0.4359248184536523	7180	6468	0.5616991643454039	0.5540389972144847	5092	2900	0.44422623723487825	0.43597800471327575	100	100	0.37	0.37	500	500	0.354	0.354	100	100	0.34	0.34	500	500	0.532	0.532	0.9085860743272106	0.618752669799231	0.6112772319521572	0.8391000996725047	0.9216751603328711	1.7701159623533758	0.47931368343376746	0.6759418158760515	0.6857819155182582	0.7564391690898514	0.7414978402384863	ok
cross_m10	COAD	TCGA-COAD	SRP119775	2	16437	16566	17321	4474	2728	0.49284756370138577	0.49262405006705406	8469	6467	0.5751564529460385	0.5723225882630771	4729	2900	0.5051807993233242	0.5028547261577501	100	100	0.35	0.35	500	500	0.382	0.382	100	100	0.43	0.43	500	500	0.566	0.566	0.9588734912829683	0.6946803755029056	0.6928922664282521	0.8804202056325435	1.019822621746025	1.6725242308715556	0.3902494188591854	0.787238299785798	0.7913987535576786	0.8294186241408866	0.7974082861836101	ok
cross_m10	LIHC	SRP068976	SRP137150	4	15284	16012	15802	3505	3298	0.37375178316690444	0.3629101283880171	5320	5048	0.41221804511278193	0.38665413533834586	4211	3943	0.4390881025884588	0.4146283543101401	100	100	0.09	0.09	500	500	0.222	0.222	100	100	0.28	0.28	500	500	0.418	0.414	0.8368045649072753	0.4573466476462197	0.44108416547788876	0.6884450784593437	0.8535614445520232	1.5730341543588824	0.4573789499822354	0.46404970446003374	0.4525921561962438	0.5555899669144143	0.6556529704265899	ok
cross_m10	LIHC	SRP068976	SRP161530	0	15455	16012	15823	3592	2800	0.5375835189309577	0.535913140311804	5773	4756	0.5527455395808072	0.5510133379525377	4099	3363	0.5886801658941205	0.5811173456940717	100	100	0.46	0.46	500	500	0.47	0.47	100	100	0.51	0.51	500	500	0.606	0.606	0.9599109131403119	0.6539532293986637	0.6517260579064588	0.8697104677060133	1.2213476802981036	1.6051447210824756	0.2391043223352144	0.753420872446147	0.7702303543017012	0.8098029350501035	0.794564865739243	ok
cross_m10	LIHC	SRP068976	SRP161530	1	15455	16012	15823	3280	2800	0.5445121951219513	0.5420731707317074	5280	4756	0.5611742424242424	0.5596590909090909	3941	3363	0.5803095660999746	0.5706673433138797	100	100	0.3	0.3	500	500	0.406	0.406	100	100	0.45	0.45	500	500	0.578	0.576	0.9521341463414634	0.6661585365853658	0.6637195121951219	0.8746612466124661	1.2243178962221846	1.608906943046723	0.23903747105240125	0.7261448379933472	0.74957024519271	0.7752520318775269	0.7796182465221612	ok
cross_m10	LIHC	SRP068976	SRP161530	2	15455	16012	15823	3524	2800	0.5366061293984109	0.5346197502837684	5402	4756	0.5660866345797853	0.564605701592003	4092	3363	0.5857771260997068	0.5782013685239492	100	100	0.46	0.46	500	500	0.492	0.492	100	100	0.49	0.49	500	500	0.604	0.602	0.9662315550510783	0.6679909194097616	0.6657207718501703	0.8881952326901249	1.2037105610577665	1.610703036938316	0.2526800201818554	0.758097607319118	0.7734582963768835	0.8090810980742671	0.7918472986088645	ok
cross_m10	LIHC	SRP174991	SRP099053	4	15682	15733	16117	2366	2691	0.6952662721893491	0.6935756551141167	4040	5891	0.754950495049505	0.7537128712871287	2910	3062	0.7061855670103093	0.6951890034364261	100	100	0.18	0.18	500	500	0.426	0.426	100	100	0.5	0.5	500	500	0.596	0.596	0.9763313609467456	0.7789518174133558	0.7772612003381234	0.9164083779468395	1.487673664345273	1.715178154891421	0.1326419007246218	0.7872054244088028	0.8071386996507457	0.8305557474019235	0.8127152148960591	ok
cross_m10	LIHC	SRP174991	SRP062885	0	15625	15733	16024	2573	3267	0.5872522347454333	0.5802565099106102	4390	5894	0.5988610478359909	0.5924829157175399	3166	3746	0.6156032849020846	0.5963360707517372	100	100	0.24	0.24	500	500	0.39	0.39	100	100	0.43	0.43	500	500	0.55	0.548	0.9261562378546444	0.6700349786241742	0.6618732996502138	0.8569762922658375	1.3635455961400558	1.7072076783754613	0.20130068918295063	0.6271018565953037	0.6380469168063073	0.712184252160372	0.72608	ok
cross_m10	LIHC	SRP174991	SRP062885	1	15625	15733	16024	1069	3395	0.6669784845650141	0.6613657623947614	1768	5899	0.6770361990950227	0.6719457013574661	1977	3891	0.6874051593323217	0.6580677794638341	100	100	0.09	0.09	500	500	0.228	0.228	100	100	0.23	0.23	500	500	0.396	0.394	0.9541627689429373	0.7277829747427502	0.7212347988774556	0.9064546304957904	1.6014592217862564	1.589497390795682	-0.0075255430174607785	0.5992850100720312	0.6207840651448812	0.6604058441791968	0.72448	ok
cross_m10	LIHC	SRP174991	SRP062885	2	15625	15733	16024	898	3265	0.6057906458797327	0.5946547884187082	1414	6070	0.6485148514851485	0.637906647807638	1794	3782	0.6594202898550725	0.6081382385730212	100	100	0.05	0.05	500	500	0.16	0.16	100	100	0.25	0.25	500	500	0.294	0.294	0.8953229398663697	0.6380846325167038	0.6258351893095768	0.821826280623608	1.56286715863444	1.6708475042465476	0.06462609264919139	0.5358193375875371	0.5592430005101976	0.6061567156113434	0.70912	ok
cross_m10	LIHC	SRP174991	TCGA-LIHC	2	15669	15733	16307	899	2622	0.592880978865406	0.5895439377085651	1415	4789	0.5674911660777385	0.5639575971731449	1813	3281	0.6690568119139547	0.6282404853833425	100	100	0.16	0.16	500	500	0.188	0.188	100	100	0.3	0.3	500	500	0.362	0.362	0.9454949944382648	0.6295884315906563	0.6262513904338154	0.8998887652947719	1.4938536335231483	1.6761286509193603	0.10874762942345373	0.5163451996083701	0.5296867082775628	0.6084946305811033	0.6895143276533282	ok
cross_m10	LIHC	SRP174991	TCGA-LIHC	3	15669	15733	16307	1623	4133	0.5594577942082564	0.5471349353049908	2878	7048	0.5250173731758165	0.4857539958304378	2399	4703	0.6206752813672364	0.5777407253022092	100	100	0.14	0.14	500	500	0.182	0.182	100	100	0.36	0.36	500	500	0.436	0.434	0.8718422674060382	0.6069008009858287	0.5902649414664202	0.7973574313685219	1.3745520293372335	1.6519880731660321	0.16794070631338942	0.37366651483218366	0.3391992799009773	0.5340115649431223	0.6087178505328994	ok
cross_m10	LIHC	SRP174991	TCGA-LIHC	4	15669	15733	16307	2364	3008	0.6552453468697124	0.6539763113367174	4038	4620	0.615651312530956	0.6149083704804359	2914	3796	0.7306108442004118	0.7168840082361015	100	100	0.29	0.29	500	500	0.4	0.4	100	100	0.47	0.47	500	500	0.59	0.59	0.9686971235194586	0.69331641285956	0.6920473773265652	0.9182177100958827	1.5717284005257022	1.7163170174607754	0.0842435374491517	0.7310666004262075	0.7475911001577066	0.7881448295690834	0.7812878932924884	ok
cross_m10	LIHC	SRP174991	SRP068976	0	15661	15733	16012	2581	3653	0.6346377373111197	0.6311507167764432	4398	5837	0.602319236016371	0.5966348340154616	3175	4170	0.6607874015748032	0.641259842519685	100	100	0.33	0.33	500	500	0.454	0.454	100	100	0.45	0.45	500	500	0.544	0.544	0.9453700116234017	0.6997287872917474	0.6954668733049205	0.8742950622067244	1.4767640467552905	1.7111299673615632	0.13696558711296947	0.621710501659055	0.6331336934212607	0.7208182183626827	0.7245386629206308	ok
cross_m10	COAD	SRP119775	TCGA-COAD	0	16437	17321	16566	2729	4473	0.8255771344814951	0.8237449615243679	6467	8492	0.7739291789083037	0.7705272924076079	2900	4703	0.8389655172413794	0.8334482758620689	100	100	0.25	0.25	500	500	0.38	0.38	100	100	0.45	0.45	500	500	0.566	0.566	0.9758153169659216	0.8721143275925247	0.8695492854525467	0.9486991572004397	1.8330238209689322	1.4899272003974497	-0.23027743938090306	0.7929267242764308	0.8048114262741783	0.8289124358862134	0.8000851736934964	ok
cross_m10	COAD	SRP119775	TCGA-COAD	1	16437	17321	16566	2729	4682	0.751557347013558	0.7478930010993038	6468	7180	0.6235312306740878	0.6150278293135436	2900	5092	0.78	0.7655172413793103	100	100	0.37	0.37	500	500	0.354	0.354	100	100	0.34	0.34	500	500	0.532	0.532	0.9435690729204836	0.80432392817882	0.7995602784902894	0.8955661414437522	1.8946832769034965	1.4899272060326165	-0.2716616417446769	0.6759418158760515	0.6857819155182582	0.7564391690898513	0.7414978402384863	ok
cross_m10	COAD	SRP119775	TCGA-COAD	2	16437	17321	16566	2728	4474	0.8082844574780058	0.8079178885630498	6467	8469	0.7532085974949745	0.7494974485851245	2900	4729	0.8237931034482758	0.82	100	100	0.35	0.35	500	500	0.382	0.382	100	100	0.43	0.43	500	500	0.566	0.566	0.9725073313782991	0.8647360703812317	0.8640029325513197	0.9318181818181819	1.8414719788414473	1.4900734574899195	-0.2358263074784721	0.787238299785798	0.7913987535576786	0.8294186241408867	0.7974082861836101	ok
cross_m10	COAD	SRP119775	TCGA-COAD	3	16437	17321	16566	2728	4867	0.8108504398826979	0.8064516129032258	6468	9079	0.7793753865182437	0.7714904143475572	2900	5108	0.8303448275862069	0.8182758620689655	100	100	0.33	0.33	500	500	0.384	0.384	100	100	0.41	0.41	500	500	0.55	0.55	0.9560117302052786	0.8533724340175953	0.8475073313782991	0.929130009775171	1.8373197658446092	1.49007353516819	-0.2330396604468412	0.7547797008371089	0.7677730923707546	0.7941243108047806	0.7837804952241894	ok
cross_m10	LIHC	SRP068976	SRP050551	1	15773	16012	15968	3353	2690	0.5135699373695198	0.5102892931702953	5353	5315	0.6220810760321315	0.6198393424248085	4082	3118	0.5443410093091622	0.5308672219500244	100	100	0.18	0.18	500	500	0.388	0.388	100	100	0.45	0.45	500	500	0.512	0.51	0.950193856248136	0.6847599164926931	0.6811810319117209	0.8801073665374292	1.1001782595706187	1.6228050502746092	0.32205149387201637	0.7457319846775006	0.78198494464769	0.7684916802406471	0.7990870474862106	ok
cross_m10	LIHC	SRP068976	SRP050551	2	15773	16012	15968	3620	3070	0.5538674033149171	0.5516574585635359	5498	5752	0.6287740996726082	0.6273190251000363	4237	3441	0.5751711116355912	0.565258437573755	100	100	0.3	0.3	500	500	0.444	0.444	100	100	0.47	0.47	500	500	0.548	0.548	0.9513812154696133	0.7157458563535911	0.71353591160221	0.8950276243093922	1.1726323047906808	1.6366070682371676	0.283497958948843	0.7254997143315317	0.7495198131731573	0.7857397386183949	0.7732200595955113	ok
cross_m10	LIHC	SRP068976	SRP050551	3	15773	16012	15968	3844	2900	0.47892819979188345	0.4778876170655567	5836	5462	0.567854694996573	0.5664838930774503	4396	3316	0.5234303912647862	0.5122838944494995	100	100	0.16	0.16	500	500	0.354	0.354	100	100	0.41	0.41	500	500	0.522	0.52	0.9581165452653486	0.6566077003121749	0.654786680541103	0.8572089258873858	1.0490608232901892	1.5840847997810656	0.33774958042954606	0.7327850120415267	0.7493588803061605	0.768711434512494	0.7832371774551449	ok
cross_m10	LIHC	SRP068976	SRP050551	4	15773	16012	15968	3625	3036	0.496551724137931	0.49517241379310345	5443	5601	0.5945250780819401	0.5926878559617857	4413	3506	0.5395422615001133	0.5282121006118287	100	100	0.15	0.15	500	500	0.326	0.326	100	100	0.37	0.37	500	500	0.458	0.458	0.9602758620689655	0.6833103448275862	0.6811034482758621	0.8832183908045976	1.0684225917370713	1.597032305780841	0.3309950037518592	0.7300936961175412	0.7497600224796557	0.7705251164990898	0.7802574018893045	ok
cross_m10	LIHC	SRP068976	SRP137150	0	15284	16012	15802	3533	3298	0.4206057175205208	0.40815171242570053	5709	5048	0.44999124189875633	0.43580311788404275	4006	3943	0.4922616075886171	0.4648027958062906	100	100	0.23	0.23	500	500	0.274	0.274	100	100	0.35	0.34	500	500	0.458	0.454	0.8714973110670818	0.4893857911123691	0.47495046702519106	0.7348806491178412	0.9989583057120976	1.6010670621870076	0.376067168387343	0.5391294646541873	0.5550371919868441	0.6119675987806023	0.6970688301491756	ok
cross_m10	LIHC	SRP068976	SRP137150	1	15284	16012	15802	3238	3298	0.4079678814082767	0.4002470660901791	5236	5048	0.4270435446906035	0.41119174942704356	3870	3943	0.48372093023255813	0.4591731266149871	100	100	0.14	0.14	500	500	0.24	0.24	100	100	0.35	0.35	500	500	0.438	0.438	0.8755404570722668	0.4820877084620136	0.47282273008029646	0.7529339098208769	0.9574699451158726	1.6045979679129982	0.40329605031147164	0.5091608696937162	0.5064273579849345	0.5944808634505651	0.6731222193143156	ok
cross_m10	LIHC	SRP068976	SRP137150	2	15284	16012	15802	3480	3298	0.41810344827586204	0.40545977011494255	5356	5048	0.43857356235997014	0.4200896191187453	4005	3943	0.48564294631710364	0.4549313358302122	100	100	0.24	0.24	500	500	0.286	0.286	100	100	0.36	0.36	500	500	0.468	0.466	0.8658045977011494	0.4870689655172414	0.47270114942528735	0.7337164750957854	0.9669514765986317	1.6067039082602665	0.39817693127687515	0.51233626956321	0.5137636791982562	0.5988745533086516	0.6760010468463753	ok
cross_m10	LIHC	SRP068976	SRP137150	3	15284	16012	15802	3686	3298	0.3836136733586544	0.37194791101465	5671	5048	0.42126609063657205	0.4004584729324634	4183	3943	0.45804446569447765	0.42935692087018884	100	100	0.16	0.16	500	500	0.244	0.244	100	100	0.33	0.32	500	500	0.422	0.42	0.8426478567552903	0.4639175257731959	0.4484536082474227	0.7069994574064025	0.9006058868102444	1.5622044886809596	0.4235032011906028	0.4829287944658136	0.4835557482065959	0.5607802426972728	0.6632426066474745	ok
cross_m10	LIHC	SRP174991	SRP161530	4	15386	15733	15823	2311	2779	0.6698398961488533	0.6689744699264387	3984	4735	0.6385542168674698	0.6372991967871486	2782	3332	0.7156721782890008	0.706685837526959	100	100	0.27	0.27	500	500	0.432	0.432	100	100	0.47	0.47	500	500	0.59	0.59	0.9684119428818693	0.7174383383816529	0.7161401990480312	0.897110438001827	1.5976282335138097	1.6984886721268002	0.05938246175448192	0.7359301630943815	0.7482696109965743	0.8023689221387112	0.7775250227479527	ok
cross_m10	LIHC	SRP099053	TCGA-LIHC	0	15909	16117	16307	3537	2042	0.38026576194515127	0.37319762510602206	6623	3572	0.3489355277064774	0.341537067794051	4001	2877	0.482879280179955	0.459135216195951	100	100	0.35	0.35	500	500	0.378	0.378	100	100	0.29	0.29	500	500	0.492	0.492	0.8993497314108001	0.45038167938931295	0.44274809160305345	0.7786663435518397	0.9826624376423043	1.713950806758958	0.4266682370537246	0.6292689901387618	0.6341749849767069	0.6859657024817339	0.7356213464076937	ok
cross_m10	LIHC	SRP099053	TCGA-LIHC	1	15909	16117	16307	3617	4187	0.6524744263201548	0.6414155377384573	6770	6664	0.6353028064992614	0.6257016248153618	4101	4736	0.6920263350402341	0.6698366252133626	100	100	0.41	0.41	500	500	0.428	0.428	100	100	0.4	0.4	500	500	0.542	0.542	0.9195465855681504	0.7171689245230854	0.7052806192977605	0.8437931987835222	1.5300859938247036	1.7116959227230963	0.10609941081677277	0.7137714348544567	0.7412794403428223	0.7671350823821843	0.7815073228989879	ok
cross_m10	LIHC	SRP099053	TCGA-LIHC	2	15909	16117	16307	2817	2690	0.47994320198793045	0.47106851260205895	5559	4857	0.44252563410685375	0.43407087605684475	3387	3404	0.5633303808680248	0.530853262474166	100	100	0.04	0.04	500	500	0.256	0.256	100	100	0.34	0.34	500	500	0.45	0.442	0.9148029818956337	0.5523606673766418	0.5427760028399006	0.8248727961188025	1.1391734932898439	1.6909773445329015	0.3263224389298264	0.5863017968727327	0.5924245635948328	0.6552501993435706	0.7194041108806336	ok
cross_m10	LIHC	TCGA-LIHC	SRP161530	2	15540	16307	15823	2573	2842	0.5534395647104547	0.548775748153906	4736	4798	0.5291385135135135	0.5244932432432432	3224	3425	0.6060794044665012	0.5865384615384616	100	100	0.19	0.19	500	500	0.326	0.326	100	100	0.37	0.37	500	500	0.5	0.494	0.9113874854255732	0.6105713175281772	0.605518849591916	0.805674310143801	1.324617803302188	1.6186932137901335	0.18167458044713403	0.6608987408214952	0.6825641607292292	0.7094001781984852	0.7555984555984556	ok
cross_m10	LIHC	TCGA-LIHC	SRP161530	3	15540	16307	15823	4060	2842	0.43472906403940886	0.4315270935960591	6969	4799	0.4339216530348687	0.4274644855789927	4637	3425	0.5020487384084538	0.48932499460858314	100	100	0.23	0.23	500	500	0.314	0.314	100	100	0.4	0.4	500	500	0.538	0.538	0.9167487684729064	0.5564039408866995	0.5527093596059113	0.7777093596059113	0.9888183389483481	1.579293477880554	0.37388563126635355	0.6600346472245932	0.655830669238497	0.7361590684049064	0.7414414414414414	ok
cross_m10	LIHC	TCGA-LIHC	SRP161530	4	15540	16307	15823	2959	2843	0.5528894896924637	0.5498479215951335	4571	4801	0.5685845548020126	0.5650842266462481	3730	3425	0.5983914209115282	0.5833780160857909	100	100	0.16	0.16	500	500	0.346	0.346	100	100	0.4	0.4	500	500	0.552	0.55	0.9256505576208178	0.6282527881040892	0.6241973639743157	0.8553565393714092	1.2888239504063104	1.679774698137897	0.23273999076481655	0.6913220790741208	0.7072653921064261	0.7472568735592087	0.7666666666666667	ok
cross_m10	LIHC	SRP068976	TCGA-LIHC	0	15872	16012	16307	3701	2028	0.33261280734936505	0.3274790597135909	5885	3558	0.35191163976210704	0.34426508071367884	4271	2856	0.4345586513697026	0.4113790681339265	100	100	0.39	0.39	500	500	0.358	0.358	100	100	0.25	0.25	500	500	0.452	0.452	0.8927316941367198	0.4390705214806809	0.4328559848689543	0.7545065040336587	0.8625526559309958	1.621128710765185	0.4679308001868251	0.5974486020238278	0.610444904990578	0.6467468835483247	0.7305947580645161	ok
cross_m10	LIHC	SRP174991	SRP050551	2	15622	15733	15968	906	3015	0.7218543046357616	0.7207505518763797	1422	5698	0.7229254571026723	0.7194092827004219	1806	3356	0.7153931339977851	0.6971207087486158	100	100	0.14	0.14	500	500	0.192	0.192	100	100	0.3	0.3	500	500	0.346	0.346	0.9746136865342163	0.7450331125827815	0.7428256070640177	0.9144591611479028	1.7372565515842853	1.6780946318160825	-0.035255413280343983	0.6555757881626412	0.6622845987453839	0.7073595161182153	0.7490078094994239	ok
cross_m10	LIHC	SRP174991	SRP050551	3	15622	15733	15968	1617	2843	0.629560915275201	0.6277056277056277	2872	5405	0.6326601671309192	0.629874651810585	2381	3231	0.6589668206635867	0.6358672826543469	100	100	0.11	0.11	500	500	0.266	0.266	100	100	0.38	0.37	500	500	0.412	0.408	0.9461966604823747	0.7142857142857143	0.7111935683364254	0.8866213151927438	1.4115603720303098	1.6494106507844137	0.14420319078271315	0.6289057226743983	0.6353232101049686	0.6854016912453623	0.7266675201638715	ok
cross_m10	LIHC	SRP174991	SRP050551	4	15622	15733	15968	2364	2990	0.6928934010152284	0.6924703891708968	4038	5555	0.7010896483407627	0.7000990589400693	2887	3432	0.7170072739868375	0.7090405264980949	100	100	0.23	0.23	500	500	0.412	0.412	100	100	0.5	0.5	500	500	0.558	0.558	0.9720812182741116	0.7580372250423012	0.7576142131979695	0.9060913705583756	1.5762821668963984	1.7202638702434003	0.08369745237201887	0.7468065662084604	0.7621718199197349	0.8065634083608866	0.7831263602611701	ok
cross_m10	LIHC	SRP174991	SRP137150	0	15169	15733	15802	2469	3274	0.48724179829890646	0.47590117456460107	4285	5024	0.4914819136522754	0.47981330221703616	2974	3895	0.5514458641560188	0.519502353732347	100	100	0.29	0.29	500	500	0.28	0.28	100	100	0.31	0.31	500	500	0.406	0.406	0.8857837181044957	0.5334143377885784	0.5212636695018226	0.7630619684082625	1.1678393613530766	1.673057202631401	0.30197284377588085	0.5525130764357479	0.5775399949839443	0.597610478242745	0.7140879425143385	ok
cross_m10	LIHC	SRP174991	SRP068976	1	15661	15733	16012	1074	3308	0.680633147113594	0.6759776536312849	1773	5308	0.6689227298364354	0.6661026508742245	1991	4014	0.7162230035158212	0.6906077348066298	100	100	0.19	0.19	500	500	0.276	0.276	100	100	0.36	0.36	500	500	0.394	0.392	0.9478584729981379	0.7150837988826816	0.7104283054003724	0.8944754810676598	1.6597456991729196	1.5942430592238106	-0.04108698455366033	0.6113259576047035	0.6331871921070558	0.6797400937422338	0.7199412553476789	ok
cross_m10	LIHC	SRP174991	SRP068976	2	15661	15733	16012	905	3587	0.5988950276243094	0.5812154696132596	1421	5465	0.5798733286418015	0.5679099225897255	1806	4173	0.6727574750830565	0.6184939091915836	100	100	0.08	0.08	500	500	0.172	0.172	100	100	0.24	0.24	500	500	0.308	0.304	0.8784530386740331	0.6132596685082873	0.594475138121547	0.7850326469111	1.5337534935262158	1.6780562068547866	0.085993968938049	0.492995284571042	0.5013251843034913	0.5830588497646785	0.6751803843943555	ok
cross_m10	LIHC	SRP174991	SRP068976	3	15661	15733	16012	1622	3794	0.6066584463625154	0.5998766954377311	2877	5785	0.5457073340285019	0.5373653110879388	2397	4331	0.6528994576554026	0.6266166040884439	100	100	0.11	0.11	500	500	0.29	0.29	100	100	0.43	0.43	500	500	0.474	0.472	0.9321824907521579	0.6454993834771886	0.6381011097410604	0.8140156185778874	1.505481948408109	1.6518560673284437	0.0886119086374556	0.5381865809250566	0.5335407398445616	0.648648591578464	0.6817572313389949	ok
cross_m10	LIHC	SRP174991	SRP068976	4	15661	15733	16012	2367	3579	0.5952682720743557	0.5935783692437685	4041	5397	0.5580301905468943	0.5545657015590201	2906	4348	0.6672401927047488	0.6493461803165864	100	100	0.13	0.13	500	500	0.334	0.334	100	100	0.37	0.37	500	500	0.512	0.512	0.9446556822982678	0.6218842416561048	0.6201943388255176	0.8512885509083228	1.5328867899303922	1.7151048315771815	0.10624309272059174	0.6042869186210671	0.6098884367722788	0.7126374300330071	0.7111934103824787	ok
cross_m10	COAD	TCGA-COAD	SRP119775	3	16437	16566	17321	4867	2728	0.4544894185329772	0.4520238339839737	9079	6468	0.5552373609428352	0.5496200022028858	5108	2900	0.47141738449490994	0.46456538762725136	100	100	0.33	0.33	500	500	0.384	0.384	100	100	0.41	0.41	500	500	0.55	0.55	0.9361002671049928	0.6794740086295459	0.6751592356687898	0.8900760221902609	0.9615976022051359	1.624983863351838	0.40824175310783817	0.7547797008371089	0.7677730923707546	0.7941243108047806	0.7837804952241894	ok
cross_m10	COAD	TCGA-COAD	SRP119775	4	16437	16566	17321	3867	2729	0.5034910783553141	0.5019394879751745	5436	6467	0.6591243561442237	0.6567328918322296	4599	2900	0.49967384213959554	0.49402043922591865	100	100	0.35	0.35	500	500	0.372	0.372	100	100	0.42	0.42	500	500	0.576	0.576	0.9500905094388414	0.712955779674166	0.7101111973105767	0.8862167054564262	1.0383724384504975	1.7332092976748144	0.40089610652128094	0.7405809411177412	0.7455640494632889	0.7998183421931111	0.7756889943420332	ok
cross_m10	COAD	SRP029880	TCGA-COAD	0	16176	16445	16566	1922	4379	0.8314255983350677	0.8194588969823101	4347	8394	0.8442604094778008	0.8378191856452726	2450	4571	0.8322448979591837	0.8114285714285714	100	100	0.21	0.21	500	500	0.282	0.282	100	100	0.37	0.37	500	500	0.474	0.468	0.9516129032258065	0.8694068678459937	0.8553590010405827	0.9345919429166047	1.8183929529961884	1.5507192799160916	-0.1726125911677454	0.7705600536043925	0.7968557322061575	0.7671927478100229	0.8086053412462908	ok
cross_m10	COAD	SRP029880	TCGA-COAD	1	16176	16445	16566	3002	4576	0.7395069953364424	0.7248500999333778	6655	7072	0.6492862509391435	0.6378662659654395	3311	4936	0.7768045907580792	0.7475083056478405	100	100	0.17	0.17	500	500	0.236	0.236	100	100	0.19	0.19	500	500	0.45	0.448	0.941039307128581	0.7914723517654897	0.7768154563624251	0.9056184765711748	1.712874680239561	1.5732635305571931	-0.08873983726866319	0.7134647315025071	0.7311625710589309	0.7135241300152795	0.7728115727002968	ok
cross_m10	LIHC	TCGA-LIHC	SRP050551	0	15843	16307	15968	2049	3037	0.6461688628599317	0.6398243045387995	3579	5721	0.6350936015646829	0.6255937412685108	2879	3468	0.6526571726293852	0.6325112886418895	100	100	0.33	0.33	500	500	0.37	0.37	100	100	0.41	0.41	500	500	0.494	0.494	0.9302098584675451	0.7061981454367985	0.6954612005856515	0.8446396616235562	1.479433453627096	1.7642197027052058	0.16142334690029048	0.6698438216952269	0.6764675941312301	0.7261379657239493	0.7536451429653475	ok
cross_m10	LIHC	TCGA-LIHC	SRP050551	1	15843	16307	15968	4186	2724	0.4562828475871954	0.4541328236980411	6664	5350	0.5208583433373349	0.5165066026410564	4718	3165	0.5061466723187792	0.49809241203899957	100	100	0.15	0.15	500	500	0.33	0.33	100	100	0.37	0.37	500	500	0.522	0.522	0.9225991399904443	0.5936454849498328	0.5893454371715241	0.8154562828475871	1.0185640805912577	1.7359214729311159	0.41324299717808954	0.6954588948568244	0.7118886838725594	0.7687482968829875	0.7609038692166887	ok
cross_m10	LIHC	TCGA-LIHC	SRP050551	2	15843	16307	15968	2686	3111	0.5685033507073716	0.56403574087863	4853	5794	0.5794354007830208	0.5734597156398105	3390	3493	0.6014749262536874	0.5805309734513274	100	100	0.13	0.13	500	500	0.282	0.282	100	100	0.35	0.35	500	500	0.43	0.43	0.9236783320923306	0.6626954579300074	0.6548771407297096	0.8279970215934476	1.2685522124127306	1.636856031363965	0.22500684965209372	0.6617009131715859	0.6750189252894394	0.7047788294963157	0.7566748721832987	ok
cross_m10	LIHC	TCGA-LIHC	SRP050551	3	15843	16307	15968	4213	2934	0.4350818893899834	0.4329456444338951	7129	5496	0.4812736709215879	0.4751016972927479	4818	3366	0.48194271481942713	0.46948941469489414	100	100	0.14	0.14	500	500	0.312	0.312	100	100	0.38	0.38	500	500	0.462	0.462	0.9202468549727035	0.5931640161405174	0.5884168051269879	0.8231663897460242	0.9348566942563065	1.6002527472042951	0.41580684933080847	0.6618159214983858	0.6674341019936679	0.7254905544898338	0.7460077005617622	ok
cross_m10	LIHC	SRP099053	SRP068976	2	15853	16117	16012	2785	3626	0.6017953321364452	0.5992818671454219	5527	5504	0.5201736927808938	0.5132983535371811	3327	4259	0.6510369702434626	0.6308987075443342	100	100	0.4	0.4	500	500	0.414	0.414	100	100	0.37	0.37	500	500	0.552	0.552	0.9375224416517056	0.6448833034111311	0.6423698384201078	0.851243908694537	1.4803327408389353	1.681008449903296	0.1193781679538286	0.6139025567273836	0.6210772482344825	0.7309864100783656	0.7159528165016086	ok
cross_m10	LIHC	SRP099053	SRP068976	3	15853	16117	16012	3564	3862	0.5367564534231201	0.5345117845117845	6882	5854	0.500581226387678	0.491572217378669	4021	4434	0.5988560059686645	0.5807013180800796	100	100	0.37	0.37	500	500	0.394	0.394	100	100	0.49	0.49	500	500	0.558	0.558	0.9284511784511784	0.5838945005611672	0.5810886644219978	0.8078002244668911	1.266688346247069	1.7083930250063444	0.2585498022374769	0.6254846673372748	0.638071284624444	0.7361663843255674	0.724531634390967	ok
cross_m10	LIHC	SRP099053	SRP068976	4	15853	16117	16012	2737	3628	0.5542564852027768	0.5491413956887102	5937	5446	0.47785076638032675	0.46791308741788784	3127	4448	0.6437480012791813	0.6232811000959386	100	100	0.33	0.33	500	500	0.372	0.372	100	100	0.47	0.47	500	500	0.532	0.532	0.9119473876507125	0.5856777493606138	0.5805626598465473	0.7981366459627328	1.421821974922015	1.622767331990664	0.1238288158180677	0.5683830708671208	0.5694565262186838	0.6985746343012065	0.6898378855737084	ok
cross_m10	LIHC	SRP099053	SRP174991	0	15682	16117	15733	3454	2588	0.5081065431383903	0.506658946149392	6540	4405	0.48669724770642203	0.48547400611620795	3878	3190	0.5716864363073749	0.555440948942754	100	100	0.4	0.4	500	500	0.454	0.454	100	100	0.45	0.45	500	500	0.55	0.55	0.9287782281412854	0.5955414012738853	0.5940938042848871	0.8042848870874348	1.168152330013061	1.7005714202212976	0.3130824638573264	0.7148915535781875	0.748668340676174	0.7696452704765309	0.7804489223313353	ok
cross_m10	ESCA	ERP013206	SRP099599	3	1587	15593	1626	530	242	0.37735849056603776	0.37169811320754714	905	436	0.37900552486187844	0.3679558011049724	547	346	0.5374771480804388	0.5118829981718465	100	100	0.21	0.21	500	500	0.502	0.496	100	100	0.54	0.53	500	436	0.442	0.436	0.8981132075471698	0.4339622641509434	0.42830188679245285	0.7421383647798743	1.0784945049959256	2.193204100218218	0.5082562061193401	0.7104525757785161	0.697334100058623	0.7348552936460792	0.7681159420289855	ok
cross_m10	ESCA	ERP013206	SRP099599	4	1587	15593	1626	564	311	0.40602836879432624	0.40070921985815605	926	427	0.38228941684665224	0.37365010799136067	575	451	0.577391304347826	0.551304347826087	100	100	0.24	0.24	500	500	0.568	0.56	100	100	0.6	0.6	500	427	0.468	0.464	0.8865248226950354	0.45390070921985815	0.44858156028368795	0.6672122204037098	1.1825146518626	2.0357486641700833	0.4191254192252276	0.6933275715250413	0.7062323182071193	0.7643850562250788	0.7718966603654694	ok
cross_m10	ESCA	ERP013206	SRP064894	0	15264	15593	16426	5495	2853	0.33685168334849863	0.28680618744313013	9389	4752	0.35935669400362125	0.30684843966343595	5563	3227	0.38540355923063097	0.3131403918748876	100	100	0.01	0.01	500	500	0.094	0.09	100	100	0.12	0.07	500	500	0.322	0.274	0.7339399454049136	0.43075523202911736	0.37306642402183804	0.6587807097361237	0.7563072274282614	2.094651429684957	0.6389340886459507	0.3917713923891967	0.40945975551359376	0.3991269423071906	0.6510744234800838	ok
cross_m10	ESCA	ERP013206	SRP064894	1	15264	15593	16426	5122	2965	0.3566966028894963	0.30515423662631785	8704	4982	0.3864889705882353	0.33674172794117646	5228	3357	0.4093343534812548	0.3335883703136955	100	100	0.01	0.01	500	500	0.084	0.074	100	100	0.15	0.08	500	500	0.208	0.172	0.735650136665365	0.4445529090199141	0.3867629832096837	0.6594212330252939	0.7955770782168028	1.9590737471051518	0.5939014141798407	0.41207424632472883	0.4301079000396435	0.37964749631886185	0.6618186582809225	ok
cross_m10	LIHC	TCGA-LIHC	SRP137150	3	15365	16307	15802	4025	3306	0.3309316770186335	0.30832298136645964	6935	5056	0.36452775775054075	0.2954578226387887	4591	3977	0.4062295796122849	0.3633195382269658	100	100	0.12	0.12	500	500	0.154	0.154	100	100	0.31	0.31	500	500	0.396	0.396	0.760248447204969	0.39602484472049687	0.3624844720496894	0.6263354037267079	0.7601884191889697	1.5769433015808552	0.51793547781528	0.34145755637308145	0.2970585788721127	0.47970116270765434	0.6041653107712334	ok
cross_m10	LIHC	TCGA-LIHC	SRP137150	4	15365	16307	15802	2934	3306	0.40388548057259716	0.3878663940013633	4544	5056	0.398987676056338	0.3767605633802817	3667	3977	0.48022907008453775	0.43905099536405784	100	100	0.2	0.2	500	500	0.214	0.214	100	100	0.33	0.32	500	500	0.394	0.39	0.8258350374914792	0.4447852760736196	0.4267211997273347	0.6955237446034992	0.9687018817582244	1.680873856182979	0.423691505347102	0.44307607992331377	0.43623515626470005	0.5298705314653795	0.6621542466644972	ok
cross_m10	LIHC	TCGA-LIHC	SRP161530	0	15540	16307	15823	1953	2843	0.6169994879672299	0.6103430619559652	3483	4799	0.5742176284811944	0.5676141257536607	2734	3425	0.6554498902706657	0.6265544989027066	100	100	0.28	0.28	500	500	0.342	0.342	100	100	0.33	0.33	500	500	0.498	0.498	0.921146953405018	0.6666666666666666	0.6594982078853047	0.8623200773738409	1.5138331365472883	1.7276006448037802	0.12373664532914752	0.6440105017809602	0.6623117165513043	0.7021204116362286	0.7440154440154441	ok
cross_m10	LIHC	TCGA-LIHC	SRP161530	1	15540	16307	15823	4028	2842	0.4868421052631579	0.4813803376365442	6502	4798	0.49984620116887113	0.49553983389726236	4520	3425	0.5497787610619469	0.5347345132743363	100	100	0.34	0.34	500	500	0.412	0.412	100	100	0.44	0.44	500	500	0.572	0.568	0.9232869910625621	0.5796921549155909	0.573733862959285	0.8328368090036411	1.1229465005384451	1.7086032918325955	0.34276932164048035	0.7007042057691625	0.7205567815848217	0.7706322652318881	0.766023166023166	ok
cross_m10	LIHC	SRP099053	SRP137150	2	15316	16117	15802	2662	3307	0.41960931630353115	0.3989481592787378	5399	5057	0.41415076866086314	0.3852565289868494	3136	3958	0.49808673469387754	0.45121173469387754	100	100	0.11	0.11	500	500	0.176	0.176	100	100	0.22	0.22	500	500	0.378	0.376	0.8290758827948911	0.45454545454545453	0.43275732531930877	0.7084898572501876	1.0074871772551142	1.6649008574320345	0.3948665635207397	0.4474124961728245	0.47031257446463476	0.5218137777560726	0.6670801775920606	ok
cross_m10	LIHC	SRP099053	SRP137150	3	15316	16117	15802	3398	3307	0.4017068864037669	0.3905238375515009	6707	5057	0.4021171909944834	0.3785597137319219	3783	3958	0.48480042294475284	0.44673539518900346	100	100	0.27	0.27	500	500	0.254	0.254	100	100	0.39	0.39	500	500	0.454	0.454	0.8378457916421425	0.4455562095350206	0.4326074161271336	0.690994702766333	0.9633304812691531	1.6974124329704758	0.4324711763873895	0.47652261822810493	0.5000601640977334	0.5793287414900965	0.6705406111256202	ok
cross_m10	LIHC	SRP099053	SRP137150	4	15316	16117	15802	2611	3307	0.44695518958253544	0.4304864036767522	5801	5057	0.4245819686260989	0.40010343044302704	2949	3958	0.5347575449304849	0.49610037300779924	100	100	0.14	0.14	500	500	0.206	0.206	100	100	0.29	0.29	500	500	0.42	0.418	0.8571428571428571	0.47950976637303716	0.46189199540405973	0.7176779559008589	1.0972108248526544	1.610513373502223	0.31871983002124393	0.4832618604080529	0.49955334662735656	0.5653712010943035	0.675763907025333	ok
cross_m10	LIHC	SRP099053	SRP161530	0	15567	16117	15823	3429	2847	0.5701370662000583	0.5698454359871683	6514	4802	0.5296284924777402	0.5291679459625422	3849	3422	0.6352299298519096	0.6279553130683294	100	100	0.51	0.51	500	500	0.496	0.496	100	100	0.45	0.45	500	500	0.618	0.618	0.9664625255176437	0.6503353747448236	0.6500437445319335	0.8858476023830354	1.3354617993493823	1.7041179554142878	0.2163325343140825	0.7707618205950876	0.7820527910528701	0.8292130911694202	0.7985482109590801	ok
cross_m10	LIHC	SRP099053	SRP050551	3	15794	16117	15968	3570	2888	0.5565826330532213	0.5546218487394958	6888	5450	0.5529907084785134	0.5503774680603949	4011	3307	0.5916230366492147	0.5776614310645725	100	100	0.16	0.16	500	500	0.398	0.398	100	100	0.44	0.44	500	500	0.568	0.568	0.9436974789915966	0.6694677871148459	0.6663865546218487	0.8879551820728291	1.2275996627378183	1.712401331692691	0.283112177024326	0.7309345156129132	0.7565685573844194	0.7969126635670454	0.7839685956692415	ok
cross_m10	LIHC	SRP099053	SRP050551	4	15794	16117	15968	2736	3040	0.6180555555555556	0.6133040935672515	5937	5605	0.5755432036382011	0.5723429341418225	3127	3508	0.6664534697793412	0.6482251359130157	100	100	0.15	0.15	500	500	0.342	0.342	100	100	0.34	0.34	500	500	0.528	0.528	0.9517543859649122	0.6948099415204678	0.6900584795321637	0.8662280701754386	1.4275343803193281	1.624280672481489	0.12112826034036506	0.6951951830377258	0.7234154991566195	0.7610770255213007	0.7632012156515132	ok
cross_m10	LIHC	SRP099053	SRP137150	0	15316	16117	15802	3342	3307	0.4320766008378217	0.42010771992818674	6417	5057	0.43789932990494	0.41841982234689107	3718	3958	0.5204410973641743	0.48977945131791284	100	100	0.28	0.28	500	500	0.268	0.268	100	100	0.33	0.33	500	500	0.446	0.442	0.8662477558348295	0.4772591262716936	0.4634949132256134	0.7307001795332135	1.0588360037944202	1.6923871542081925	0.37435355665423276	0.5463036819276608	0.5653134756367895	0.6162426811219234	0.7084747975972839	ok
cross_m10	LIHC	SRP099053	SRP137150	1	15316	16117	15802	3433	3307	0.4369356248179435	0.42557529857267695	6577	5057	0.43545689524099135	0.4194921696822259	3843	3958	0.5147020556856623	0.48816029143898	100	100	0.26	0.26	500	500	0.252	0.252	100	100	0.39	0.39	500	500	0.468	0.466	0.8782406058840664	0.48820273812991555	0.4750946693853772	0.7553160501019516	1.0528726161527429	1.68462593247029	0.3750110360649388	0.559730527526152	0.5716232810224081	0.6317302774492629	0.7056672760511883	ok
cross_m10	ESCA	SRP064894	ERP013206	3	15264	16426	15593	3183	5029	0.5978636506440465	0.49293119698397736	4935	8557	0.6589665653495441	0.5529888551165147	3503	5140	0.6200399657436483	0.4901512988866686	100	100	0.0	0.0	500	500	0.082	0.074	100	100	0.16	0.04	500	500	0.268	0.194	0.7807100219918316	0.7191328934967012	0.5947219604147032	0.8509941205511422	1.4277180294793523	1.6405549812721385	0.12973472649343676	0.3832934934737654	0.3970170630745475	0.32898705218142016	0.6521881551362684	ok
cross_m10	ESCA	SRP064894	ERP013206	4	15264	16426	15593	3212	5207	0.6089663760896638	0.5286425902864259	4874	8695	0.6871153057037341	0.6027903159622486	3701	5374	0.6346933261280735	0.5228316671169954	100	100	0.0	0.0	500	500	0.128	0.126	100	100	0.21	0.12	500	500	0.322	0.274	0.8206724782067247	0.7425280199252802	0.6457036114570361	0.8710193915673368	1.4070258643082105	1.6111083193930704	0.12667208816955333	0.4211048088610088	0.44694355811969283	0.41316747047878905	0.6610324947589099	ok
cross_m10	KIRC	TCGA-KIRC	SRP114482	0	16907	16967	17314	4898	4451	0.647815434871376	0.6447529603919967	8891	8785	0.6791137104937577	0.6727027331008886	5266	4665	0.6636916065324725	0.6515381693885302	100	100	0.41	0.41	500	500	0.368	0.368	100	100	0.56	0.56	500	500	0.588	0.588	0.9438546345447121	0.7890975908534096	0.782360146998775	0.8868342763810301	1.4134144104457798	1.8765222363355045	0.24679048130763825	0.7658719805168753	0.7764911732328854	0.830065782693589	0.7831075885727805	ok
cross_m10	KIRC	TCGA-KIRC	SRP114482	1	16907	16967	17314	3426	4451	0.7308814944541739	0.7247518972562755	6098	8786	0.7454903246966218	0.7376188914398163	4079	4665	0.7317970090708507	0.7143907820544251	100	100	0.31	0.31	500	500	0.38	0.38	100	100	0.52	0.52	500	500	0.612	0.612	0.9471687098657326	0.8213660245183888	0.8117338003502627	0.903677758318739	1.714991105628537	1.82421172043139	0.05987277330781782	0.7475984466774909	0.7566191808084316	0.8196700885175001	0.7825161175844325	ok
cross_m10	LIHC	SRP068976	SRP174991	4	15661	16012	15733	3579	2367	0.39368538697960326	0.3925677563565242	5397	4041	0.4178247174356124	0.415230683713174	4348	2906	0.44595216191352344	0.4339926402943882	100	100	0.13	0.13	500	500	0.334	0.334	100	100	0.37	0.37	500	500	0.512	0.512	0.919251187482537	0.5174629784856105	0.5155071248952221	0.747734802219295	0.8527657009393648	1.5865055152792933	0.4624880325176548	0.6042869186210671	0.6098884367722788	0.7126374300330071	0.7111934103824787	ok
cross_m10	LIHC	SRP068976	SRP099053	0	15853	16012	16117	3699	3505	0.5604217356042174	0.5560962422276291	5883	6591	0.6024137344892062	0.5945945945945946	4253	3957	0.5927580531389607	0.5755936985657183	100	100	0.49	0.49	500	500	0.488	0.488	100	100	0.46	0.46	500	500	0.584	0.584	0.9416058394160584	0.6869424168694241	0.6804541768045418	0.8513111651797782	1.2492209966742287	1.619376563545286	0.22857905641210408	0.665397908496712	0.6763609618451651	0.7671322531624188	0.7492588153661768	ok
cross_m10	LIHC	SRP068976	SRP099053	1	15853	16012	16117	3355	3577	0.5573770491803278	0.5508196721311476	5354	6729	0.6161748225625701	0.6068360104594696	4099	4059	0.5933154427909246	0.5703830202488411	100	100	0.4	0.4	500	500	0.42	0.42	100	100	0.44	0.44	500	500	0.524	0.524	0.9230998509687034	0.6867362146050671	0.6780923994038748	0.8718330849478391	1.268259368070498	1.6195541067535602	0.21690830656299698	0.6303084875967289	0.6481467627411079	0.7175328775428246	0.7305241910048571	ok
cross_m10	LIHC	SRP068976	SRP099053	2	15853	16012	16117	3626	2785	0.4622173193601765	0.4602868174296746	5504	5527	0.5223473837209303	0.5154433139534884	4259	3327	0.5085700868748533	0.49283869452923224	100	100	0.4	0.4	500	500	0.414	0.414	100	100	0.37	0.37	500	500	0.552	0.552	0.9172642029784887	0.5976282404853833	0.595146166574738	0.8115462401176686	1.0387143271509873	1.6353851413477913	0.364850333484785	0.6139025567273836	0.6210772482344825	0.7309864100783656	0.7159528165016086	ok
cross_m10	LIHC	SRP062885	SRP174991	2	15625	16024	15733	3265	898	0.1666156202143951	0.16355283307810106	6070	1414	0.15107084019769357	0.1485996705107084	3782	1794	0.3127974616604971	0.2884717080909572	100	100	0.05	0.05	500	500	0.16	0.16	100	100	0.25	0.25	500	500	0.294	0.294	0.877488514548239	0.21745788667687596	0.21408882082695252	0.6802450229709034	0.6670105820832375	1.6403003135316732	0.5933606934164877	0.5358193375875371	0.5592430005101976	0.6061567156113434	0.70912	ok
cross_m10	LIHC	SRP062885	SRP174991	3	15625	16024	15733	3491	1616	0.29189344027499287	0.28702377542251506	6302	2871	0.28324341478895587	0.27657886385274516	4018	2383	0.40343454454952715	0.3862618218018915	100	100	0.15	0.15	500	500	0.264	0.264	100	100	0.38	0.36	500	500	0.512	0.502	0.8842738470352335	0.3572042394729304	0.3509023202520768	0.7135491263248352	0.8185291245649655	1.647542197681225	0.5031816934844064	0.5836655029502013	0.5847233189129228	0.6738146665319241	0.712	ok
cross_m10	LIHC	SRP062885	SRP174991	4	15625	16024	15733	3338	2353	0.41491911324146197	0.4089275014979029	5964	4027	0.39906103286384975	0.3931924882629108	3900	2889	0.4712820512820513	0.4471794871794872	100	100	0.16	0.16	500	500	0.312	0.312	100	100	0.42	0.42	500	500	0.554	0.548	0.8921509886159377	0.5140802875973637	0.5074895146794488	0.7675254643499101	0.9484005964251745	1.64371272212514	0.42301316789773535	0.5901223209951981	0.6141609450867954	0.6873783303108545	0.718848	ok
cross_m10	LIHC	SRP062885	SRP099053	0	15819	16024	16117	3330	3505	0.6324324324324324	0.6297297297297297	5957	6590	0.6550276985059593	0.6523417827765654	3845	3950	0.6639791937581274	0.6535760728218466	100	100	0.38	0.38	500	500	0.47	0.47	100	100	0.47	0.47	500	500	0.612	0.612	0.9558558558558559	0.7303303303303303	0.7273273273273273	0.8888888888888888	1.3972207625696593	1.649289139642372	0.15283455824329895	0.7502553823683411	0.7680621598889991	0.807867018362919	0.7910108097857007	ok
cross_m10	LIHC	SRP099053	TCGA-LIHC	3	15909	16117	16307	3603	4222	0.5781293366638912	0.5734110463502636	6920	7137	0.5842485549132947	0.5728323699421966	4064	4829	0.6387795275590551	0.6198326771653543	100	100	0.23	0.23	500	500	0.324	0.324	100	100	0.37	0.37	500	500	0.538	0.538	0.9311684707188455	0.6472384124340828	0.6416874826533444	0.8351373855120733	1.3602386126355712	1.7201064499846432	0.20921253876600765	0.6540256590220319	0.6540394337404983	0.7292507266964392	0.7346784838770507	ok
cross_m10	LIHC	SRP099053	TCGA-LIHC	4	15909	16117	16307	2758	3074	0.6439448875997099	0.6399564902102973	5957	4686	0.5427228470706732	0.5400369313412792	3176	3916	0.7267002518891688	0.7084382871536524	100	100	0.11	0.11	500	500	0.326	0.326	100	100	0.38	0.38	500	500	0.568	0.568	0.9554024655547498	0.6849166062364032	0.6809282088469906	0.9178148416727097	1.53434445391718	1.6369769252309196	0.06269634576508265	0.74706769884101	0.7711441255265166	0.7803058979512957	0.7940159658055189	ok
cross_m10	LIHC	SRP099053	SRP068976	0	15853	16117	16012	3505	3699	0.5914407988587732	0.5868758915834522	6591	5883	0.5377029282354726	0.5307237141556668	3957	4253	0.6370988122314885	0.6186504927975739	100	100	0.49	0.49	500	500	0.488	0.488	100	100	0.46	0.46	500	500	0.584	0.584	0.9398002853067047	0.6499286733238231	0.644793152639087	0.8607703281027104	1.3693698451156506	1.7085478706232824	0.19851830395826064	0.665397908496712	0.6763609618451651	0.7671322531624188	0.7492588153661768	ok
cross_m10	LIHC	SRP099053	SRP068976	1	15853	16117	16012	3577	3355	0.5227844562482528	0.5166340508806262	6729	5354	0.4902660127805023	0.4828354881854659	4059	4099	0.5991623552599162	0.5760039418576004	100	100	0.4	0.4	500	500	0.42	0.42	100	100	0.44	0.44	500	500	0.524	0.524	0.9116578138104557	0.5848476376852111	0.578417668437238	0.8285341533873822	1.2579242296355835	1.7001597567105589	0.26011410123634815	0.6303084875967289	0.6481467627411079	0.7175328775428246	0.7305241910048571	ok
cross_m10	LIHC	SRP174991	SRP062885	3	15625	15733	16024	1616	3491	0.630569306930693	0.620049504950495	2871	6302	0.6217345872518286	0.6071055381400209	2383	4018	0.6802349979018044	0.6512798992866136	100	100	0.15	0.15	500	500	0.264	0.264	100	100	0.38	0.36	500	500	0.512	0.502	0.9214108910891089	0.6961633663366337	0.682549504950495	0.844059405940594	1.5676181699652474	1.6511170786842388	0.050571161668033326	0.5836655029502013	0.5847233189129228	0.6738146665319241	0.712	ok
cross_m10	LIHC	SRP174991	SRP062885	4	15625	15733	16024	2353	3338	0.5886102847428815	0.580110497237569	4027	5964	0.591010677924013	0.5823193444251303	2889	3900	0.6362062997577016	0.6036690896503981	100	100	0.16	0.16	500	500	0.312	0.312	100	100	0.42	0.42	500	500	0.554	0.548	0.9141521461963451	0.6493837654058648	0.6400339991500212	0.8238225862535256	1.4195355117796338	1.707936222652608	0.1688591804821945	0.5901223209951981	0.6141609450867954	0.6873783303108545	0.718848	ok
cross_m10	LIHC	SRP174991	SRP050551	0	15622	15733	15968	2578	2949	0.6272304111714507	0.626454615981381	4395	5632	0.6257110352673493	0.6243458475540387	3163	3340	0.6433765412582991	0.6300980082200442	100	100	0.27	0.27	500	500	0.384	0.384	100	100	0.43	0.43	500	500	0.536	0.536	0.9627618308766486	0.7156710628394104	0.7145073700543056	0.8891721157043112	1.3899720352638814	1.711134202949565	0.18768964300525404	0.689486520037416	0.6959480597229647	0.7654072668592806	0.7479836128536679	ok
cross_m10	LIHC	SRP174991	SRP050551	1	15622	15733	15968	1073	2642	0.700838769804287	0.6971109040074557	1772	5268	0.7494356659142212	0.7471783295711061	1981	3041	0.6951034830893488	0.6769308430085815	100	100	0.09	0.09	500	500	0.28	0.28	100	100	0.28	0.28	500	500	0.402	0.398	0.9571295433364398	0.7837837837837838	0.7800559179869525	0.9387564904806284	1.5901050210486936	1.5930816662547589	0.0018684824947255985	0.6731170508003547	0.6938408373166718	0.7156693258471223	0.7520803994366918	ok
cross_m10	LIHC	SRP099053	SRP062885	4	15819	16117	16024	2728	3402	0.6088709677419355	0.6026392961876833	5928	6028	0.5794534412955465	0.5747300944669366	3128	4001	0.6691176470588235	0.6429028132992327	100	100	0.28	0.28	500	500	0.38	0.38	100	100	0.38	0.38	500	500	0.538	0.538	0.9314516129032258	0.6653225806451613	0.6590909090909091	0.8350439882697948	1.418881672644098	1.6216658712499952	0.1250468436198816	0.6688543656352802	0.7021907588056092	0.7304977158178092	0.7572539351412858	ok
cross_m10	LIHC	SRP099053	SRP050551	0	15794	16117	15968	3508	2989	0.5419042189281642	0.5367730900798175	6594	5673	0.5476190476190477	0.5415529269032454	3952	3406	0.5857793522267206	0.569838056680162	100	100	0.41	0.41	500	500	0.432	0.432	100	100	0.39	0.39	500	500	0.526	0.526	0.9304446978335233	0.637115165336374	0.6314139110604333	0.8565184340554922	1.202636527905522	1.7113445687282738	0.2972563504267177	0.7017327335527409	0.7185049320770859	0.75425406059831	0.767000126630366	ok
cross_m10	LIHC	SRP099053	SRP050551	1	15794	16117	15968	3572	2686	0.5053191489361702	0.49944008958566627	6725	5312	0.524460966542751	0.5192565055762082	4045	3108	0.5508034610630408	0.5357231149567367	100	100	0.14	0.14	500	500	0.366	0.366	100	100	0.41	0.41	500	500	0.516	0.516	0.9364501679731243	0.6273796192609182	0.6206606942889138	0.8600223964165733	1.0952339096996786	1.705042811786473	0.35765019967320466	0.7114690804368685	0.7251776590278182	0.7639103148378925	0.7707357224262378	ok
cross_m10	LIHC	SRP099053	SRP050551	2	15794	16117	15968	2787	3067	0.648367420165052	0.6458557588805167	5529	5750	0.6274190631217218	0.6247060951347441	3332	3440	0.6620648259303722	0.6476590636254502	100	100	0.17	0.17	500	500	0.38	0.38	100	100	0.33	0.33	500	500	0.536	0.536	0.965913168281306	0.7416576964477933	0.7387872264083244	0.9220872417858423	1.4428724725714746	1.6859089697509577	0.14415754441082573	0.7354260670052826	0.7526553546844916	0.7888089453663982	0.7843484867671268	ok
cross_m10	LIHC	SRP068976	TCGA-LIHC	1	15872	16012	16307	3365	4179	0.5768202080237741	0.5687964338781575	5365	6657	0.5904939422180802	0.5821062441752097	4118	4716	0.6175327829043225	0.5864497328800389	100	100	0.27	0.27	500	500	0.376	0.376	100	100	0.36	0.36	500	500	0.534	0.534	0.9144130757800891	0.6725111441307579	0.6635958395245171	0.8436849925705795	1.34694616052671	1.6228050502746092	0.16998892732138016	0.6008897873878523	0.6305654238752635	0.6962424631630822	0.7179309475806451	ok
cross_m10	LIHC	SRP068976	TCGA-LIHC	2	15872	16012	16307	3637	2681	0.42012647786637336	0.41490239208138574	5515	4847	0.48957388939256574	0.485222121486854	4282	3385	0.49182624941616065	0.4722092480149463	100	100	0.22	0.22	500	500	0.326	0.326	100	100	0.39	0.39	500	500	0.454	0.452	0.9249381358262304	0.5633764091284025	0.5576024195765741	0.830904591696453	0.9931763405659596	1.6387238969871742	0.3939330826920059	0.6592024202302498	0.6876475837250468	0.6961575195499159	0.7643649193548387	ok
cross_m10	LIHC	SRP068976	TCGA-LIHC	3	15872	16012	16307	3860	4218	0.577461139896373	0.5712435233160622	5852	7134	0.6426862611073137	0.6324333561175667	4439	4823	0.6190583464744311	0.5990087857625591	100	100	0.22	0.22	500	500	0.32	0.32	100	100	0.38	0.38	500	500	0.532	0.53	0.9272020725388601	0.7012953367875647	0.6919689119170984	0.8694300518134714	1.273072641092965	1.5849073692808326	0.19675265206784032	0.6856255071051797	0.6937279450954952	0.7213077097528331	0.7614667338709677	ok
cross_m10	LIHC	SRP068976	TCGA-LIHC	4	15872	16012	16307	3630	3067	0.42727272727272725	0.4206611570247934	5448	4679	0.43080029368575623	0.4197870778267254	4455	3907	0.49876543209876545	0.47631874298540966	100	100	0.09	0.09	500	500	0.288	0.288	100	100	0.4	0.4	500	500	0.478	0.478	0.9019283746556473	0.5195592286501377	0.5107438016528926	0.7575757575757576	0.9837142774482666	1.596490567967845	0.3838270659497691	0.550814339351815	0.5495667874585805	0.6649290309900672	0.6927293346774194	ok
cross_m10	LIHC	SRP062885	SRP137150	3	15268	16024	15802	3393	3301	0.4447391688770999	0.4356027114647804	6198	5051	0.4422394320748629	0.425459825750242	3892	3947	0.5231243576567317	0.5	100	100	0.24	0.24	500	500	0.264	0.264	100	100	0.34	0.33	500	500	0.454	0.452	0.8865310934276451	0.5007368110816387	0.48983200707338637	0.7514490617938894	1.0611152265892927	1.6462102649331711	0.35541938402846174	0.5760307120618109	0.5763875073470128	0.6440117878090132	0.71286350537071	ok
cross_m10	LIHC	SRP062885	SRP137150	4	15268	16024	15802	3249	3301	0.44844567559249	0.4376731301939058	5868	5051	0.44103612815269255	0.42467620995228356	3777	3947	0.5305798252581414	0.5011914217633042	100	100	0.18	0.18	500	500	0.252	0.252	100	100	0.31	0.3	500	500	0.44	0.438	0.8818097876269622	0.5023084025854109	0.48907356109572175	0.7650559146404021	1.080398050315916	1.6370713005679216	0.34004215336185306	0.5531662665132705	0.5559334607852493	0.6257942896365242	0.7053969085669374	ok
cross_m10	LIHC	SRP062885	SRP161530	0	15459	16024	15823	3216	2813	0.5509950248756219	0.5475746268656716	5841	4769	0.5363807567197397	0.5332990926211265	3684	3371	0.5996199782844734	0.5868621064060804	100	100	0.28	0.28	500	500	0.448	0.448	100	100	0.47	0.47	500	500	0.592	0.592	0.9406094527363185	0.638681592039801	0.6349502487562189	0.8410724156992814	1.2693938067053496	1.6265731810474886	0.21959010421659653	0.7205843925786939	0.7429684449037545	0.7838436512637221	0.7800633934924639	ok
cross_m10	LIHC	SRP062885	SRP161530	1	15459	16024	15823	3357	2813	0.5177241584748287	0.5132558832290736	5860	4769	0.523037542662116	0.5196245733788396	3831	3371	0.5700861393891934	0.555729574523623	100	100	0.32	0.32	500	500	0.428	0.428	100	100	0.46	0.46	500	500	0.594	0.594	0.9299970211498362	0.6032171581769437	0.5987488829311886	0.8067057227021481	1.2035260619609813	1.657482576238911	0.2738831290208965	0.6949524969173299	0.718927680494364	0.7628693057193097	0.7661556374927226	ok
cross_m10	LIHC	SRP062885	SRP050551	4	15730	16024	15968	3392	3025	0.4946933962264151	0.4876179245283019	6018	5590	0.5235958790295779	0.5154536390827518	3978	3480	0.5467571644042232	0.5206133735545501	100	100	0.1	0.1	500	500	0.288	0.288	100	100	0.34	0.34	500	500	0.456	0.454	0.8938679245283019	0.6084905660377359	0.5984669811320755	0.793632075471698	1.1088435553580798	1.6559264565993645	0.33037874300576275	0.6334087292287841	0.6553667872946048	0.6829959478445535	0.7458995549904641	ok
cross_m10	LIHC	SRP062885	SRP137150	0	15268	16024	15802	3188	3301	0.43506900878293603	0.4247176913425345	5810	5051	0.42013769363166953	0.402065404475043	3627	3947	0.5180590019299697	0.49296939619520264	100	100	0.13	0.13	500	500	0.242	0.242	100	100	0.34	0.34	500	500	0.456	0.454	0.8745294855708908	0.48588456712672523	0.47396486825595985	0.7553324968632371	1.0483324773755296	1.6291767634425613	0.35652625246119285	0.5280935493753637	0.5269692021106802	0.614561306012044	0.6924286088551218	ok
cross_m10	LIHC	SRP062885	SRP137150	1	15268	16024	15802	3306	3301	0.4485783424077435	0.4361766485178463	5809	5051	0.4460320192804269	0.43036667240488896	3766	3947	0.5323951141795008	0.5029208709506108	100	100	0.18	0.18	500	500	0.268	0.268	100	100	0.31	0.31	500	500	0.446	0.444	0.8820326678765881	0.49909255898366606	0.48578342407743497	0.7557471264367815	1.090523674479039	1.6473624766244328	0.33801838396027906	0.5620335068477077	0.565838727533995	0.6269561023525269	0.7086717317264868	ok
cross_m10	LIHC	SRP062885	SRP137150	2	15268	16024	15802	3171	3301	0.45380006307158627	0.44433932513402713	5967	5051	0.45031003854533264	0.4343891402714932	3656	3947	0.5320021881838074	0.5068380743982495	100	100	0.21	0.21	500	500	0.26	0.26	100	100	0.32	0.32	500	500	0.466	0.464	0.8852097130242825	0.5089877010406811	0.49826553137811413	0.7842951750236518	1.0710738054637718	1.6460627522422413	0.34931168085495423	0.5813148787271407	0.5802229353312001	0.6424329803692672	0.7170552790149332	ok
cross_m10	LIHC	SRP174991	SRP161530	0	15386	15733	15823	2529	2779	0.6101225780941083	0.6081455120601028	4345	4733	0.5861910241657077	0.5836593785960874	3068	3332	0.6470013037809648	0.6339634941329857	100	100	0.36	0.36	500	500	0.45	0.45	100	100	0.43	0.43	500	500	0.572	0.572	0.9529458283906682	0.686437327006722	0.6836694345591142	0.8695136417556346	1.4170727855137581	1.6886963661891985	0.1608480873849456	0.6797624673519772	0.6889600918519401	0.7632744915567573	0.7499025087742103	ok
cross_m10	LIHC	SRP174991	SRP161530	1	15386	15733	15823	1059	2779	0.7280453257790368	0.7261567516525024	1758	4733	0.7189988623435722	0.717292377701934	1911	3332	0.7378335949764521	0.7226582940868655	100	100	0.1	0.1	500	500	0.284	0.284	100	100	0.3	0.3	500	500	0.41	0.408	0.9735599622285175	0.7837582625118036	0.7818696883852692	0.945703493862134	1.7241594419647295	1.5805297248643382	-0.09087441687483566	0.7069344496040685	0.7216702928519029	0.7470142785925036	0.7720005199532042	ok
cross_m10	LIHC	SRP174991	SRP161530	2	15386	15733	15823	883	2779	0.6342015855039638	0.6308040770101925	1399	4733	0.6426018584703359	0.63831308077198	1717	3332	0.6901572510192195	0.6587070471753058	100	100	0.1	0.1	500	500	0.2	0.2	100	100	0.22	0.22	500	500	0.344	0.344	0.9331823329558324	0.6647791619479049	0.6602491506228766	0.8414496036240091	1.6550233324971266	1.6574667015814817	0.001474158776175516	0.5972363861943345	0.6130693595793271	0.665344442491246	0.7237098661120499	ok
cross_m10	LIHC	SRP174991	SRP161530	3	15386	15733	15823	1594	2779	0.6819322459222082	0.6775407779171895	2849	4734	0.637065637065637	0.6346086346086346	2310	3332	0.7056277056277056	0.6904761904761905	100	100	0.17	0.17	500	500	0.344	0.344	100	100	0.43	0.43	500	500	0.53	0.53	0.9673776662484316	0.740276035131744	0.7358845671267252	0.9139630758200394	1.6364401107087239	1.6335953972174686	-0.0017413819211908876	0.665445905588831	0.6716205587317258	0.7432918782392205	0.7434680878720915	ok
cross_m10	LIHC	SRP068976	SRP062885	2	15850	16012	16024	3625	3337	0.5257931034482759	0.520551724137931	5503	6142	0.6009449391241142	0.5936761766309285	4244	3891	0.5678605089538171	0.5508953817153629	100	100	0.44	0.44	500	500	0.44	0.44	100	100	0.51	0.51	500	500	0.582	0.582	0.9415172413793104	0.654896551724138	0.648551724137931	0.8639080459770114	1.1677619236640313	1.6355186268355928	0.28599900697956515	0.677159877619007	0.6880639264748223	0.7540842882392631	0.7475709779179811	ok
cross_m10	LIHC	SRP068976	SRP062885	3	15850	16012	16024	3856	3565	0.5028526970954357	0.4974066390041494	5848	6377	0.5689124487004104	0.5583105335157319	4426	4124	0.5542250338906461	0.5363759602349751	100	100	0.33	0.33	500	500	0.394	0.394	100	100	0.4	0.4	500	500	0.562	0.56	0.9190871369294605	0.6343360995850622	0.6260373443983402	0.8325429756965026	1.1280334978754731	1.5840847997810656	0.28789576288379437	0.633773923267981	0.6383084448497168	0.718866966848797	0.7262460567823343	ok
cross_m10	LIHC	SRP068976	SRP062885	4	15850	16012	16024	3623	3404	0.45404361026773393	0.4487993375655534	5441	6030	0.5320713104208785	0.5197573975372174	4437	3999	0.5050709939148073	0.4818571106603561	100	100	0.29	0.29	500	500	0.39	0.39	100	100	0.3	0.3	500	500	0.538	0.536	0.9056030913607508	0.5956389732266077	0.5887386144079492	0.8136903118962185	0.9997319893160564	1.5942337916886686	0.3729075405827993	0.582947608519066	0.5960086845505259	0.6798223083554102	0.7087066246056782	ok
cross_m10	LIHC	SRP068976	SRP050551	0	15773	16012	15968	3692	3001	0.5847778981581798	0.5836944745395449	5876	5684	0.654356705241661	0.6536759700476514	4233	3414	0.6194188518781006	0.6106780061422159	100	100	0.42	0.42	500	500	0.482	0.482	100	100	0.44	0.44	500	500	0.592	0.592	0.96397616468039	0.7315817984832069	0.730498374864572	0.9052004333694474	1.23535241510826	1.6267249241596953	0.2405892374542694	0.7971835948756842	0.8198908184882159	0.8245255501132149	0.814366322196158	ok
cross_m10	LIHC	SRP050551	SRP068976	0	15773	15968	16012	3001	3692	0.7194268577140953	0.7180939686771076	5684	5876	0.676460239268121	0.6757565095003518	3414	4233	0.7680140597539543	0.7571763327475103	100	100	0.42	0.42	500	500	0.482	0.482	100	100	0.44	0.44	500	500	0.592	0.592	0.9730089970009996	0.7634121959346885	0.7620793068977008	0.9278018438298344	1.5739299415238377	1.6536740420375176	0.048222381489054444	0.7971835948756842	0.8198908184882159	0.824525550113215	0.814366322196158	ok
cross_m10	LIHC	SRP050551	SRP068976	1	15773	15968	16012	2690	3353	0.6401486988847583	0.6360594795539033	5315	5353	0.6265286923800565	0.6242709313264346	3118	4082	0.7126363053239256	0.6949967928159076	100	100	0.18	0.18	500	500	0.388	0.388	100	100	0.45	0.45	500	500	0.512	0.51	0.941635687732342	0.6776951672862453	0.6736059479553903	0.877854487519915	1.5013930312571189	1.6264276233135222	0.07687682517447059	0.7457319846775006	0.78198494464769	0.7684916802406471	0.7990870474862106	ok
cross_m10	LIHC	SRP050551	SRP068976	2	15773	15968	16012	3070	3620	0.6530944625407166	0.6504885993485342	5752	5498	0.6010083449235049	0.5996175243393602	3441	4237	0.7082243533856437	0.6960185992444057	100	100	0.3	0.3	500	500	0.444	0.444	100	100	0.47	0.47	500	500	0.548	0.548	0.9537459283387623	0.6882736156351792	0.6856677524429967	0.8979370249728555	1.531515791376851	1.6825854761392107	0.08978425578057281	0.7254997143315317	0.7495198131731573	0.7857397386183949	0.7732200595955113	ok
cross_m10	LIHC	SRP050551	SRP068976	3	15773	15968	16012	2900	3844	0.6348275862068965	0.633448275862069	5462	5836	0.606737458806298	0.6052727938484072	3316	4396	0.6939083232810616	0.6791314837153196	100	100	0.16	0.16	500	500	0.354	0.354	100	100	0.41	0.41	500	500	0.522	0.52	0.9544827586206897	0.6682758620689655	0.666896551724138	0.8735632183908045	1.5130015701372281	1.646114319088114	0.08086482658423466	0.7327850120415267	0.7493588803061605	0.768711434512494	0.7832371774551449	ok
cross_m10	LIHC	SRP050551	SRP068976	4	15773	15968	16012	3036	3625	0.5928853754940712	0.5912384716732543	5601	5443	0.5777539725049098	0.5759685770398143	3506	4413	0.6791215059897319	0.6648602395892755	100	100	0.15	0.15	500	500	0.326	0.326	100	100	0.37	0.37	500	500	0.458	0.458	0.9499341238471674	0.6189064558629777	0.6169301712779973	0.852249200075287	1.4785222598717032	1.6511496346870564	0.10454980650380086	0.7300936961175412	0.7497600224796557	0.77052511649909	0.7802574018893045	ok
cross_m10	LIHC	SRP050551	SRP174991	0	15622	15968	15733	2949	2578	0.5483214649033571	0.5476432689047135	5632	4395	0.48828125	0.4872159090909091	3340	3163	0.6092814371257484	0.5967065868263473	100	100	0.27	0.27	500	500	0.384	0.384	100	100	0.43	0.43	500	500	0.536	0.536	0.9487962021024076	0.6371651407256698	0.6364869447270262	0.8469214745918713	1.267967720996723	1.6381553836568907	0.2259783573361579	0.689486520037416	0.6959480597229647	0.7654072668592806	0.7479836128536679	ok
cross_m10	LIHC	SRP050551	SRP174991	1	15622	15968	15733	2642	1073	0.2846328538985617	0.2831188493565481	5268	1772	0.25208807896735	0.2513287775246773	3041	1981	0.4528115751397567	0.44097336402499177	100	100	0.09	0.09	500	500	0.28	0.28	100	100	0.28	0.28	500	500	0.402	0.398	0.9367903103709311	0.3414080242240727	0.33989401968205907	0.7889856169568508	0.9450814504458949	1.6177730049400627	0.415813314006368	0.6731170508003547	0.6938408373166718	0.7156693258471224	0.7520803994366918	ok
cross_m10	LIHC	SRP050551	SRP174991	2	15622	15968	15733	3015	906	0.21691542288557214	0.2165837479270315	5698	1422	0.18041418041418042	0.17953667953667954	3356	1806	0.38498212157330153	0.37514898688915377	100	100	0.14	0.14	500	500	0.192	0.192	100	100	0.3	0.3	500	500	0.346	0.346	0.9339966832504146	0.263681592039801	0.2626865671641791	0.753233830845771	0.8223807681905461	1.670143219115708	0.5075986545477383	0.6555757881626412	0.6622845987453839	0.7073595161182153	0.7490078094994239	ok
cross_m10	LIHC	SRP068976	SRP161530	3	15455	16012	15823	3735	2800	0.4682730923694779	0.46559571619812584	5720	4757	0.5104895104895105	0.5068181818181818	4248	3363	0.5280131826741996	0.5169491525423728	100	100	0.35	0.35	500	500	0.404	0.404	100	100	0.44	0.44	500	500	0.558	0.556	0.9451137884872824	0.6080321285140562	0.6045515394912985	0.8369775397887848	1.0516911211933473	1.5650733979029927	0.32802440920503473	0.7011115048802107	0.7136111024037675	0.7620642042611339	0.765189259139437	ok
cross_m10	LIHC	SRP068976	SRP161530	4	15455	16012	15823	3518	2800	0.49204093234792495	0.49061967026719727	5336	4758	0.5374812593703149	0.5350449775112444	4268	3363	0.5363167760074976	0.5274133083411434	100	100	0.3	0.3	500	500	0.428	0.428	100	100	0.45	0.45	500	500	0.568	0.568	0.9596361569073337	0.6395679363274588	0.63757816941444	0.8885730528709493	1.1016217808855018	1.571276982027439	0.2989003253493443	0.7070466920552767	0.7220818626659958	0.7741710257286264	0.7653833710773212	ok
cross_m10	LIHC	SRP174991	TCGA-LIHC	0	15669	15733	16307	2587	1991	0.4584460765365288	0.4541940471588713	4404	3521	0.4055404178019982	0.39872842870118075	3188	2774	0.5479924717691342	0.5297992471769134	100	100	0.26	0.26	500	500	0.37	0.37	100	100	0.37	0.37	500	500	0.56	0.558	0.9296482412060302	0.5187475840742173	0.5137224584460766	0.8402267749001416	1.155930535248437	1.713527506513242	0.3254088242793527	0.5920029334000916	0.5790116123822058	0.7184054838878292	0.7021507435062863	ok
cross_m10	LIHC	SRP174991	TCGA-LIHC	1	15669	15733	16307	1074	4080	0.7541899441340782	0.749534450651769	1773	6557	0.76029328821207	0.7557811618725324	1996	4573	0.7665330661322646	0.7404809619238477	100	100	0.09	0.09	500	500	0.248	0.248	100	100	0.33	0.33	500	500	0.432	0.432	0.9450651769087524	0.7998137802607076	0.7951582867783985	0.9441340782122905	2.04634435492933	1.5942430592238106	-0.28358366880746155	0.6233599472846117	0.629981420083949	0.6935861642620804	0.7317633543940264	ok
cross_m10	LIHC	SRP050551	SRP062885	1	15730	15968	16024	2679	3466	0.5714818962299365	0.5606569615528182	5304	5970	0.5599547511312217	0.5488310708898945	3091	3981	0.634098997088321	0.6036881268197994	100	100	0.11	0.11	500	500	0.318	0.318	100	100	0.37	0.37	500	500	0.46	0.458	0.9018290406868235	0.637551325121314	0.6256065696155282	0.8163493840985443	1.326033849339576	1.6256690510798326	0.18431500651453459	0.62698816885086	0.649541503260905	0.676826320647461	0.7372536554354736	ok
cross_m10	LIHC	SRP050551	SRP062885	2	15730	15968	16024	3057	3321	0.5511939810271508	0.5443245011449133	5739	6127	0.5741418365568914	0.5638612998780276	3417	3864	0.6104770266315481	0.5879426397424642	100	100	0.19	0.19	500	500	0.324	0.324	100	100	0.4	0.4	500	500	0.494	0.494	0.9195289499509323	0.6251226692836114	0.6169447170428525	0.831207065750736	1.28647806941154	1.681920085539742	0.2351134394124923	0.6472168625850347	0.6662861835387676	0.7104929908989528	0.7469802924348379	ok
cross_m10	LIHC	SRP050551	SRP062885	3	15730	15968	16024	2884	3558	0.5835644937586685	0.5745492371705964	5446	6369	0.5886889460154242	0.5762027175908924	3292	4097	0.637910085054678	0.6090522478736331	100	100	0.14	0.14	500	500	0.29	0.29	100	100	0.38	0.38	500	500	0.46	0.458	0.912621359223301	0.6449375866851595	0.6348821081830791	0.8266296809986129	1.358006304201389	1.6412761689328699	0.17259122510482694	0.632665843563774	0.6477989870833346	0.6920494951584122	0.7366179275270185	ok
cross_m10	LIHC	SRP050551	SRP062885	4	15730	15968	16024	3025	3392	0.5547107438016529	0.5467768595041322	5590	6018	0.5636851520572451	0.5549194991055456	3480	3978	0.625	0.5951149425287356	100	100	0.1	0.1	500	500	0.288	0.288	100	100	0.34	0.34	500	500	0.456	0.454	0.9097520661157025	0.617190082644628	0.6092561983471074	0.8185491276400367	1.2915751536468334	1.6496233299809304	0.2170484436215121	0.6334087292287841	0.6553667872946048	0.6829959478445535	0.7458995549904641	ok
cross_m10	LIHC	SRP099053	SRP062885	0	15819	16117	16024	3505	3330	0.6008559201141227	0.5982881597717546	6590	5957	0.5921092564491655	0.5896813353566009	3950	3845	0.6463291139240507	0.6362025316455696	100	100	0.38	0.38	500	500	0.47	0.47	100	100	0.47	0.47	500	500	0.612	0.612	0.959771754636234	0.6858773181169757	0.6821683309557774	0.9087018544935805	1.348294956090209	1.709014111313526	0.21106856452230982	0.7502553823683411	0.7680621598889991	0.807867018362919	0.7910108097857007	ok
cross_m10	LIHC	SRP099053	SRP062885	1	15819	16117	16024	3571	3470	0.6020722486698403	0.5987118454214506	6723	5974	0.5830730328722297	0.5799494273389856	4051	3999	0.6467538879289064	0.6304616144161935	100	100	0.36	0.36	500	500	0.412	0.412	100	100	0.45	0.45	500	500	0.58	0.58	0.9509941192943153	0.6872024642957155	0.6835620274432932	0.8592831139736767	1.3379654529120328	1.6973013094178384	0.21171011564767783	0.7368523751648209	0.751955694354087	0.79015499755708	0.7809596055376447	ok
cross_m10	LIHC	SRP099053	SRP062885	2	15819	16117	16024	2773	3333	0.5878110349801658	0.5831229715109989	5515	6138	0.5925657298277425	0.5880326382592929	3313	3890	0.6305463326290371	0.6097192876546936	100	100	0.42	0.42	500	500	0.382	0.382	100	100	0.32	0.32	500	500	0.512	0.512	0.9408582762351244	0.6599350883519653	0.6548864046159394	0.8341146772448611	1.372436281022433	1.6785885260041222	0.18238671374126703	0.6674510983387847	0.6921449906301921	0.731952578267579	0.7508059927934762	ok
cross_m10	LIHC	SRP099053	SRP062885	3	15819	16117	16024	3567	3568	0.5805999439304738	0.5749929913092234	6885	6380	0.5846042120551924	0.5785039941902687	4016	4121	0.6287350597609562	0.6063247011952191	100	100	0.37	0.37	500	500	0.418	0.418	100	100	0.45	0.45	500	500	0.594	0.594	0.9383235211662462	0.6644238856181666	0.6579758901037286	0.8500140173815531	1.3314748452967604	1.7054519991249417	0.21928330672459084	0.6935289620909917	0.724304782636486	0.7677885038576658	0.7592768190151085	ok
cross_m10	LIHC	SRP050551	SRP099053	2	15794	15968	16117	3067	2787	0.589175089664167	0.58689272905119	5750	5529	0.603304347826087	0.6006956521739131	3440	3332	0.6412790697674419	0.6273255813953489	100	100	0.17	0.17	500	500	0.38	0.38	100	100	0.33	0.33	500	500	0.536	0.536	0.9533746331920443	0.6882947505705902	0.6860123899576133	0.8787088359960873	1.3222028931313512	1.6830044503559753	0.21437944335103232	0.7354260670052826	0.7526553546844916	0.7888089453663982	0.7843484867671268	ok
cross_m10	LIHC	SRP050551	SRP099053	3	15794	15968	16117	2888	3570	0.6880193905817175	0.685595567867036	5450	6888	0.6988990825688074	0.6955963302752294	3307	4011	0.7175687934684004	0.7006350166313879	100	100	0.16	0.16	500	500	0.398	0.398	100	100	0.44	0.44	500	500	0.568	0.568	0.9587950138504155	0.7669667590027701	0.7645429362880887	0.8802928373565493	1.5742893357702816	1.6426573941843092	0.04162040036837811	0.7309345156129132	0.7565685573844194	0.7969126635670453	0.7839685956692415	ok
cross_m10	LIHC	SRP050551	SRP099053	4	15794	15968	16117	3040	2736	0.55625	0.5519736842105263	5605	5937	0.6096342551293488	0.6062444246208742	3508	3127	0.5940706955530216	0.5778221208665907	100	100	0.15	0.15	500	500	0.342	0.342	100	100	0.34	0.34	500	500	0.528	0.528	0.9381578947368421	0.6763157894736842	0.6717105263157894	0.8671052631578947	1.2241985168572023	1.6511496346870564	0.2585780893872617	0.6951951830377258	0.7234154991566195	0.7610770255213007	0.7632012156515132	ok
cross_m10	LIHC	SRP050551	SRP062885	0	15730	15968	16024	2986	3326	0.5639651707970529	0.5562625586068319	5669	5953	0.5586523196330923	0.546833656729582	3396	3829	0.6201413427561837	0.5948174322732627	100	100	0.35	0.35	500	500	0.388	0.388	100	100	0.4	0.4	500	500	0.524	0.522	0.9156061620897522	0.6450100468854655	0.6369725385130609	0.8571109622683634	1.3172844067882719	1.6512128523789198	0.20223222288365406	0.6438783328559861	0.6563242000294359	0.7105298246820624	0.7436745073108709	ok
cross_m10	LIHC	SRP062885	TCGA-LIHC	0	15860	16024	16307	3355	2035	0.380327868852459	0.3746646795827124	5982	3565	0.3687729856235373	0.36258776328986964	3878	2864	0.48272305312016506	0.4602888086642599	100	100	0.32	0.32	500	500	0.356	0.356	100	100	0.38	0.38	500	500	0.518	0.514	0.9087928464977645	0.4548435171385991	0.4482861400894188	0.787779433681073	0.9867980194314769	1.6554564682617376	0.4039118283384192	0.6391195819875831	0.6531155643615035	0.7020778086976444	0.7420554854981084	ok
cross_m10	LIHC	SRP062885	TCGA-LIHC	1	15860	16024	16307	3491	4162	0.5688914351188771	0.5554282440561443	5995	6640	0.5814845704753961	0.5678065054211843	4032	4698	0.6130952380952381	0.5798611111111112	100	100	0.26	0.26	500	500	0.376	0.376	100	100	0.42	0.42	500	500	0.53	0.528	0.8733887138355771	0.634775136064165	0.6207390432540819	0.788981189725962	1.3611403980561458	1.6807142347580994	0.1901416850604285	0.6092315821318909	0.639441367438765	0.6942723955923179	0.7311475409836066	ok
cross_m10	LIHC	SRP062885	TCGA-LIHC	2	15860	16024	16307	3359	2680	0.4292944328669247	0.4194700803810658	6165	4847	0.43503649635036495	0.4227088402270884	3920	3379	0.5099489795918367	0.4844387755102041	100	100	0.18	0.18	500	500	0.288	0.288	100	100	0.4	0.4	500	500	0.462	0.46	0.8901458767490324	0.5320035724918131	0.520690681750521	0.7871390294730574	1.0224421709505747	1.66126882527147	0.38454140871300824	0.5926997325276601	0.5995129402743834	0.6735859695785511	0.7238965952080706	ok
cross_m10	LIHC	SRP062885	TCGA-LIHC	3	15860	16024	16307	3592	4206	0.5025055679287305	0.4869153674832962	6403	7122	0.5256910823051695	0.4980477900983914	4161	4818	0.5592405671713531	0.5227108868060563	100	100	0.19	0.19	500	500	0.294	0.294	100	100	0.39	0.39	500	500	0.49	0.488	0.8543986636971047	0.5715478841870824	0.5506681514476615	0.7725103404390709	1.1803080019461325	1.6658283115142758	0.2914587933295445	0.5222106513708176	0.5260790799718619	0.6360849032932782	0.6815258511979824	ok
cross_m10	LIHC	SRP050551	SRP137150	0	15265	15968	15802	2853	3302	0.4658254468980021	0.45531019978969506	5529	5052	0.45559775727979746	0.4434798336046301	3212	3939	0.5504358655043586	0.5196139476961394	100	100	0.1	0.1	500	500	0.226	0.226	100	100	0.29	0.29	500	500	0.422	0.42	0.8885383806519453	0.5155976165439888	0.5043813529617946	0.7984577637574483	1.1318717616276552	1.635151933760449	0.30778801757912033	0.5608165543642457	0.5710727091862662	0.6108716319829979	0.704487389452997	ok
cross_m10	LIHC	SRP050551	SRP137150	1	15265	15968	15802	2563	3302	0.48497854077253216	0.4728833398361295	5182	5052	0.46410652257815516	0.4504052489386337	2931	3939	0.5707949505288298	0.5380416240191062	100	100	0.09	0.09	500	500	0.236	0.236	100	100	0.3	0.3	500	500	0.424	0.42	0.8829496683573936	0.5224346468981662	0.5099492781896215	0.7873585641825984	1.1762083474824534	1.6162312742338478	0.27225245159296974	0.5528723138153331	0.5618933241198313	0.6011539384041064	0.7033737307566328	ok
cross_m10	LIHC	SRP050551	SRP137150	2	15265	15968	15802	2935	3302	0.45587734241908007	0.44122657580919933	5612	5052	0.4476122594440485	0.4308624376336422	3244	3939	0.5403822441430333	0.5043156596794082	100	100	0.19	0.19	500	500	0.284	0.284	100	100	0.38	0.38	500	500	0.43	0.428	0.872572402044293	0.4988074957410562	0.4831345826235094	0.7734241908006814	1.117249832897318	1.6690691901808217	0.33061502814255495	0.5300626457323337	0.5492226611858712	0.5923357274738422	0.6985260399606944	ok
cross_m10	LIHC	SRP050551	SRP137150	3	15265	15968	15802	2768	3302	0.47109826589595377	0.45484104046242774	5325	5052	0.4514553990610329	0.4354929577464789	3116	3939	0.5548780487804879	0.5173299101412067	100	100	0.13	0.13	500	500	0.254	0.254	100	100	0.39	0.39	500	500	0.41	0.408	0.8692196531791907	0.5111994219653179	0.49421965317919075	0.7760115606936415	1.1482000820282057	1.6284268390120966	0.29490226117571605	0.5234329405761678	0.5358487828007679	0.5827570236301118	0.6915165411071078	ok
cross_m10	ESCA	ERP013206	TCGA-ESCA	0	15569	15593	17634	5748	2041	0.18580375782881003	0.05358385525400139	9644	3277	0.19151804230609706	0.06812525922853588	5821	3178	0.33688369695928533	0.11424153925442364	100	100	0.0	0.0	500	500	0.012	0.0	100	100	0.01	0.0	500	500	0.158	0.044	0.41945024356297844	0.20494084899095338	0.061064718162839246	0.5137439109255392	0.6368143839877343	2.173439221909825	0.7070015220263861	-0.14691693752912205	-0.13306538166845308	-0.19827767601751387	0.4603378508574732	ok
cross_m10	ESCA	ERP013206	TCGA-ESCA	1	15569	15593	17634	5362	2052	0.19787392763894068	0.0742260350615442	8945	3251	0.20793739519284515	0.1034097261039687	5480	3309	0.36715328467153285	0.14635036496350365	100	100	0.0	0.0	500	500	0.016	0.006	100	100	0.07	0.0	500	500	0.18	0.038	0.46866840731070497	0.2236105930622902	0.09231629988810146	0.4939699117244808	0.7006171099004658	2.0218066364880043	0.6534697743808584	-0.03172472106774378	0.0017551828454160136	-0.1292383555929697	0.5099877962618024	ok
cross_m10	ESCA	ERP013206	TCGA-ESCA	2	15569	15593	17634	5408	1985	0.1867603550295858	0.07988165680473373	9228	3348	0.19776766363242307	0.09395318595578674	5509	3137	0.3497912506807043	0.1617353421673625	100	100	0.0	0.0	500	500	0.014	0.008	100	100	0.08	0.05	500	500	0.22	0.1	0.5	0.2065458579881657	0.09430473372781065	0.44685122569737934	0.6619846785325698	2.1143174744343014	0.6869038417659166	-0.030683881962144565	-0.03149537716417327	-0.04418224682216992	0.48577301046952276	ok
cross_m10	ESCA	ERP013206	TCGA-ESCA	3	15569	15593	17634	5266	2253	0.22066084314470186	0.0765286745157615	8795	3486	0.22148948266060262	0.08493462194428653	5388	3352	0.3799183370452858	0.12880475129918337	100	100	0.0	0.0	500	500	0.026	0.006	100	100	0.12	0.0	500	500	0.216	0.048	0.38834029624003036	0.24477781997721232	0.0850740600075959	0.5243068742878845	0.7350241049451423	2.1420432351441567	0.6568584177547303	-0.1630870090375541	-0.148296255785301	-0.24096550098538672	0.45166677371700176	ok
cross_m10	LIHC	SRP174991	SRP099053	0	15682	15733	16117	2588	3454	0.6781298299845441	0.6761978361669243	4405	6540	0.7225879682179341	0.720771850170261	3190	3878	0.6949843260188088	0.6752351097178684	100	100	0.4	0.4	500	500	0.454	0.454	100	100	0.45	0.45	500	500	0.55	0.55	0.9486089644513137	0.7619783616692427	0.758887171561051	0.8896003532788694	1.5284448435904616	1.713615124814756	0.10805826731035151	0.7148915535781875	0.748668340676174	0.7696452704765309	0.7804489223313353	ok
cross_m10	LIHC	SRP174991	SRP099053	1	15682	15733	16117	1070	3519	0.7588785046728972	0.7532710280373832	1769	6673	0.7767100056529113	0.7727529677784059	1996	3977	0.7660320641282565	0.7364729458917836	100	100	0.11	0.11	500	500	0.288	0.288	100	100	0.33	0.33	500	500	0.422	0.42	0.9635514018691589	0.8121495327102803	0.805607476635514	0.9626168224299065	1.8945699392967417	1.5897649913624008	-0.19172956354582227	0.6697966017789267	0.6870207921053517	0.714777165142289	0.754049228414743	ok
cross_m10	LIHC	SRP174991	SRP099053	2	15682	15733	16117	909	2738	0.6765676567656765	0.6765676567656765	1425	5480	0.712280701754386	0.7115789473684211	1820	3251	0.7142857142857143	0.6928571428571428	100	100	0.03	0.03	500	500	0.158	0.158	100	100	0.23	0.23	500	500	0.356	0.356	0.9592959295929593	0.7117711771177118	0.7117711771177118	0.9413274660799413	1.6569857583060021	1.681852925347611	0.014785577660703764	0.6891868513396681	0.706185963346349	0.7065441040170051	0.7757939038387961	ok
cross_m10	LIHC	SRP174991	SRP099053	3	15682	15733	16117	1628	3513	0.7156019656019657	0.711916461916462	2883	6831	0.736732570239334	0.7332639611515782	2409	3935	0.7318389373183893	0.7077625570776256	100	100	0.17	0.17	500	500	0.334	0.334	100	100	0.35	0.35	500	500	0.522	0.514	0.9594594594594594	0.8003685503685504	0.7960687960687961	0.9201474201474201	1.7851709243210392	1.662162453771789	-0.07400508311935372	0.6377267286028535	0.6600304729660643	0.7182866571777611	0.7365769672235685	ok
cross_m10	ESCA	SRP064894	TCGA-ESCA	1	16390	16426	17634	3361	2306	0.2969354358821779	0.28324903302588517	5384	3506	0.30070579494799404	0.287704309063893	3918	3739	0.46426748340990304	0.40913731495661054	100	100	0.08	0.08	500	500	0.126	0.126	100	100	0.27	0.27	500	500	0.248	0.232	0.8199940493900625	0.3445403153823267	0.32936626004165426	0.6176733115144302	0.8849448073831461	1.6532921234638605	0.4647377829823126	0.49526493997902843	0.5112764183570587	0.49051956356755905	0.673947528981086	ok
cross_m10	ESCA	SRP064894	TCGA-ESCA	2	16390	16426	17634	3955	2178	0.2657395701643489	0.2493046776232617	5901	3541	0.3062192848669717	0.29266226063379086	4621	3515	0.4120320276996321	0.3555507465916468	100	100	0.03	0.03	500	500	0.076	0.076	100	100	0.14	0.14	500	500	0.194	0.182	0.7992414664981037	0.3324905183312263	0.31554993678887483	0.6061244556819778	0.7818556449112649	1.6702188128790845	0.5318843022947872	0.481814495682602	0.5161635168022889	0.44567864250956085	0.6802318486882245	ok
cross_m10	ESCA	SRP064894	TCGA-ESCA	3	16390	16426	17634	3600	2464	0.30833333333333335	0.28305555555555556	5358	3698	0.3113101903695409	0.28686076894363566	4080	3725	0.4661764705882353	0.382843137254902	100	100	0.06	0.06	500	500	0.116	0.114	100	100	0.24	0.24	500	500	0.24	0.222	0.7255555555555555	0.345	0.31805555555555554	0.5895833333333333	0.9052337761132683	1.715379965864546	0.47228381225903304	0.39744190763511295	0.41783423933516906	0.39595097557461334	0.6428309945088468	ok
cross_m10	ESCA	SRP064894	TCGA-ESCA	4	16390	16426	17634	3623	3101	0.3422577974054651	0.2928512282638697	5286	4688	0.3668180098373061	0.3246311010215664	4301	4230	0.4733782841199721	0.37572657521506625	100	100	0.07	0.07	500	500	0.078	0.076	100	100	0.17	0.17	500	500	0.214	0.152	0.7504830251173061	0.3894562517250897	0.33756555340877725	0.5976324102186648	0.8996395872644762	1.6781017288829123	0.46389448757474727	0.3868772793990575	0.42321915607953947	0.3406597728394401	0.6453935326418548	ok
cross_m10	LIHC	SRP137150	SRP068976	1	15284	15802	16012	3298	3238	0.4005457853244391	0.39296543359611885	5048	5236	0.4429477020602219	0.42650554675118857	3943	3870	0.4747654070504692	0.45067207709865587	100	100	0.14	0.14	500	500	0.24	0.24	100	100	0.35	0.35	500	500	0.438	0.438	0.8641600970285022	0.4893875075803517	0.47725894481503944	0.7440873256519102	0.9030571752136252	1.5197119037048439	0.40577080891970463	0.5091608696937162	0.5064273579849345	0.594480863450565	0.6731222193143156	ok
cross_m10	LIHC	SRP137150	SRP068976	2	15284	15802	16012	3298	3480	0.4411764705882353	0.42783505154639173	5048	5356	0.46533280507131536	0.44572107765451663	3943	4005	0.49327922901344157	0.4620847070758306	100	100	0.24	0.24	500	500	0.286	0.286	100	100	0.36	0.36	500	500	0.468	0.466	0.8693147362037599	0.522134627046695	0.5054578532443905	0.7574287446937538	0.9684755275058177	1.5197119037030669	0.3627242603378028	0.51233626956321	0.5137636791982562	0.5988745533086517	0.6760010468463753	ok
cross_m10	LIHC	SRP137150	SRP068976	3	15284	15802	16012	3298	3686	0.42874469375379015	0.41570648878107946	5048	5671	0.473256735340729	0.4498811410459588	3943	4183	0.48592442302815114	0.4554907430890185	100	100	0.16	0.16	500	500	0.244	0.244	100	100	0.33	0.32	500	500	0.422	0.42	0.8477865372953305	0.5200121285627654	0.5036385688295937	0.7437841115827775	0.9469730870997392	1.5197119034467654	0.3768732843692495	0.4829287944658136	0.4835557482065959	0.5607802426972728	0.6632426066474745	ok
cross_m10	LIHC	SRP137150	SRP068976	4	15284	15802	16012	3298	3505	0.39721043056397815	0.3856882959369315	5048	5320	0.4344294770206022	0.4074881141045959	3943	4211	0.4689322850621354	0.44281004311437994	100	100	0.09	0.09	500	500	0.222	0.222	100	100	0.28	0.28	500	500	0.418	0.414	0.8311097634930261	0.4693753790175864	0.4520921770770164	0.6664645239539115	0.9046204622724127	1.5197119036229672	0.4047421355877959	0.46404970446003374	0.4525921561962438	0.5555899669144144	0.6556529704265899	ok
cross_m10	LIHC	SRP137150	SRP174991	0	15169	15802	15733	3274	2469	0.3674404398289554	0.35888821014050093	5024	4285	0.41918789808917195	0.40923566878980894	3895	2974	0.42105263157894735	0.39666238767650835	100	100	0.29	0.29	500	500	0.28	0.28	100	100	0.31	0.31	500	500	0.406	0.406	0.8732437385461209	0.4798411728772144	0.468540012217471	0.747098350641417	0.8248022157534912	1.5149119246700287	0.4555444429991229	0.5525130764357479	0.5775399949839443	0.597610478242745	0.7140879425143385	ok
cross_m10	LIHC	SRP137150	SRP174991	1	15169	15802	15733	3274	1037	0.18448381185094687	0.18234575442883322	5024	1736	0.1992436305732484	0.19665605095541402	3895	1844	0.3024390243902439	0.2862644415917843	100	100	0.11	0.11	500	500	0.18	0.18	100	100	0.17	0.17	500	500	0.304	0.302	0.8842394624312767	0.24740378741600488	0.2449602932193036	0.6884544899205864	0.6400133947155402	1.514911924660063	0.577524353530219	0.5874156669141413	0.6082095509229009	0.5939267271643642	0.7224602808359154	ok
cross_m10	LIHC	SRP137150	SRP174991	2	15169	15802	15733	3274	865	0.1310323762981063	0.12522907758094073	5024	1381	0.13753980891719744	0.1311703821656051	3895	1674	0.24955070603337612	0.21797175866495508	100	100	0.14	0.14	500	500	0.128	0.128	100	100	0.25	0.25	500	500	0.272	0.268	0.7935247403787417	0.17623701893708002	0.1695174098961515	0.6322541233964567	0.5319759792379136	1.5149119246601979	0.6488403249203821	0.39037102595097795	0.41276375990048625	0.45743675252243254	0.6476366273320588	ok
cross_m10	LIHC	SRP137150	SRP174991	3	15169	15802	15733	3274	1568	0.2797800855222969	0.27550397067806964	5024	2823	0.3326035031847134	0.3288216560509554	3895	2226	0.3627727856225931	0.3468549422336329	100	100	0.22	0.22	500	500	0.248	0.248	100	100	0.3	0.29	500	500	0.408	0.4	0.9034819792302994	0.401954795357361	0.3967623701893708	0.7800855222968844	0.7558997019723568	1.5149119246785072	0.5010272942879019	0.6185157518515307	0.6485339197611248	0.6277112204217676	0.7388094139363175	ok
cross_m10	LIHC	SRP062885	SRP050551	0	15730	16024	15968	3326	2986	0.5063138905592303	0.4993986770895971	5953	5669	0.5320006719301192	0.5207458424323871	3829	3396	0.5500130582397493	0.5275528858709846	100	100	0.35	0.35	500	500	0.388	0.388	100	100	0.4	0.4	500	500	0.524	0.522	0.9010823812387252	0.611244738424534	0.6013229104028863	0.7730006013229104	1.1089185130037402	1.6485565745081032	0.3273397284927151	0.6438783328559861	0.6563242000294359	0.7105298246820623	0.7436745073108709	ok
cross_m10	LIHC	SRP062885	SRP050551	1	15730	16024	15968	3466	2679	0.4417195614541258	0.4333525678015003	5970	5304	0.49748743718592964	0.48760469011725294	3981	3091	0.4923386083898518	0.4687264506405426	100	100	0.11	0.11	500	500	0.318	0.318	100	100	0.37	0.37	500	500	0.46	0.458	0.8889209463358339	0.5551067512983267	0.5438545874206578	0.7922677437968839	0.9924177112322601	1.676597195344377	0.40807624276836807	0.62698816885086	0.649541503260905	0.6768263206474611	0.7372536554354736	ok
cross_m10	LIHC	SRP062885	SRP050551	2	15730	16024	15968	3321	3057	0.5073772959951822	0.5010538994278831	6127	5739	0.5377835808715521	0.5281540721397094	3864	3417	0.5398550724637681	0.519927536231884	100	100	0.19	0.19	500	500	0.324	0.324	100	100	0.4	0.4	500	500	0.494	0.494	0.9027401385124962	0.6350496838301717	0.6260162601626016	0.8102981029810298	1.0922218391311314	1.6515155186345025	0.33865481322621993	0.6472168625850347	0.6662861835387676	0.7104929908989528	0.7469802924348379	ok
cross_m10	LIHC	SRP062885	SRP050551	3	15730	16024	15968	3558	2884	0.4730185497470489	0.46571107363687464	6369	5446	0.5033757261736537	0.49269901083372586	4097	3292	0.5125701732975347	0.4893824749816939	100	100	0.14	0.14	500	500	0.29	0.29	100	100	0.38	0.38	500	500	0.46	0.458	0.8884204609331084	0.5978077571669477	0.5871275997751546	0.8133783024170882	1.0378743131980506	1.6614296991053479	0.3753125312753657	0.632665843563774	0.6477989870833346	0.6920494951584122	0.7366179275270185	ok
cross_m10	LIHC	SRP174991	SRP137150	1	15169	15733	15802	1037	3274	0.5824493731918997	0.5756991321118612	1736	5024	0.5766129032258065	0.5691244239631337	1844	3895	0.6388286334056399	0.6046637744034707	100	100	0.11	0.11	500	500	0.18	0.18	100	100	0.17	0.17	500	500	0.304	0.302	0.9247830279652844	0.609450337512054	0.600771456123433	0.8216007714561234	1.3859183582241668	1.5746193037034955	0.11983909065226439	0.5874156669141413	0.6082095509229009	0.5939267271643642	0.7224602808359154	ok
cross_m10	LIHC	SRP174991	SRP137150	2	15169	15733	15802	865	3274	0.4959537572254335	0.47398843930635837	1381	5024	0.500362056480811	0.47719044170890657	1674	3895	0.5806451612903226	0.507168458781362	100	100	0.14	0.14	500	500	0.128	0.128	100	100	0.25	0.25	500	500	0.272	0.268	0.8450867052023121	0.5144508670520231	0.4913294797687861	0.8208092485549132	1.2465216915604012	1.638076180365398	0.23903313746840193	0.39037102595097795	0.41276375990048625	0.45743675252243254	0.6476366273320588	ok
cross_m10	LIHC	SRP174991	SRP137150	3	15169	15733	15802	1568	3274	0.5841836734693877	0.5752551020408163	2823	5024	0.59192348565356	0.5851930570315268	2226	3895	0.6347708894878706	0.6069182389937107	100	100	0.22	0.22	500	500	0.248	0.248	100	100	0.3	0.29	500	500	0.408	0.4	0.9292091836734694	0.6147959183673469	0.6045918367346939	0.8660714285714285	1.3640464191648964	1.6223414381237262	0.15921125657589918	0.6185157518515307	0.6485339197611248	0.6277112204217675	0.7388094139363175	ok
cross_m10	LIHC	SRP174991	SRP137150	4	15169	15733	15802	2256	3274	0.49822695035460995	0.4849290780141844	3928	5024	0.47505091649694503	0.460030549898167	2705	3895	0.5707948243992607	0.533456561922366	100	100	0.24	0.24	500	500	0.278	0.278	100	100	0.34	0.34	500	500	0.43	0.428	0.8896276595744681	0.5305851063829787	0.5168439716312057	0.8160460992907801	1.2273794798033841	1.6797600085280018	0.26931259610177605	0.4934107333591805	0.5107353653775318	0.5767050111999411	0.6779616322763531	ok
cross_m10	LIHC	SRP050551	TCGA-LIHC	1	15843	15968	16307	2724	4186	0.7011747430249633	0.6978707782672541	5350	6664	0.648785046728972	0.6433644859813085	3165	4718	0.7545023696682465	0.7424960505529226	100	100	0.15	0.15	500	500	0.33	0.33	100	100	0.37	0.37	500	500	0.522	0.522	0.9511747430249633	0.7444933920704846	0.7408223201174743	0.8953744493392071	1.7689500330885926	1.6414955197479157	-0.07764536168837677	0.6954588948568244	0.7118886838725594	0.7687482968829876	0.7609038692166887	ok
cross_m10	LIHC	SRP050551	TCGA-LIHC	2	15843	15968	16307	3111	2686	0.49083895853423337	0.4869816779170685	5794	4853	0.48532965136347944	0.48032447359337244	3493	3390	0.583738906384197	0.5634125393644431	100	100	0.13	0.13	500	500	0.282	0.282	100	100	0.35	0.35	500	500	0.43	0.43	0.9321761491481839	0.5673416907746706	0.5634844101575056	0.8596378442087217	1.1723768250603444	1.6986755375094653	0.3098288642107371	0.6617009131715859	0.6750189252894394	0.7047788294963158	0.7566748721832987	ok
cross_m10	LIHC	SRP050551	TCGA-LIHC	3	15843	15968	16307	2934	4213	0.6247443762781186	0.621676891615542	5496	7129	0.6242721979621543	0.6162663755458515	3366	4818	0.6898395721925134	0.6720142602495544	100	100	0.14	0.14	500	500	0.312	0.312	100	100	0.38	0.38	500	500	0.462	0.462	0.940013633265167	0.6683708248125426	0.6649625085207908	0.87535300418736	1.5072876775615616	1.655647902826578	0.08960856049872135	0.6618159214983858	0.6674341019936679	0.7254905544898338	0.7460077005617622	ok
cross_m10	LIHC	SRP050551	TCGA-LIHC	4	15843	15968	16307	3069	3067	0.5434995112414467	0.5389377647442164	5634	4679	0.4909478168264111	0.483493077742279	3547	3893	0.6323653791936849	0.6129123202706512	100	100	0.1	0.1	500	500	0.322	0.322	100	100	0.38	0.38	500	500	0.464	0.464	0.9332029977191267	0.6008471814923427	0.5959595959595959	0.8484848484848484	1.3176202788594689	1.6667585498193709	0.20947141443956518	0.6534832065541739	0.6637769297051024	0.7188202787999126	0.7499842201603232	ok
cross_m10	KIRC	TCGA-KIRC	SRP114482	2	16907	16967	17314	4491	4450	0.7296815853930082	0.7274549098196392	7917	8785	0.7742831880762915	0.7720095995958065	4903	4665	0.7313889455435447	0.7232306750968794	100	100	0.23	0.23	500	500	0.416	0.416	100	100	0.58	0.58	500	500	0.662	0.662	0.9735025606769093	0.8468047205522156	0.8434647071921622	0.9394344244043643	1.5770220279867266	1.752132219947809	0.0999411973408596	0.8283951752351144	0.8483472583831527	0.8703802835787213	0.8258117939315076	ok
cross_m10	KIRC	TCGA-KIRC	SRP114482	3	16907	16967	17314	4077	4450	0.6816286485160657	0.6769683590875644	6948	8786	0.7324409902130109	0.7249568221070811	4651	4665	0.6921092238228338	0.6804988174586111	100	100	0.15	0.15	500	500	0.356	0.356	100	100	0.46	0.46	500	500	0.586	0.586	0.9426048565121413	0.8047584007848908	0.7956831003188619	0.8975962717684571	1.5429086290974863	1.8084494441251902	0.1468334190321562	0.7545718679915197	0.7636643639363596	0.8133399543641299	0.7828710001774413	ok
cross_m10	KIRC	TCGA-KIRC	SRP114482	4	16907	16967	17314	4467	4451	0.5773449742556526	0.5652563241549138	8088	8789	0.6205489614243324	0.5968100890207715	4939	4665	0.6017412431666329	0.5812917594654788	100	100	0.36	0.36	500	500	0.35	0.35	100	100	0.59	0.59	500	500	0.53	0.53	0.8941123796731587	0.7156928587418849	0.6937541974479516	0.840097220889699	1.2801850947289461	1.742120222692098	0.2651568599837063	0.6517437191362841	0.6397953686698137	0.7505481003213892	0.724374519429822	ok
cross_m10	KIRC	SRP114482	TCGA-KIRC	0	16907	17314	16967	4451	4898	0.7128735115704337	0.7095034823635138	8785	8891	0.6873079112122937	0.680819578827547	4665	5266	0.7491961414790996	0.7354769560557342	100	100	0.41	0.41	500	500	0.368	0.368	100	100	0.56	0.56	500	500	0.588	0.588	0.9516962480341496	0.7852168052123119	0.7818467760053921	0.8781796849646771	1.7187030564165091	1.7994373996535924	0.044866436172008695	0.7658719805168753	0.7764911732328854	0.830065782693589	0.7831075885727805	ok
cross_m10	ESCA	ERP013206	SRP064894	2	15264	15593	16426	5164	3548	0.3640588690937258	0.2864058869093726	8983	5491	0.3817210286095959	0.2974507402872092	5259	4012	0.42878874310705456	0.31679026430880397	100	100	0.01	0.01	500	500	0.038	0.032	100	100	0.12	0.02	500	500	0.198	0.126	0.6704105344694036	0.43319132455460885	0.34430673896204494	0.6559514588174541	0.8431499277207641	2.0532453025757036	0.5893574300824793	0.2788771574237604	0.286393776770623	0.24381081502906576	0.5984669811320755	ok
cross_m10	ESCA	ERP013206	SRP064894	3	15264	15593	16426	5029	3183	0.37840524955259497	0.3119904553589183	8557	4935	0.3800397335514783	0.31892018230688324	5140	3503	0.422568093385214	0.33404669260700387	100	100	0.0	0.0	500	500	0.082	0.074	100	100	0.16	0.04	500	500	0.268	0.194	0.7200238616027043	0.44999005766553984	0.3764167826605687	0.6699144959236427	0.8273043657866641	2.065510802311646	0.5994674223631391	0.3832934934737654	0.3970170630745475	0.32898705218142016	0.6521881551362684	ok
cross_m10	ESCA	ERP013206	SRP064894	4	15264	15593	16426	5207	3212	0.37564816593047823	0.3260994814672556	8695	4874	0.3851638872915469	0.3378953421506613	5374	3701	0.43710457759583177	0.3600669892072944	100	100	0.0	0.0	500	500	0.128	0.126	100	100	0.21	0.12	500	500	0.322	0.274	0.7430382177837527	0.4490109468023814	0.39274054157864413	0.6709557646757569	0.8709658214316205	1.9672115716500014	0.5572586934809982	0.4211048088610088	0.44694355811969283	0.413167470478789	0.6610324947589099	ok
cross_m10	ESCA	SRP064894	TCGA-ESCA	0	16390	16426	17634	3229	2251	0.2458965624032208	0.20687519355837722	5137	3488	0.24527934592174422	0.21354876386996302	3775	3594	0.4394701986754967	0.3242384105960265	100	100	0.02	0.02	500	500	0.052	0.048	100	100	0.1	0.1	500	500	0.164	0.13	0.6841127283988852	0.26819448745741714	0.22762465159492104	0.5323629606689377	0.7984672738445612	1.7082757851479295	0.5325887770659834	0.31026048427714853	0.33985364863308043	0.23709313677397428	0.6178767541183648	ok
cross_m10	LIHC	SRP137150	SRP161530	4	15176	15802	15823	3300	2773	0.43666666666666665	0.43212121212121213	5050	4733	0.4863366336633663	0.4784158415841584	3914	3282	0.4874808380173735	0.47112927950945327	100	100	0.22	0.22	500	500	0.354	0.354	100	100	0.36	0.36	500	500	0.498	0.494	0.9166666666666666	0.5745454545454546	0.5666666666666667	0.8227272727272728	0.960284657333033	1.519374767250755	0.3679738020984593	0.6072294863216559	0.6188505720154663	0.671972969161781	0.7233790195044808	ok
cross_m10	LIHC	SRP161530	TCGA-LIHC	0	15540	15823	16307	2843	1953	0.42384804783679214	0.4192754132958143	4799	3483	0.41675349031048137	0.4119608251719108	3425	2734	0.5232116788321168	0.5001459854014598	100	100	0.28	0.28	500	500	0.342	0.342	100	100	0.33	0.33	500	500	0.498	0.498	0.923320436158987	0.5145972564192755	0.509321139641224	0.8827529604877477	1.0740880674961348	1.7157113141960376	0.37396923444580765	0.6440105017809602	0.6623117165513043	0.7021204116362286	0.7440154440154441	ok
cross_m10	LIHC	SRP161530	TCGA-LIHC	1	15540	15823	16307	2842	4028	0.6900070372976777	0.6822660098522167	4798	6502	0.677365568987078	0.6715298040850355	3425	4520	0.7255474452554744	0.7056934306569344	100	100	0.34	0.34	500	500	0.412	0.412	100	100	0.44	0.44	500	500	0.572	0.568	0.941942294159043	0.7603800140745953	0.7522871217452498	0.8916256157635468	1.6588301644874277	1.7156426151684931	0.03311438534970523	0.7007042057691625	0.7205567815848217	0.7706322652318881	0.766023166023166	ok
cross_m10	LIHC	SRP161530	TCGA-LIHC	2	15540	15823	16307	2842	2573	0.5010555946516537	0.4968332160450387	4798	4736	0.5223009587328054	0.5177157148812005	3425	3224	0.5705109489051094	0.5521167883211678	100	100	0.19	0.19	500	500	0.326	0.326	100	100	0.37	0.37	500	500	0.5	0.494	0.9398311048557354	0.6125967628430683	0.6080225193525686	0.8662913441238564	1.157198847882551	1.7156426151515833	0.32550122172133833	0.6608987408214952	0.6825641607292292	0.7094001781984852	0.7555984555984556	ok
cross_m10	LIHC	SRP050551	SRP137150	4	15265	15968	15802	2897	3302	0.4722126337590611	0.4615119088712461	5459	5052	0.4592416193442022	0.4471514929474263	3315	3939	0.5532428355957768	0.5221719457013575	100	100	0.16	0.16	500	500	0.256	0.256	100	100	0.38	0.38	500	500	0.416	0.412	0.8881601656886434	0.5181221953745254	0.5070762858129099	0.7963410424577149	1.1417637192546553	1.634124389969814	0.30129938316645144	0.5544496245220742	0.5699581419717139	0.6111118088888579	0.7058630854896822	ok
cross_m10	LIHC	SRP050551	SRP161530	0	15488	15968	15823	2944	2835	0.6243206521739131	0.6226222826086957	5624	4789	0.5830369843527738	0.5814366998577525	3317	3408	0.686765149231233	0.6771178776002412	100	100	0.35	0.35	500	500	0.434	0.434	100	100	0.42	0.42	500	500	0.576	0.576	0.9653532608695652	0.6973505434782609	0.6956521739130435	0.9086654589371981	1.4246419225332243	1.6412444032353546	0.13197454338619274	0.7752394837048782	0.7958838448115165	0.8132421487216377	0.8048811983471075	ok
cross_m10	LIHC	SRP050551	SRP161530	1	15488	15968	15823	2630	2835	0.635361216730038	0.6334600760456274	5253	4789	0.5853797829811537	0.5842375785265562	3020	3408	0.6980132450331126	0.6857615894039735	100	100	0.14	0.14	500	500	0.392	0.392	100	100	0.41	0.41	500	500	0.554	0.552	0.9650190114068441	0.691254752851711	0.6893536121673004	0.8950570342205323	1.48241899031428	1.6183101723068314	0.0839710361573297	0.7553721227275951	0.7795541693932175	0.7926005815752579	0.7996513429752066	ok
cross_m10	LIHC	SRP050551	SRP161530	2	15488	15968	15823	3005	2835	0.6252911813643927	0.6229617304492513	5687	4789	0.5783365570599613	0.5767540003516792	3345	3408	0.6860986547085202	0.6747384155455904	100	100	0.23	0.23	500	500	0.418	0.418	100	100	0.47	0.47	500	500	0.566	0.566	0.9633943427620633	0.6848585690515807	0.6825291181364392	0.8975041597337771	1.4316320570313337	1.6748055912299593	0.14519508143034177	0.7598560748178993	0.7836019786854533	0.8077953990358192	0.7948088842975206	ok
cross_m10	LIHC	SRP068976	SRP099053	3	15853	16012	16117	3862	3564	0.4953392024857587	0.49326773692387366	5854	6882	0.5884865049538777	0.5778954560983942	4434	4021	0.5430762291384754	0.5266125394677492	100	100	0.37	0.37	500	500	0.394	0.394	100	100	0.49	0.49	500	500	0.558	0.558	0.9194717762817193	0.6641636457793889	0.6589849818746764	0.840756084930088	1.095917980857196	1.5873258652085445	0.3095822320559155	0.6254846673372748	0.638071284624444	0.7361663843255674	0.724531634390967	ok
cross_m10	LIHC	SRP068976	SRP099053	4	15853	16012	16117	3628	2737	0.4181367144432194	0.41427783902976845	5446	5937	0.520932794711715	0.5100991553433712	4448	3127	0.45256294964028776	0.4381744604316547	100	100	0.33	0.33	500	500	0.372	0.372	100	100	0.47	0.47	500	500	0.532	0.532	0.9095920617420066	0.593715545755237	0.587651598676957	0.8098125689084894	0.8729460408800218	1.595942565858909	0.45302164404004275	0.5683830708671208	0.5694565262186838	0.6985746343012065	0.6898378855737084	ok
cross_m10	LIHC	SRP068976	SRP062885	0	15850	16012	16024	3697	3335	0.5150121720313768	0.51014335948066	5881	5962	0.5638496854276484	0.5553477299778949	4248	3851	0.5602636534839924	0.5414312617702448	100	100	0.39	0.39	500	500	0.434	0.434	100	100	0.45	0.45	500	500	0.6	0.598	0.9250743846361915	0.6321341628347309	0.6253719231809576	0.8322964565864214	1.1511169911174597	1.6190047891427515	0.2889971673728242	0.6523584598178961	0.670344450023476	0.7390318626708388	0.7473186119873817	ok
cross_m10	LIHC	SRP068976	SRP062885	1	15850	16012	16024	3356	3473	0.5348629320619785	0.5292014302741359	5356	5977	0.578603435399552	0.5716952949962659	4086	4006	0.57856093979442	0.5548213411649535	100	100	0.28	0.28	500	500	0.364	0.364	100	100	0.34	0.34	500	500	0.554	0.554	0.9261025029797377	0.6534564958283671	0.6466030989272944	0.8301549463647199	1.1816534775190766	1.6195317745415272	0.270373390572352	0.6397743956264401	0.6559863076429153	0.7203773193778397	0.7326182965299685	ok
cross_m10	LIHC	SRP062885	SRP161530	2	15459	16024	15823	3216	2813	0.5506840796019901	0.5469527363184079	6014	4769	0.5309278350515464	0.5277685400731627	3729	3371	0.5998927326360954	0.5883614910163583	100	100	0.39	0.39	500	500	0.438	0.438	100	100	0.47	0.47	500	500	0.6	0.6	0.9474502487562189	0.6526741293532339	0.648320895522388	0.8486733001658374	1.2651256036411005	1.6393753899406842	0.22828803494062744	0.7218337143593434	0.7390192053623136	0.7853386447763854	0.7763762209716023	ok
cross_m10	LIHC	SRP062885	SRP161530	3	15459	16024	15823	3444	2813	0.5371660859465738	0.5331010452961672	6249	4770	0.5202432389182269	0.5172027524403905	3959	3371	0.578934074261177	0.5688305127557464	100	100	0.29	0.29	500	500	0.442	0.442	100	100	0.47	0.47	500	500	0.602	0.602	0.9416376306620209	0.6361788617886179	0.6318234610917538	0.8419150858175248	1.2234780688454727	1.6451943549843118	0.2563321986008519	0.7203430099863739	0.7390963262999881	0.7901598358220627	0.7761174720227699	ok
cross_m10	LIHC	SRP062885	SRP161530	4	15459	16024	15823	3290	2813	0.5261398176291794	0.5203647416413374	5911	4771	0.5176789037387921	0.5137878531551345	3843	3371	0.5698672911787666	0.5547749154306532	100	100	0.26	0.26	500	500	0.404	0.404	100	100	0.47	0.47	500	500	0.572	0.57	0.927355623100304	0.6209726443768997	0.6151975683890577	0.8135764944275582	1.199933010559033	1.640749740652704	0.26866786516651253	0.6931172640113054	0.7188395641446178	0.7586528434274233	0.7682256290833819	ok
cross_m10	LIHC	SRP050551	TCGA-LIHC	0	15843	15968	16307	3037	2049	0.43595653605531776	0.4316759960487323	5721	3579	0.3973081629085824	0.39136514595350463	3468	2879	0.5418108419838523	0.5250865051903114	100	100	0.33	0.33	500	500	0.37	0.37	100	100	0.41	0.41	500	500	0.494	0.494	0.9295357260454395	0.5248600592690155	0.5202502469542312	0.8280466834961402	1.1013446075304383	1.6658718570626325	0.3388779557916317	0.6698438216952269	0.6764675941312301	0.7261379657239492	0.7536451429653475	ok
cross_m10	LIHC	SRP099053	SRP161530	1	15567	16117	15823	3512	2847	0.5882687927107062	0.5857061503416856	6662	4802	0.5460822575803063	0.5442809966976884	3958	3422	0.6394643759474482	0.6313794845881758	100	100	0.5	0.5	500	500	0.504	0.504	100	100	0.48	0.48	500	500	0.626	0.626	0.9666856492027335	0.6716970387243736	0.6691343963553531	0.9046127562642369	1.3253781803071272	1.6950575102998178	0.21809249995730384	0.783534595996504	0.7992456599164506	0.829812176734937	0.8087621250080298	ok
cross_m10	LIHC	SRP099053	SRP161530	2	15567	16117	15823	2721	2847	0.6019845644983461	0.5994119808893789	5462	4802	0.5415598681801538	0.5397290369827902	3230	3422	0.6486068111455109	0.639938080495356	100	100	0.38	0.38	500	500	0.42	0.42	100	100	0.36	0.36	500	500	0.548	0.548	0.9643513414185961	0.6714443219404631	0.6685042263873576	0.8750459389930173	1.4299185770450449	1.6691383587471083	0.1433193242779628	0.7241960957058939	0.7316239126845487	0.7854693214564558	0.7741375987666217	ok
cross_m10	LIHC	SRP099053	SRP161530	3	15567	16117	15823	3473	2847	0.5709761013532969	0.5695364238410596	6788	4803	0.5329994107248085	0.5321154979375369	3887	3422	0.6295343452534088	0.6205299717005403	100	100	0.48	0.48	500	500	0.496	0.496	100	100	0.48	0.48	500	500	0.622	0.622	0.9599769651598042	0.6533256550532681	0.6518859775410308	0.8669737978692773	1.3187914119461723	1.697616928187323	0.2231513540841349	0.7714936748925921	0.7943928039218454	0.8257693370997227	0.8013104644440162	ok
cross_m10	LIHC	SRP099053	SRP161530	4	15567	16117	15823	2667	2847	0.6332958380202475	0.6310461192350956	5863	4804	0.549718574108818	0.5483540849394508	3049	3422	0.6959658904558872	0.6844867169563792	100	100	0.34	0.34	500	500	0.438	0.438	100	100	0.42	0.42	500	500	0.594	0.592	0.9643794525684289	0.6902887139107612	0.6880389951256093	0.9015748031496063	1.5047532791500073	1.6092046823389183	0.06490871194650938	0.7440114878670652	0.7617001778894956	0.801930903862863	0.7841587974561572	ok
cross_m10	LIHC	SRP137150	SRP161530	0	15176	15802	15823	3300	2773	0.43666666666666665	0.43212121212121213	5050	4731	0.4863366336633663	0.4784158415841584	3914	3282	0.4874808380173735	0.47112927950945327	100	100	0.22	0.22	500	500	0.354	0.354	100	100	0.36	0.36	500	500	0.498	0.494	0.9166666666666666	0.5745454545454546	0.5666666666666667	0.8227272727272728	0.9602846551807922	1.5193747671620912	0.3679738034781077	0.6072294454038181	0.6188623812749073	0.6714935723868655	0.7233790195044808	ok
cross_m10	LIHC	SRP137150	SRP161530	1	15176	15802	15823	3300	2773	0.43666666666666665	0.43212121212121213	5050	4731	0.4863366336633663	0.4784158415841584	3914	3282	0.4874808380173735	0.47112927950945327	100	100	0.22	0.22	500	500	0.354	0.354	100	100	0.36	0.36	500	500	0.498	0.494	0.9166666666666666	0.5745454545454546	0.5666666666666667	0.8227272727272728	0.9602846563439567	1.5193747673742228	0.36797380280079506	0.607229455192101	0.6188475850888465	0.6720761732989273	0.7233790195044808	ok
cross_m10	LIHC	SRP137150	SRP161530	2	15176	15802	15823	3300	2773	0.43666666666666665	0.43212121212121213	5050	4731	0.4863366336633663	0.4784158415841584	3914	3282	0.4874808380173735	0.47112927950945327	100	100	0.22	0.22	500	500	0.354	0.354	100	100	0.36	0.36	500	500	0.498	0.494	0.9166666666666666	0.5745454545454546	0.5666666666666667	0.8227272727272728	0.9602846583960448	1.5193747673704987	0.36797380144863234	0.6072293941792721	0.618842019768527	0.6714935729887602	0.7233790195044808	ok
cross_m10	LIHC	SRP137150	SRP161530	3	15176	15802	15823	3300	2773	0.43666666666666665	0.43212121212121213	5050	4732	0.4865346534653465	0.4786138613861386	3914	3282	0.4874808380173735	0.47112927950945327	100	100	0.22	0.22	500	500	0.354	0.354	100	100	0.36	0.36	500	500	0.498	0.494	0.9166666666666666	0.5748484848484848	0.566969696969697	0.8227272727272728	0.960284652624668	1.5193747669893831	0.36797380508861766	0.6072294905377243	0.6188751867041357	0.6719729786951376	0.7233790195044808	ok
cross_m10	LIHC	SRP137150	SRP062885	2	15268	15802	16024	3301	3171	0.4359285065131778	0.42684035140866405	5051	5967	0.531973866561077	0.5131657097604435	3947	3656	0.49277932607043323	0.46947048391183177	100	100	0.21	0.21	500	500	0.26	0.26	100	100	0.32	0.32	500	500	0.466	0.464	0.9021508633747349	0.594971220842169	0.5798242956679794	0.8242956679794	0.9673365799430393	1.5203374009170099	0.36373558963978747	0.5813148787271407	0.5802229353312001	0.6424329803692672	0.7170552790149332	ok
cross_m10	LIHC	SRP137150	SRP062885	3	15268	15802	16024	3301	3393	0.45713420175704333	0.4477431081490457	5051	6198	0.542664818847753	0.5220748366660067	3947	3892	0.51583481124905	0.49303268305041803	100	100	0.24	0.24	500	500	0.264	0.264	100	100	0.34	0.33	500	500	0.454	0.452	0.8970009088155104	0.6086034534989397	0.5946682823386853	0.8097546198121781	1.0077497684293208	1.5203374037025805	0.3371538673092699	0.5760307120618109	0.5763875073470128	0.6440117878090131	0.71286350537071	ok
cross_m10	LIHC	SRP137150	SRP062885	4	15268	15802	16024	3301	3249	0.44138139957588607	0.43077855195395337	5051	5868	0.5123737873688379	0.4933676499703029	3947	3777	0.5077273878895363	0.47960476311122374	100	100	0.18	0.18	500	500	0.252	0.252	100	100	0.31	0.3	500	500	0.44	0.438	0.8909421387458346	0.5801272341714632	0.5652832475007573	0.7940018176310208	0.9806849184762639	1.5203374018009204	0.35495573724977725	0.5531662665132705	0.5559334607852493	0.6257942896365243	0.7053969085669374	ok
cross_m10	LIHC	SRP137150	SRP050551	0	15265	15802	15968	3302	2853	0.40248334342822534	0.39339794064203515	5052	5529	0.49861441013460017	0.48535233570863023	3939	3212	0.44884488448844884	0.4237116019294237	100	100	0.1	0.1	500	500	0.226	0.226	100	100	0.29	0.29	500	500	0.422	0.42	0.8873410054512417	0.5623864324651726	0.5490611750454271	0.7668079951544517	0.8552933858651418	1.5207249845893802	0.4375752390915807	0.5608165543642457	0.5710727091862662	0.6108716319829979	0.704487389452997	ok
cross_m10	LIHC	SRP161530	SRP099053	0	15567	15823	16117	2847	3429	0.6866877414822621	0.6863364945556726	4802	6514	0.7184506455643482	0.7178259058725531	3422	3849	0.7144944476914086	0.7063120981881941	100	100	0.51	0.51	500	500	0.496	0.496	100	100	0.45	0.45	500	500	0.618	0.618	0.9694415173867229	0.7871443624868283	0.7864418686336495	0.9099530606379922	1.5689314781680817	1.7138492852781497	0.08455691428348011	0.7707618205950876	0.7820527910528701	0.8292130911694202	0.7985482109590801	ok
cross_m10	LIHC	SRP161530	SRP099053	1	15567	15823	16117	2847	3512	0.7256761503336846	0.72251492799438	4802	6662	0.7576009995835069	0.7551020408163265	3422	3958	0.7396259497369959	0.7302746931618936	100	100	0.5	0.5	500	500	0.504	0.504	100	100	0.48	0.48	500	500	0.626	0.626	0.9711977520196698	0.8138391289076221	0.8103266596417281	0.9325605900948366	1.5899904663901843	1.7138492792636537	0.07226937302601355	0.783534595996504	0.7992456599164506	0.8298121767349369	0.8087621250080298	ok
cross_m10	LIHC	SRP161530	SRP099053	2	15567	15823	16117	2847	2721	0.5753424657534246	0.5728837372672989	4802	5462	0.6159933361099542	0.6139108704706372	3422	3230	0.6122150789012274	0.6040327293980129	100	100	0.38	0.38	500	500	0.42	0.42	100	100	0.36	0.36	500	500	0.548	0.548	0.9550403933965578	0.6912539515279241	0.6887952230417984	0.879171057253249	1.3171859146416371	1.71384926899475	0.23144588122721776	0.7241960957058939	0.7316239126845487	0.7854693214564558	0.7741375987666217	ok
cross_m10	LIHC	SRP161530	SRP099053	3	15567	15823	16117	2847	3473	0.6965226554267651	0.694766420793818	4803	6788	0.7532792004996877	0.7520299812617114	3422	3887	0.7150789012273524	0.7048509643483343	100	100	0.48	0.48	500	500	0.496	0.496	100	100	0.48	0.48	500	500	0.622	0.622	0.9655778011942395	0.8025992272567615	0.8008429926238145	0.9279943800491746	1.5753187833590911	1.7138492981706177	0.08083004436819252	0.7714936748925921	0.7943928039218454	0.8257693370997227	0.8013104644440162	ok
cross_m10	KIRC	SRP114482	TCGA-KIRC	1	16907	17314	16967	4451	3426	0.5625702089418109	0.5578521680521231	8786	6098	0.5174140678351924	0.5119508308672889	4665	4079	0.639871382636656	0.6246516613076099	100	100	0.31	0.31	500	500	0.38	0.38	100	100	0.52	0.52	500	500	0.612	0.612	0.9397888115030331	0.6499662997079309	0.6452482588182431	0.8427319703437429	1.33351904636022	1.7994373944914848	0.25892445580910683	0.7475984466774909	0.7566191808084316	0.8196700885175001	0.7825161175844325	ok
cross_m10	KIRC	SRP114482	TCGA-KIRC	2	16907	17314	16967	4450	4491	0.7364044943820225	0.7341573033707866	8785	7917	0.6977803073420603	0.6957313602731929	4665	4903	0.7687031082529475	0.760128617363344	100	100	0.23	0.23	500	500	0.416	0.416	100	100	0.58	0.58	500	500	0.662	0.662	0.9662921348314607	0.8069662921348315	0.8047191011235955	0.9205992509363295	1.6338890269723274	1.7999176966484955	0.09224236751786974	0.8283951752351144	0.8483472583831527	0.8703802835787213	0.8258117939315076	ok
cross_m10	KIRC	SRP114482	TCGA-KIRC	3	16907	17314	16967	4450	4077	0.6244943820224719	0.6202247191011236	8786	6948	0.5792169360346004	0.5732984293193717	4665	4651	0.690032154340836	0.6784565916398714	100	100	0.15	0.15	500	500	0.356	0.356	100	100	0.46	0.46	500	500	0.586	0.586	0.937752808988764	0.7004494382022471	0.6957303370786517	0.8453183520599251	1.4745095982519656	1.7992622858989136	0.1804921329102951	0.7545718679915197	0.7636643639363596	0.81333995436413	0.7828710001774413	ok
cross_m10	KIRC	SRP114482	TCGA-KIRC	4	16907	17314	16967	4451	4467	0.5794203549764098	0.5672882498314985	8789	8088	0.5710547275002844	0.5492092388212538	4665	4939	0.6370846730975348	0.6154340836012862	100	100	0.36	0.36	500	500	0.35	0.35	100	100	0.59	0.59	500	500	0.53	0.53	0.907436531116603	0.6573803639631544	0.6443495843630644	0.8191417658953044	1.3558394149582547	1.799437400577036	0.24652037657799608	0.6517437191362841	0.6397953686698137	0.7505481003213892	0.724374519429822	ok
cross_m10	LIHC	SRP161530	SRP099053	4	15567	15823	16117	2847	2667	0.5932560590094836	0.5911485774499473	4804	5863	0.6708992506244796	0.6692339716902581	3422	3049	0.6201052016364699	0.6098772647574517	100	100	0.34	0.34	500	500	0.438	0.438	100	100	0.42	0.42	500	500	0.594	0.592	0.9610115911485775	0.7372672989111345	0.7348085704250088	0.8847910080786793	1.2919270887079888	1.713849274224516	0.24618395086548017	0.7440114878670652	0.7617001778894956	0.8019309038628631	0.7841587974561572	ok
cross_m10	LIHC	SRP161530	SRP062885	0	15459	15823	16024	2813	3216	0.6299324564521863	0.6260220405261286	4769	5841	0.6569511427972321	0.6531767666177396	3371	3684	0.6552951646395728	0.6413527143280926	100	100	0.28	0.28	500	500	0.448	0.448	100	100	0.47	0.47	500	500	0.592	0.592	0.9537859936011376	0.7284038393174547	0.7237824386775684	0.8951297547102737	1.4101157886620075	1.7062347353859515	0.17355111848485594	0.7205843925786939	0.7429684449037545	0.7838436512637221	0.7800633934924639	ok
cross_m10	LIHC	SRP161530	SRP062885	1	15459	15823	16024	2813	3357	0.6178457163170992	0.6125133309633843	4769	5860	0.6426923883413713	0.6384986370308241	3371	3831	0.6478789676653812	0.6315633343221596	100	100	0.32	0.32	500	500	0.428	0.428	100	100	0.46	0.46	500	500	0.594	0.594	0.9456096693921081	0.7148951297547103	0.7095627444009954	0.8826875222182723	1.3727080244645737	1.7062347354604641	0.1954752790247709	0.6949524969173299	0.718927680494364	0.7628693057193097	0.7661556374927226	ok
cross_m10	LIHC	SRP161530	SRP062885	2	15459	15823	16024	2813	3216	0.629576964095272	0.6253110558123001	4769	6014	0.669532396728874	0.6655483329838541	3371	3729	0.6636013052506674	0.6508454464550578	100	100	0.39	0.39	500	500	0.438	0.438	100	100	0.47	0.47	500	500	0.6	0.6	0.9616068254532527	0.7227159616068255	0.7184500533238536	0.897618201208674	1.4264611519185884	1.7062347355264154	0.16397133277298448	0.7218337143593434	0.7390192053623136	0.7853386447763855	0.7763762209716023	ok
cross_m10	LIHC	SRP062885	TCGA-LIHC	4	15860	16024	16307	3418	3064	0.5008777062609713	0.49531889994148626	6044	4676	0.4688947716743878	0.4631039046988749	4028	3901	0.5762164846077458	0.5496524329692155	100	100	0.15	0.15	500	500	0.326	0.326	100	100	0.42	0.42	500	500	0.522	0.522	0.9204212990052663	0.5789935634874196	0.5728496196606202	0.818607372732592	1.205644264110399	1.6577930483413645	0.2727413923489087	0.6443551283950653	0.6675046542824951	0.7195804263737877	0.7459646910466583	ok
cross_m10	LIHC	SRP062885	SRP068976	0	15850	16024	16012	3335	3697	0.5709145427286357	0.5655172413793104	5962	5881	0.556189198255619	0.5478027507547802	3851	4248	0.6180212931706051	0.5972474681900805	100	100	0.39	0.39	500	500	0.434	0.434	100	100	0.45	0.45	500	500	0.6	0.598	0.9178410794602698	0.6356821589205397	0.6299850074962519	0.8163418290854573	1.3185538528888294	1.6492858515391677	0.20053042857409364	0.6523584598178961	0.670344450023476	0.7390318626708388	0.7473186119873817	ok
cross_m10	LIHC	SRP062885	SRP068976	1	15850	16024	16012	3473	3356	0.5168442268931759	0.5113734523466743	5977	5356	0.518487535552953	0.5122971390329597	4006	4086	0.5901148277583624	0.5659011482775836	100	100	0.28	0.28	500	500	0.364	0.364	100	100	0.34	0.34	500	500	0.554	0.554	0.9000863806507342	0.5750071983875612	0.5689605528361646	0.8019003743161531	1.2395571659987672	1.6755864305090749	0.260224872063349	0.6397743956264401	0.6559863076429153	0.7203773193778397	0.7326182965299685	ok
cross_m10	LIHC	SRP062885	SRP068976	2	15850	16024	16012	3337	3625	0.5711717111177704	0.5654779742283488	6142	5503	0.5384239661348095	0.5319114295017909	3891	4244	0.6193780519146749	0.6008738113595476	100	100	0.44	0.44	500	500	0.44	0.44	100	100	0.51	0.51	500	500	0.582	0.582	0.9196883428228948	0.6335031465388073	0.6269103985615823	0.8236225865833298	1.3347667141315303	1.6529827017630403	0.19251017405814763	0.677159877619007	0.6880639264748223	0.7540842882392631	0.7475709779179811	ok
cross_m10	LUNG	SRP125001	SRP074349	3	13923	14194	15756	38	2774	0.7368421052631579	0.7368421052631579	38	5977	0.7631578947368421	0.7631578947368421	1758	2955	0.4397042093287827	0.3640500568828214	100	100	0.05	0.05	500	500	0.14	0.138	38	100	0.0	0.0	38	500	0.2631578947368421	0.2631578947368421	0.9210526315789473	0.7631578947368421	0.7631578947368421	0.9071207430340558	1.6999414194159002	2.695163207349536	0.3692621601614813	0.24346776338053414	0.26190397888234773	0.29365723346240336	0.5809811103928751	ok
cross_m10	LUNG	SRP125001	SRP074349	4	13670	13908	15756	1808	2933	0.21460176991150443	0.17035398230088494	1809	5798	0.4361525704809287	0.3018242122719735	5335	3151	0.24123711340206186	0.17300843486410497	100	100	0.01	0.01	500	500	0.086	0.086	100	100	0.15	0.15	500	500	0.156	0.152	0.5901548672566371	0.4358407079646018	0.3014380530973451	0.6994837758112094	0.44414309987050155	2.1364167852504945	0.7921084018170987	0.07493465206609207	0.05777953025937327	0.18240796809447796	0.517629846378932	ok
cross_m10	PRAD	TCGA-PRAD	SRP119917	0	16637	16897	16788	977	774	0.23439099283520984	0.22722620266120777	1853	1711	0.22935779816513763	0.22558014031300594	1725	1629	0.432463768115942	0.4063768115942029	100	100	0.06	0.06	500	500	0.116	0.112	100	100	0.22	0.18	500	500	0.216	0.202	0.917093142272262	0.2712384851586489	0.2640736949846469	0.7785428491672095	0.9006785984366582	1.497354122947013	0.3984865806733878	0.5670112419175288	0.5727856532470348	0.5274932040512025	0.7054156398389133	ok
cross_m10	PRAD	TCGA-PRAD	SRP119917	1	16637	16897	16788	2870	2412	0.4651567944250871	0.4627177700348432	6488	5297	0.5060110974106042	0.5041615289765722	3262	2880	0.5144083384426732	0.5015328019619865	100	100	0.22	0.22	500	500	0.262	0.262	100	100	0.37	0.37	500	500	0.376	0.376	0.9533101045296167	0.6418118466898954	0.6386759581881533	0.8636137381781981	1.030893428492686	1.4168308681442472	0.2723948555391503	0.7105695024706671	0.7363506311261977	0.7139996592587632	0.7752599627336659	ok
cross_m10	PRAD	TCGA-PRAD	SRP114904	3	2	16897	2	1	0	0.0	0.0	1	1	1.0	1.0	1	0	0.0	0.0	2	2	1.0	1.0	2	2	1.0	1.0	1	1	1.0	1.0	1	1	1.0	1.0												ok
cross_m10	PRAD	TCGA-PRAD	SRP114904	4	2	16897	2	0	0			0	0			0	0			2	2	1.0	0.5	2	2	1.0	0.5	0	0			0	0														ok
cross_m10	PRAD	TCGA-PRAD	SRP027258	0	14340	16897	14504	703	4713	0.716927453769559	0.6017069701280228	1569	8736	0.6857871255576801	0.5506692160611855	1099	5027	0.7679708826205641	0.5787079162875342	100	100	0.03	0.03	500	500	0.104	0.098	100	100	0.09	0.09	500	500	0.198	0.182	0.7837837837837838	0.7894736842105263	0.6500711237553343	0.8780735622840885	2.2726083876547873	1.3930959505565035	-0.6313365829158737	0.23758346617575496	0.23208697113042395	0.27503849146856707	0.5795676429567643	ok
cross_m10	PRAD	TCGA-PRAD	SRP027258	1	14340	16897	14504	2187	4635	0.5208047553726566	0.39871970736168266	5738	8682	0.6045660508888114	0.4105960264900662	2374	4899	0.5855096882898062	0.43302443133951135	100	100	0.02	0.02	500	500	0.052	0.044	100	100	0.06	0.06	500	500	0.196	0.16	0.6881572930955647	0.6780978509373571	0.5098308184727938	0.7960676726108825	1.2513780559746819	1.3427508712737342	0.06804897114859143	0.21897091855619136	0.2027813214304824	0.2544170520741638	0.5744769874476987	ok
cross_m10	LIHC	SRP137150	TCGA-LIHC	2	15365	15802	16307	3306	2547	0.3248638838475499	0.31276467029643074	5056	4709	0.3682753164556962	0.33544303797468356	3977	3164	0.4058335428715112	0.375157153633392	100	100	0.24	0.24	500	500	0.21	0.21	100	100	0.25	0.25	500	500	0.334	0.332	0.8188142770719903	0.4249848759830611	0.4016938898971567	0.6944948578342407	0.703148993438227	1.5207249839321064	0.5376225150058958	0.4085654754873301	0.3858175348859913	0.5081537138513619	0.6421737715587373	ok
cross_m10	LIHC	SRP137150	TCGA-LIHC	3	15365	15802	16307	3306	4025	0.4029038112522686	0.37537810042347247	5056	6935	0.5	0.4052610759493671	3977	4591	0.46894644204174	0.41941161679658034	100	100	0.12	0.12	500	500	0.154	0.154	100	100	0.31	0.31	500	500	0.396	0.396	0.7580157289776165	0.5220810647307925	0.45795523290986084	0.7421355111917725	0.8752384573533027	1.5207249850686972	0.4244597373312935	0.34145755637308145	0.2970585788721127	0.47970116270765434	0.6041653107712334	ok
cross_m10	LIHC	SRP137150	TCGA-LIHC	4	15365	15802	16307	3306	2934	0.3584392014519056	0.3442226255293406	5056	4544	0.35858386075949367	0.33860759493670883	3977	3667	0.4427960774453105	0.4048277596178024	100	100	0.2	0.2	500	500	0.214	0.214	100	100	0.33	0.32	500	500	0.394	0.39	0.8490623109497882	0.4352692075015124	0.41591046581972174	0.6914700544464608	0.7943158064903001	1.5207249842949215	0.4776729423837397	0.44307607992331377	0.43623515626470005	0.5298705314653795	0.6621542466644972	ok
cross_m10	LIHC	SRP137150	SRP068976	0	15284	15802	16012	3298	3533	0.45057610673135234	0.4372346876895088	5048	5709	0.5089144215530903	0.4928684627575277	3943	4006	0.5001268069997464	0.47222926705554147	100	100	0.23	0.23	500	500	0.274	0.274	100	100	0.35	0.34	500	500	0.458	0.454	0.8835657974530018	0.570952092177077	0.5557913887204367	0.7946807589014987	0.9784797331104917	1.5197119035656255	0.35614129835086983	0.5391294646541873	0.5550371919868441	0.6119675987806021	0.6970688301491756	ok
cross_m10	PRAD	TCGA-PRAD	SRP002628	1	15690	16897	15696	2568	604	0.11098130841121495	0.110202492211838	6168	1314	0.10667963683527885	0.10457198443579767	2838	1158	0.222692036645525	0.21212121212121213	100	100	0.03	0.03	500	500	0.062	0.062	100	100	0.17	0.17	500	500	0.182	0.182	0.7978971962616822	0.1662772585669782	0.1647196261682243	0.5475077881619937	0.5264924965254102	1.373106214003827	0.6165682660555327	0.37021490739935675	0.337410375565087	0.47868270284278197	0.5943275971956661	ok
cross_m10	PRAD	TCGA-PRAD	SRP002628	2	15690	16897	15696	1924	1159	0.24012474012474014	0.23648648648648649	4194	2784	0.24391988555078684	0.23772055317119695	2284	1569	0.3384413309982487	0.32705779334500873	100	100	0.01	0.01	500	500	0.098	0.098	100	100	0.23	0.23	500	500	0.268	0.266	0.8321205821205822	0.3414760914760915	0.33627858627858626	0.7167359667359667	0.7049099080940624	1.4454681039206965	0.5123310530463727	0.34901345366279324	0.3249816553608184	0.48520545439258417	0.5788400254939452	ok
cross_m10	PRAD	TCGA-PRAD	SRP002628	3	15690	16897	15696	1010	3	0.0	0.0	1831	3	0.0005461496450027307	0.0005461496450027307	1666	541	0.15126050420168066	0.1362545018007203	100	100	0.02	0.02	500	500	0.076	0.074	100	3	0.0	0.0	500	3	0.0	0.0	0.8396039603960396	0.0	0.0	0.48797736916548784	0.4893988894280043	1.579641921723006	0.6901836532078176	0.4195317025319248	0.4451228064340329	0.4645196571190037	0.6389420012746972	ok
cross_m10	PRAD	TCGA-PRAD	SRP002628	4	15690	16897	15696	2403	2	0.0	0.0	5170	2	0.00019342359767891682	0.00019342359767891682	2719	432	0.08753218094887827	0.07907318867230599	100	100	0.0	0.0	500	500	0.05	0.046	100	2	0.0	0.0	500	2	0.0	0.0	0.7602996254681648	0.0	0.0	0.48397836038285447	0.3761628644755687	1.4369891946938669	0.7382284669470284	0.3265672509009663	0.3135818957913723	0.3973466122612691	0.5888463989802422	ok
cross_m10	PRAD	TCGA-PRAD	SRP212704	4	16292	16897	16515	2559	1907	0.3884329816334506	0.3829620945681907	5331	5523	0.5008441193021947	0.4937160007503283	2974	2077	0.4169468728984533	0.40282447881640887	100	100	0.23	0.23	500	500	0.274	0.274	100	100	0.17	0.16	500	500	0.312	0.31	0.9159828057835092	0.6225087924970691	0.6139116842516608	0.7842907385697538	0.8148887353063174	1.457053098077229	0.44072818184754614	0.5872366397704208	0.5996576553390853	0.6127000758717087	0.7068499877240363	ok
cross_m10	PRAD	TCGA-PRAD	SRP114904	0	2	16897	2	0	0			1	0	0.0	0.0	0	0			2	2	1.0	1.0	2	2	1.0	1.0	1	0	0.0	0.0	1	0	0.0	0.0												ok
cross_m10	PRAD	TCGA-PRAD	SRP114904	1	2	16897	2	0	0			1	0	0.0	0.0	0	0			2	2	1.0	0.5	2	2	1.0	0.5	1	0	0.0	0.0	1	0	0.0	0.0												ok
cross_m10	PRAD	TCGA-PRAD	SRP114904	2	2	16897	2	1	0	0.0	0.0	1	0	0.0	0.0	1	0	0.0	0.0	2	2	1.0	1.0	2	2	1.0	1.0	1	0	0.0	0.0	1	0	0.0	0.0												ok
cross_m10	LIHC	SRP062885	SRP068976	3	15850	16024	16012	3565	3856	0.543899018232819	0.538008415147265	6377	5848	0.521718676493649	0.5119962364748314	4124	4426	0.5948108632395732	0.5756547041707081	100	100	0.33	0.33	500	500	0.394	0.394	100	100	0.4	0.4	500	500	0.562	0.56	0.9079943899018232	0.6025245441795232	0.5946704067321178	0.7671809256661992	1.244953124132094	1.6613550844154261	0.2506399530055008	0.633773923267981	0.6383084448497168	0.718866966848797	0.7262460567823343	ok
cross_m10	LIHC	SRP062885	SRP068976	4	15850	16024	16012	3404	3623	0.48325499412455936	0.47767332549941244	6030	5441	0.48009950248756217	0.4689883913764511	3999	4437	0.5603900975243811	0.5346336584146036	100	100	0.29	0.29	500	500	0.39	0.39	100	100	0.3	0.3	500	500	0.538	0.536	0.8783783783783784	0.5331962397179788	0.5264394829612221	0.7510282021151586	1.200366164574324	1.6559264565993645	0.27510901236555274	0.582947608519066	0.5960086845505259	0.6798223083554101	0.7087066246056782	ok
cross_m10	LIHC	SRP062885	SRP174991	0	15625	16024	15733	3267	2573	0.46250382614018976	0.4569941842669115	5894	4390	0.4460468272819817	0.44129623345775365	3746	3166	0.5202883075280299	0.5040042712226375	100	100	0.24	0.24	500	500	0.39	0.39	100	100	0.43	0.43	500	500	0.55	0.548	0.9020508111417203	0.5537190082644629	0.5475971839608204	0.7661463116008571	1.0752987423932079	1.6333198747743478	0.3416484064141041	0.6271018565953037	0.6380469168063073	0.7121842521603718	0.72608	ok
cross_m10	LIHC	SRP062885	SRP174991	1	15625	16024	15733	3395	1069	0.21001472754050074	0.20824742268041238	5899	1768	0.2029157484319376	0.2013900661129005	3891	1977	0.3492675404780262	0.33436134669750706	100	100	0.09	0.09	500	500	0.228	0.228	100	100	0.23	0.23	500	500	0.396	0.394	0.887481590574374	0.2677466863033873	0.26597938144329897	0.6701030927835051	0.7330256868413263	1.6581718976314472	0.5579314256330186	0.5992850100720312	0.6207840651448812	0.6604058441791968	0.72448	ok
cross_m10	LIHC	SRP099053	SRP174991	1	15682	16117	15733	3519	1070	0.23074737141233304	0.2290423415743109	6673	1769	0.20590439082871273	0.2048553873819871	3977	1996	0.38446064873019864	0.36962534573799344	100	100	0.11	0.11	500	500	0.288	0.288	100	100	0.33	0.33	500	500	0.422	0.42	0.914180164819551	0.2878658709860756	0.2861608411480534	0.7396987780619493	0.8155570469674052	1.684718035146854	0.5159088761720804	0.6697966017789267	0.6870207921053517	0.714777165142289	0.754049228414743	ok
cross_m10	LIHC	SRP099053	SRP174991	2	15682	16117	15733	2738	909	0.22461650840029218	0.22461650840029218	5480	1425	0.1852189781021898	0.18503649635036495	3251	1820	0.3998769609350969	0.387880652107044	100	100	0.03	0.03	500	500	0.158	0.158	100	100	0.23	0.23	500	500	0.356	0.356	0.9327976625273923	0.2647918188458729	0.26442658875091307	0.7954711468224981	0.855190933426711	1.6691311475263269	0.48764305627265137	0.6891868513396681	0.706185963346349	0.7065441040170052	0.7757939038387961	ok
cross_m10	LIHC	SRP099053	SRP174991	3	15682	16117	15733	3513	1628	0.33162539140335895	0.3299174494733846	6831	2883	0.310935441370224	0.3094715268628312	3935	2409	0.4480304955527319	0.4332909783989835	100	100	0.17	0.17	500	500	0.334	0.334	100	100	0.35	0.35	500	500	0.522	0.514	0.9117563336179904	0.40478223740392827	0.4027896384856248	0.7234760684803383	0.9197634797073598	1.697616928187323	0.4582031644268165	0.6377267286028535	0.6600304729660643	0.7182866571777611	0.7365769672235685	ok
cross_m10	LIHC	SRP099053	SRP174991	4	15682	16117	15733	2691	2366	0.6112969156447418	0.6098104793756968	5891	4040	0.5177389237820404	0.5168901714479714	3062	2910	0.6711299804049641	0.6606792945787068	100	100	0.18	0.18	500	500	0.426	0.426	100	100	0.5	0.5	500	500	0.596	0.596	0.9754738015607581	0.7015979189892233	0.6997398736529171	0.9173169825343739	1.3703037492579961	1.6118654944888196	0.14986470400709917	0.7872054244088028	0.8071386996507457	0.8305557474019235	0.8127152148960591	ok
cross_m10	LIHC	SRP050551	SRP161530	3	15488	15968	15823	2823	2835	0.6255756287637265	0.6241586964222459	5383	4790	0.5836893925320453	0.5823890024150102	3201	3408	0.6891596376132458	0.676351140268666	100	100	0.13	0.13	500	500	0.394	0.394	100	100	0.45	0.45	500	500	0.546	0.546	0.9635139922068722	0.6829613885936946	0.6815444562522139	0.8965639390719093	1.4446009172977412	1.6327935588670104	0.11525807444993563	0.7573706799513193	0.7806217415629633	0.8000662365391935	0.7991993801652892	ok
cross_m10	LIHC	SRP050551	SRP161530	4	15488	15968	15823	2975	2835	0.6178151260504202	0.6168067226890757	5539	4791	0.5827766744899802	0.5822350604802311	3402	3408	0.6754850088183422	0.6649029982363316	100	100	0.17	0.17	500	500	0.414	0.414	100	100	0.45	0.45	500	500	0.554	0.554	0.9647058823529412	0.6803361344537815	0.6793277310924369	0.8904201680672269	1.4062436749599916	1.6442842785461285	0.14476852129037665	0.7692709829736513	0.7930183125295694	0.8103112804130683	0.8067536157024794	ok
cross_m10	LIHC	SRP137150	TCGA-LIHC	0	15365	15802	16307	3306	1942	0.2737447065940714	0.2631578947368421	5056	3469	0.2867879746835443	0.2674050632911392	3977	2669	0.37289414131254717	0.34221775207442795	100	100	0.1	0.1	500	500	0.172	0.172	100	100	0.26	0.26	500	500	0.362	0.36	0.8315184513006655	0.34936479128856623	0.33303085299455537	0.6632385561605162	0.6646153787657347	1.5207249845893802	0.5629614917221923	0.4332910717023706	0.4084121011579862	0.5122613936826159	0.6492678164659942	ok
cross_m10	LIHC	SRP137150	TCGA-LIHC	1	15365	15802	16307	3306	4006	0.4131881427707199	0.3856624319419238	5056	6476	0.4768591772151899	0.43018196202531644	3977	4472	0.4759869248177018	0.41840583354287153	100	100	0.23	0.23	500	500	0.198	0.198	100	100	0.32	0.31	500	500	0.38	0.374	0.8061101028433152	0.5356926799758016	0.49727767695099817	0.733817301875378	0.8803550952716965	1.5207249839113746	0.4210951325285768	0.39364058460904217	0.39864929904167157	0.49114144373018204	0.6417832736739343	ok
cross_m10	PRAD	TCGA-PRAD	SRP119917	2	16637	16897	16788	2191	443	0.10223642172523961	0.09584664536741214	4467	1029	0.08976942019252294	0.08462055070517126	2680	976	0.2167910447761194	0.18619402985074626	100	100	0.08	0.08	500	500	0.132	0.132	100	100	0.29	0.25	500	500	0.242	0.224	0.7617526243724326	0.1264262893655865	0.11958010041077134	0.47056138749429477	0.41285254757043655	1.4982405964206593	0.724441756179379	0.29984372253104463	0.3125716126744862	0.3904611140596784	0.5945783494620425	ok
cross_m10	PRAD	TCGA-PRAD	SRP119917	3	16637	16897	16788	1163	652	0.2467755803955288	0.24247635425623387	1985	1767	0.30377833753148614	0.3002518891687657	1995	1051	0.2942355889724311	0.26766917293233083	100	100	0.22	0.22	500	500	0.264	0.264	100	100	0.38	0.38	500	500	0.38	0.374	0.8761822871883062	0.3422184006878762	0.33705932932072225	0.6603611349957008	0.6812856399074775	1.6665808819218522	0.5912075751632055	0.47284839361720876	0.5106909980405918	0.5210138117803659	0.6748211817034321	ok
cross_m10	PRAD	TCGA-PRAD	SRP119917	4	16637	16897	16788	2693	1263	0.2213145191236539	0.21463052357965096	5468	3113	0.2787125091441112	0.27194586686174105	3145	1741	0.3125596184419714	0.28553259141494436	100	100	0.06	0.06	500	500	0.104	0.104	100	100	0.24	0.22	500	500	0.258	0.25	0.8752320831786112	0.363535090976606	0.35350909766060157	0.7512068325287783	0.6248881422012174	1.47958766466929	0.5776606164522944	0.5328834286605935	0.5609671339028345	0.5162098407416932	0.7054757468293562	ok
cross_m10	PRAD	TCGA-PRAD	SRP118614	0	13763	16897	13886	652	485	0.2254601226993865	0.22392638036809817	1484	1573	0.25336927223719674	0.2486522911051213	1076	636	0.258364312267658	0.2425650557620818	100	100	0.08	0.08	500	500	0.132	0.132	100	100	0.17	0.16	500	500	0.272	0.27	0.8558282208588958	0.34355828220858897	0.33588957055214724	0.7494887525562371	0.6901686477640064	1.3813894929758164	0.5003808474920194	0.47010423821083597	0.4734870148193578	0.4855571568871489	0.6671510571823004	ok
cross_m10	LIHC	SRP161530	SRP062885	3	15459	15823	16024	2813	3444	0.6576608602915037	0.6526839672947031	4770	6249	0.6815513626834382	0.6775681341719078	3371	3959	0.679916938593889	0.6680510234351824	100	100	0.29	0.29	500	500	0.442	0.442	100	100	0.47	0.47	500	500	0.602	0.602	0.9594738713117668	0.7436900106647707	0.7383576253110559	0.9089939566299324	1.4831686523110028	1.706234735284396	0.1307358702530531	0.7203430099863739	0.7390963262999881	0.7901598358220627	0.7761174720227699	ok
cross_m10	LIHC	SRP161530	SRP062885	4	15459	15823	16024	2813	3290	0.6153572698186989	0.6086029150373267	4771	5911	0.6413749738000419	0.6365541815133096	3371	3843	0.6496588549391872	0.6324532779590626	100	100	0.26	0.26	500	500	0.404	0.404	100	100	0.47	0.47	500	500	0.572	0.57	0.9495200853181657	0.7035193743334518	0.6964095271951654	0.8833985069321009	1.3795754890167535	1.706234735509424	0.19145035539036848	0.6931172640113054	0.7188395641446178	0.7586528434274232	0.7682256290833819	ok
cross_m10	LIHC	SRP161530	SRP050551	0	15488	15823	15968	2835	2944	0.6483245149911817	0.6465608465608466	4789	5624	0.6846940906243475	0.6828147838797244	3408	3317	0.6684272300469484	0.659037558685446	100	100	0.35	0.35	500	500	0.434	0.434	100	100	0.42	0.42	500	500	0.576	0.576	0.9629629629629629	0.7499118165784833	0.7474426807760141	0.9094650205761317	1.3945659890053328	1.7139342121760277	0.18633633712534503	0.7752394837048782	0.7958838448115165	0.8132421487216377	0.8048811983471075	ok
cross_m10	LIHC	SRP161530	SRP050551	1	15488	15823	15968	2835	2630	0.5894179894179894	0.5876543209876544	4789	5253	0.6420964710795574	0.6408435999164752	3408	3020	0.6185446009389671	0.60768779342723	100	100	0.14	0.14	500	500	0.392	0.392	100	100	0.41	0.41	500	500	0.554	0.552	0.9583774250440917	0.7135802469135802	0.7114638447971782	0.8996668626298255	1.277517434496665	1.7139342121046963	0.25462866341416646	0.7553721227275951	0.7795541693932175	0.792600581575258	0.7996513429752066	ok
cross_m10	PRAD	SRP119917	SRP118614	2	15118	16788	15325	348	1256	0.34195402298850575	0.33620689655172414	918	3624	0.332244008714597	0.30392156862745096	686	1562	0.41836734693877553	0.3819241982507289	100	100	0.05	0.05	500	500	0.076	0.074	100	100	0.28	0.28	500	500	0.212	0.212	0.8304597701149425	0.3620689655172414	0.3563218390804598	0.5478927203065134	0.8867802528723026	1.5948704151462767	0.4439797462849232	0.2432101379093686	0.2448527215702155	0.33394113839540723	0.5789787008863606	ok
cross_m10	PRAD	SRP119917	SRP118614	3	13834	16788	13886	372	346	0.1881720430107527	0.18548387096774194	1415	1296	0.1314487632508834	0.1265017667844523	516	538	0.2926356589147287	0.2558139534883721	100	100	0.06	0.06	500	500	0.104	0.102	100	100	0.26	0.26	500	500	0.184	0.18	0.7795698924731183	0.20698924731182797	0.20430107526881722	0.5250896057347669	0.6175810608271204	1.4315548845648134	0.5685942135464388	0.3060345080706573	0.28440350399868536	0.36708730363582665	0.5998265143848489	ok
cross_m10	PRAD	SRP119917	SRP118614	4	14196	16788	14246	874	676	0.30549199084668194	0.30434782608695654	2627	2340	0.34640274076893796	0.34449942900647124	1080	877	0.37037037037037035	0.362962962962963	100	100	0.13	0.13	500	500	0.214	0.214	100	100	0.24	0.24	500	500	0.31	0.31	0.897025171624714	0.40160183066361554	0.39702517162471396	0.6720061022120518	0.8258685608744125	1.42216925039803	0.41928953910143096	0.5611417681075417	0.5654878332195833	0.6005681538241534	0.6960411383488306	ok
cross_m10	PRAD	SRP119917	SRP212704	0	16315	16788	16515	751	1439	0.5712383488681758	0.5685752330226365	1688	4480	0.6990521327014217	0.6978672985781991	1530	1697	0.5496732026143791	0.5209150326797386	100	100	0.26	0.26	500	500	0.344	0.344	100	100	0.42	0.42	500	500	0.358	0.356	0.948069241011984	0.7270306258322237	0.7243675099866844	0.8801597869507324	1.1776344052447043	1.455935351622495	0.19114924716104464	0.6352485605152831	0.671655775255128	0.6660697108292494	0.7359485136377567	ok
cross_m10	PRAD	SRP119917	SRP114904	0	2	16788	2	0	0			0	0			0	0			2	2	1.0	1.0	2	2	1.0	1.0	0	0			0	0														ok
cross_m10	PRAD	SRP119917	SRP114904	1	2	16788	2	0	0			0	0			0	0			2	2	1.0	0.5	2	2	1.0	0.5	0	0			0	0														ok
cross_m10	PRAD	SRP119917	SRP114904	2	2	16788	2	0	0			0	0			0	0			2	2	1.0	0.5	2	2	1.0	0.5	0	0			0	0														ok
cross_m10	PRAD	SRP119917	SRP114904	3	2	16788	2	0	0			0	1			0	0			2	2	1.0	1.0	2	2	1.0	1.0	0	1			0	1														ok
cross_m10	PRAD	SRP119917	SRP114904	4	2	16788	2	0	0			0	0			0	0			2	2	1.0	0.5	2	2	1.0	0.5	0	0			0	0														ok
cross_m10	PRAD	SRP119917	SRP027258	0	14277	16788	14504	569	4663	0.6572934973637962	0.5325131810193322	1501	8685	0.6568954030646236	0.5076615589606929	1006	4973	0.7455268389662028	0.5596421471172962	100	100	0.02	0.02	500	500	0.06	0.052	100	100	0.04	0.04	500	500	0.148	0.126	0.7609841827768014	0.7416520210896309	0.5957820738137083	0.8296606732459105	2.0032939643459944	1.36542026482242	-0.46716290651108294	0.27832108307086	0.26920928510134773	0.2947718654987512	0.6006864187154164	ok
cross_m10	PRAD	SRP119917	SRP027258	1	14277	16788	14504	1669	4586	0.6560814859197124	0.49550629119233075	4479	8631	0.6445635186425541	0.4614869390488948	1857	4846	0.7075928917609047	0.5169628432956381	100	100	0.0	0.0	500	500	0.072	0.07	100	100	0.2	0.2	500	500	0.276	0.246	0.7094068304373876	0.7387657279808268	0.5536249251048532	0.8362292790093868	1.9409582433007617	1.4589309538571402	-0.3303976025522193	0.2543236007374959	0.24851139632965366	0.3129951965634092	0.5951530433564475	ok
cross_m10	PRAD	SRP119917	SRP027258	2	14277	16788	14504	284	4614	0.676056338028169	0.5598591549295775	853	8606	0.6565064478311841	0.4466588511137163	552	4915	0.7608695652173914	0.5579710144927537	100	100	0.03	0.03	500	500	0.054	0.038	100	100	0.07	0.05	500	500	0.106	0.088	0.7711267605633803	0.7640845070422535	0.6161971830985915	0.8826291079812206	2.331112937305016	1.5289998377552259	-0.5245998591650594	0.12782000157189746	0.10681239447036667	0.2032219436956813	0.541010016109827	ok
cross_m10	LIHC	SRP137150	SRP099053	3	15316	15802	16117	3307	3398	0.4127608104021772	0.40127003326277594	5057	6707	0.5333201502867313	0.502076329839826	3958	3783	0.4633653360282971	0.4269833249115715	100	100	0.27	0.27	500	500	0.254	0.254	100	100	0.39	0.39	500	500	0.454	0.454	0.8439673420018143	0.5860296341094647	0.5627456909585727	0.749017236165709	0.8740090816997301	1.5219218300937225	0.42572012279638094	0.47652261822810493	0.5000601640977334	0.5793287414900965	0.6705406111256202	ok
cross_m10	LIHC	SRP137150	SRP099053	4	15316	15802	16117	3307	2611	0.3528878137284548	0.33988509222860597	5057	5801	0.4870476567134665	0.45896776745105794	3958	2949	0.39843355229914096	0.3696311268317332	100	100	0.14	0.14	500	500	0.206	0.206	100	100	0.29	0.29	500	500	0.42	0.418	0.8518294526761415	0.5430904142727547	0.5210160266102207	0.7802640862816248	0.7284354352137683	1.5219218301065753	0.5213713209155044	0.4832618604080529	0.49955334662735656	0.5653712010943035	0.675763907025333	ok
cross_m10	LIHC	SRP137150	SRP062885	0	15268	15802	16024	3301	3188	0.4201757043320206	0.41017873371705543	5051	5810	0.48327063947733123	0.4624826766976836	3947	3627	0.4760577653914365	0.45300228021281985	100	100	0.13	0.13	500	500	0.242	0.242	100	100	0.34	0.34	500	500	0.456	0.454	0.8706452590124205	0.5531657073614057	0.5374129051802484	0.76598000605877	0.8948126731205492	1.5203374024947132	0.41143809811410537	0.5280935493753637	0.5269692021106802	0.6145613060120438	0.6924286088551218	ok
cross_m10	LIHC	SRP137150	SRP062885	1	15268	15802	16024	3301	3306	0.4492578006664647	0.4368373220236292	5051	5809	0.5129677291625421	0.49495149475351413	3947	3766	0.5079807448695212	0.47985812009120854	100	100	0.18	0.18	500	500	0.268	0.268	100	100	0.31	0.31	500	500	0.446	0.444	0.8888215692214481	0.5901242047864284	0.5743714026052711	0.7917297788548924	0.9725509460785735	1.5203374008751103	0.3603058469003192	0.5620335068477077	0.565838727533995	0.6269561023525269	0.7086717317264868	ok
cross_m10	LIHC	SRP050551	SRP174991	3	15622	15968	15733	2843	1617	0.3580724586704186	0.3570172353148083	5405	2872	0.33617021276595743	0.3346901017576318	3231	2381	0.4856081708449396	0.46858557722067473	100	100	0.11	0.11	500	500	0.266	0.266	100	100	0.38	0.37	500	500	0.412	0.408	0.9215617305663032	0.42103411888849807	0.4199788955328878	0.7718707602633033	0.9866213782485808	1.6327935588670104	0.39574640474868494	0.6289057226743983	0.6353232101049686	0.6854016912453623	0.7266675201638715	ok
cross_m10	LIHC	SRP050551	SRP174991	4	15622	15968	15733	2990	2364	0.5478260869565217	0.5474916387959866	5555	4038	0.5096309630963096	0.5089108910891089	3432	2887	0.6031468531468531	0.5964452214452215	100	100	0.23	0.23	500	500	0.412	0.412	100	100	0.5	0.5	500	500	0.558	0.558	0.962876254180602	0.6518394648829432	0.651505016722408	0.8929765886287625	1.2495389494752231	1.63942186905085	0.2378173226402983	0.7468065662084604	0.7621718199197349	0.8065634083608866	0.7831263602611701	ok
cross_m10	LIHC	SRP050551	SRP099053	0	15794	15968	16117	2989	3508	0.6359986617597859	0.629976580796253	5673	6594	0.6365238850696281	0.6294729420059934	3406	3952	0.67968291250734	0.6611861421021726	100	100	0.41	0.41	500	500	0.432	0.432	100	100	0.39	0.39	500	500	0.526	0.526	0.9494814319170292	0.7263298762127802	0.7189695550351288	0.9063231850117096	1.4429979018276724	1.652063027653608	0.12654791150605582	0.7017327335527409	0.7185049320770859	0.7542540605983101	0.767000126630366	ok
cross_m10	LIHC	SRP050551	SRP099053	1	15794	15968	16117	2686	3572	0.6720029784065525	0.6641846612062546	5312	6725	0.6639683734939759	0.6573795180722891	3108	4045	0.7168597168597168	0.6972329472329473	100	100	0.14	0.14	500	500	0.366	0.366	100	100	0.41	0.41	500	500	0.516	0.516	0.9512285927029039	0.7371556217423678	0.7285927029039464	0.9218168279970216	1.5729017750624168	1.6257890578514682	0.03253022434469055	0.7114690804368685	0.7251776590278182	0.7639103148378924	0.7707357224262378	ok
cross_m10	PRAD	SRP118614	SRP114904	1	1	13526	2	1	0	0.0	0.0	1	0	0.0	0.0	1	0	0.0	0.0	1	1	1.0	1.0	1	1	1.0	1.0	1	0	0.0	0.0	1	0	0.0	0.0												ok
cross_m10	PRAD	SRP118614	SRP114904	2	1	15325	2	0	0			0	0			0	0			1	1	1.0	1.0	1	1	1.0	1.0	0	0			0	0														ok
cross_m10	PRAD	SRP118614	SRP114904	3	1	13886	2	0	0			0	1			1	0	0.0	0.0	1	1	1.0	1.0	1	1	1.0	1.0	0	1			0	1														ok
cross_m10	PRAD	SRP118614	SRP114904	4	1	14246	2	1	0	0.0	0.0	1	0	0.0	0.0	1	0	0.0	0.0	1	1	1.0	1.0	1	1	1.0	1.0	1	0	0.0	0.0	1	0	0.0	0.0												ok
cross_m10	LIHC	SRP137150	SRP174991	4	15169	15802	15733	3274	2256	0.34331093463653023	0.3341478313989004	5024	3928	0.3714171974522293	0.3596735668789809	3895	2705	0.39640564826700897	0.37047496790757384	100	100	0.24	0.24	500	500	0.278	0.278	100	100	0.34	0.34	500	500	0.43	0.428	0.8454489920586439	0.4437996334758705	0.43188759926695175	0.7057625738138871	0.7146682809960808	1.514911924665926	0.5282443359512916	0.4934107333591805	0.5107353653775318	0.5767050111999411	0.6779616322763531	ok
cross_m10	LIHC	SRP137150	SRP099053	0	15316	15802	16117	3307	3342	0.43664953129724826	0.424553976413668	5057	6417	0.5556654142772395	0.5309472018983588	3958	3718	0.4888832743810005	0.46008084891359274	100	100	0.28	0.28	500	500	0.268	0.268	100	100	0.33	0.33	500	500	0.446	0.442	0.8766253401874811	0.6174780768067735	0.596310855760508	0.7950475422504452	0.9312854970917259	1.5219218301021094	0.3880858539040446	0.5463036819276608	0.5653134756367895	0.6162426811219234	0.7084747975972839	ok
cross_m10	LIHC	SRP137150	SRP099053	1	15316	15802	16117	3307	3433	0.4535833081342607	0.4417901421227699	5057	6577	0.5663436820249159	0.5455803836266562	3958	3843	0.4997473471450227	0.47397675593734206	100	100	0.26	0.26	500	500	0.252	0.252	100	100	0.39	0.39	500	500	0.468	0.466	0.8893256728152404	0.6271545207136378	0.6081040217719987	0.8234048986997278	0.9760514884522593	1.5219218301127075	0.3586717338958356	0.559730527526152	0.5716232810224081	0.6317302774492628	0.7056672760511883	ok
cross_m10	LIHC	SRP137150	SRP099053	2	15316	15802	16117	3307	2662	0.3377683701239794	0.32113698215905656	5057	5399	0.442159383033419	0.41131105398457585	3958	3136	0.39464375947448205	0.35750378979282466	100	100	0.11	0.11	500	500	0.176	0.176	100	100	0.22	0.22	500	500	0.378	0.376	0.8258240096764439	0.4922890837617176	0.4647716964015724	0.7601048281423242	0.7257644741257921	1.5219218301124902	0.5231263132140311	0.4474124961728245	0.47031257446463476	0.5218137777560725	0.6670801775920606	ok
cross_m10	PRAD	SRP118614	SRP212704	2	15066	15325	16515	1256	1578	0.5	0.4968152866242038	3625	4988	0.5878620689655173	0.584	1551	1719	0.5145067698259188	0.49580915538362347	100	100	0.08	0.08	500	500	0.192	0.192	100	100	0.3	0.3	500	500	0.338	0.334	0.9490445859872612	0.7292993630573248	0.7245222929936306	0.8999090081892629	1.0384977238336646	1.2979627945930368	0.19990177826377897	0.6170236069760111	0.6565238602184862	0.6336223433845827	0.7348333997079517	ok
cross_m10	PRAD	SRP118614	SRP212704	3	13831	13886	16515	347	1194	0.5244956772334294	0.5043227665706052	1297	5500	0.6892829606784888	0.6761757902852737	534	1265	0.5374531835205992	0.4794007490636704	100	100	0.09	0.09	500	500	0.14	0.138	100	100	0.2	0.19	500	500	0.234	0.226	0.8904899135446686	0.7319884726224783	0.7031700288184438	0.8847262247838616	1.0402162212427306	1.261821963987988	0.17562362129509335	0.5076901468581921	0.5376921344090425	0.51072025694032	0.6879473646157183	ok
cross_m10	PRAD	SRP118614	SRP212704	4	14191	14246	16515	676	1404	0.5961538461538461	0.5902366863905325	2340	4836	0.6641025641025641	0.6581196581196581	877	1468	0.5838084378563284	0.5678449258836944	100	100	0.09	0.09	500	500	0.266	0.266	100	100	0.18	0.17	500	500	0.346	0.342	0.9437869822485208	0.7855029585798816	0.7751479289940828	0.9196956889264581	1.1685545953647065	1.2767355887852212	0.08473249619637058	0.6195968395736945	0.6387329006661526	0.6250886810276913	0.7243323233035022	ok
cross_m10	PRAD	SRP118614	SRP114904	0	1	13886	2	0	0			0	0			0	0			1	1	1.0	1.0	1	1	1.0	1.0	0	0			0	0														ok
cross_m10	PRAD	TCGA-PRAD	SRP027258	2	14340	16897	14504	1595	4666	0.6056426332288402	0.4890282131661442	3850	8659	0.6257142857142857	0.4620779220779221	1841	4969	0.6784356328082564	0.5230852797392721	100	100	0.02	0.02	500	500	0.082	0.076	100	100	0.09	0.09	500	500	0.224	0.192	0.7398119122257053	0.7078369905956113	0.5611285266457681	0.8106583072100313	1.6706718825879185	1.4019755590771574	-0.19165549768045098	0.2687009196985322	0.251106613607754	0.30115446712732996	0.5914923291492329	ok
cross_m10	PRAD	TCGA-PRAD	SRP027258	3	14340	16897	14504	869	4622	0.5535097813578826	0.4188722669735328	1686	8562	0.6293001186239621	0.44958481613285883	1338	4917	0.6584454409566517	0.49327354260089684	100	100	0.02	0.02	500	500	0.046	0.04	100	100	0.01	0.01	500	500	0.16	0.124	0.6950517836593786	0.6823935558112774	0.5109321058688148	0.8319907940161104	1.4217627546834586	1.5411972383729542	0.07749461309415717	0.2231073848021297	0.20997406369907695	0.23028245807236428	0.5809623430962343	ok
cross_m10	PRAD	TCGA-PRAD	SRP027258	4	14340	16897	14504	1967	4513	0.5261820030503305	0.360447381799695	4673	8794	0.6175904130109138	0.3967472715600257	2204	4798	0.5961887477313974	0.4033575317604356	100	100	0.03	0.03	500	500	0.068	0.058	100	100	0.06	0.06	500	500	0.182	0.122	0.6309100152516522	0.6629384850025419	0.4489069649211998	0.8042704626334519	1.219492670240723	1.3855006614732777	0.11981805267132062	0.16239944477202528	0.1539417237075297	0.17368916516203606	0.555439330543933	ok
cross_m10	PRAD	TCGA-PRAD	SRP002628	0	15690	16897	15696	878	1045	0.25740318906605925	0.2505694760820046	1751	2680	0.23472301541976015	0.2278697886921759	1432	1516	0.3687150837988827	0.3414804469273743	100	100	0.02	0.02	500	500	0.07	0.07	100	100	0.11	0.1	500	500	0.182	0.178	0.8154897494305239	0.31776765375854216	0.3097949886104784	0.6839407744874715	0.7615310901061851	1.4402185516182575	0.4712392162630359	0.27568316836163503	0.24580162389787474	0.37179942827207346	0.5555130656469088	ok
cross_m10	PRAD	SRP118614	SRP027258	0	12644	13886	14504	412	3863	0.6650485436893204	0.5315533980582524	1456	7632	0.6778846153846154	0.4800824175824176	504	4113	0.7341269841269841	0.5793650793650794	100	100	0.05	0.05	500	500	0.094	0.086	100	100	0.13	0.13	500	500	0.204	0.17	0.7621359223300971	0.7742718446601942	0.5995145631067961	0.8959778085991678	2.302829792747632	1.2516394502085313	-0.8398507592293976	0.23711141346862316	0.2159047589261754	0.27173505116382474	0.5806706738373932	ok
cross_m10	PRAD	SRP118614	SRP027258	1	12495	13526	14504	394	3712	0.6878172588832487	0.565989847715736	1512	7479	0.6746031746031746	0.48677248677248675	459	3914	0.7559912854030502	0.6013071895424836	100	100	0.04	0.04	500	500	0.096	0.088	100	100	0.14	0.14	500	500	0.206	0.172	0.7614213197969543	0.7766497461928934	0.6091370558375635	0.8318527918781726	2.2674423329493276	1.2794932231486633	-0.7721409476241323	0.19465892607274776	0.19210818264886648	0.2460765390919711	0.5735094037615046	ok
cross_m10	PRAD	SRP118614	SRP027258	2	13578	15325	14504	1021	4239	0.6327130264446621	0.49657198824681686	3309	8164	0.6560894530069508	0.49168933212450894	1195	4497	0.6769874476987447	0.5271966527196653	100	100	0.01	0.01	500	500	0.1	0.092	100	100	0.09	0.09	500	500	0.214	0.188	0.7208619000979432	0.7316356513222331	0.5563173359451518	0.8324083142888236	1.7915875279499367	1.266500045185777	-0.4145972870353407	0.2716784539624942	0.2574535593412498	0.2976096380302364	0.5954485196641626	ok
cross_m10	PRAD	SRP118614	SRP027258	3	12788	13886	14504	282	3796	0.6808510638297872	0.5602836879432624	1187	7524	0.6545914069081719	0.468407750631845	404	4032	0.7128712871287128	0.5891089108910891	100	100	0.02	0.02	500	500	0.09	0.07	100	100	0.12	0.12	500	500	0.168	0.14	0.7695035460992907	0.7695035460992907	0.6205673758865248	0.8080934501460159	2.0194898806403616	1.2532705373091735	-0.611375852636171	0.18820357726336487	0.17524885768804496	0.23887181853102843	0.5635752267751016	ok
cross_m10	PRAD	SRP119917	SRP212704	1	16315	16788	16515	2323	1866	0.5195867412828239	0.5182953077916488	5203	5857	0.6640399769363828	0.6628867960791851	2732	1999	0.5201317715959004	0.5128111273792094	100	100	0.19	0.19	500	500	0.328	0.328	100	100	0.45	0.45	500	500	0.506	0.504	0.9517864829961257	0.7167455876022385	0.7145931984502798	0.8321136461472234	1.059079280860421	1.515681698781101	0.30125218130421183	0.7434538203144317	0.7775786484265343	0.7733361483543787	0.7862703034017775	ok
cross_m10	PRAD	SRP119917	SRP212704	2	16315	16788	16515	419	1865	0.6014319809069213	0.594272076372315	1004	5353	0.599601593625498	0.5906374501992032	885	2081	0.6045197740112994	0.5457627118644067	100	100	0.17	0.17	500	500	0.21	0.21	100	100	0.34	0.33	500	500	0.268	0.264	0.8782816229116945	0.6634844868735084	0.649164677804296	0.8568019093078758	1.3904638530860933	1.6201965705596473	0.14179311427267116	0.4424822135391379	0.47518679864564195	0.5183940383933878	0.6552865461231995	ok
cross_m10	PRAD	SRP119917	SRP212704	3	16315	16788	16515	629	1750	0.548489666136725	0.5230524642289348	1743	6315	0.5920826161790017	0.5656913367756741	974	1936	0.5677618069815195	0.4856262833675565	100	100	0.19	0.19	500	500	0.244	0.244	100	100	0.34	0.31	500	500	0.332	0.316	0.7980922098569158	0.6454689984101749	0.5930047694753577	0.8171701112877583	1.195810824136062	1.5214463284938529	0.2140302278557219	0.4315293586307316	0.4786469419871369	0.4771294662579095	0.6577995709469813	ok
cross_m10	PRAD	SRP119917	SRP212704	4	16315	16788	16515	1215	1908	0.6238683127572017	0.6222222222222222	3062	5526	0.6903984323971261	0.6884389288047028	1632	2069	0.6145833333333334	0.5974264705882353	100	100	0.11	0.11	500	500	0.212	0.212	100	100	0.32	0.32	500	500	0.354	0.354	0.9497942386831276	0.7292181069958847	0.725925925925926	0.8710562414266119	1.2734530040384608	1.4959010023731023	0.14870502659049578	0.6815232813026461	0.7138560262001724	0.685698714904539	0.7590560833588722	ok
cross_m10	PRAD	TCGA-PRAD	SRP148500	4	16548	16897	16653	2678	278	0.05489171023151606	0.05451829723674384	5453	432	0.038510911424903725	0.03686044379240785	3119	989	0.1856364219301058	0.17281179865341456	100	100	0.06	0.06	500	500	0.088	0.088	100	100	0.13	0.13	500	432	0.106	0.104	0.7901418969380134	0.06460044809559373	0.06348020911127707	0.4557505601194921	0.42644375282863967	1.482290323043315	0.7123075377345102	0.3396463743525562	0.2845643265466088	0.4516262591778448	0.5826686004350979	ok
cross_m10	PRAD	SRP119917	TCGA-PRAD	0	16637	16788	16897	774	977	0.2958656330749354	0.2868217054263566	1711	1853	0.2483927527761543	0.24430157802454705	1629	1725	0.45794966236955187	0.4303253529772867	100	100	0.06	0.06	500	500	0.116	0.112	100	100	0.22	0.18	500	500	0.216	0.202	0.8669250645994832	0.32299741602067183	0.313953488372093	0.6996124031007751	0.9279782050870011	1.4685439958575315	0.3680964222354647	0.5670112419175288	0.5727856532470348	0.5274932040512025	0.7054156398389133	ok
cross_m10	PRAD	SRP119917	TCGA-PRAD	1	16637	16788	16897	2412	2870	0.5534825870646766	0.5505804311774462	5297	6488	0.6197847838399094	0.6175193505757977	2880	3262	0.5826388888888889	0.5680555555555555	100	100	0.22	0.22	500	500	0.262	0.262	100	100	0.37	0.37	500	500	0.376	0.376	0.935737976782753	0.6305970149253731	0.6272802653399668	0.8517827529021559	1.186125783518726	1.5333380511353898	0.2264420865050364	0.7105695024706671	0.7363506311261977	0.7139996592587633	0.7752599627336659	ok
cross_m10	PRAD	SRP119917	TCGA-PRAD	2	16637	16788	16897	443	2191	0.5056433408577878	0.47404063205417607	1029	4467	0.38969873663751214	0.3673469387755102	976	2680	0.5952868852459017	0.5112704918032787	100	100	0.08	0.08	500	500	0.132	0.132	100	100	0.29	0.25	500	500	0.242	0.224	0.8239277652370203	0.5146726862302483	0.48081264108352145	0.7321294206170053	1.2586989766872851	1.6643289210843617	0.24371981959719602	0.29984372253104463	0.3125716126744862	0.39046111405967837	0.5945783494620425	ok
cross_m10	PRAD	SRP118614	SRP027258	4	13038	14246	14504	539	3813	0.640074211502783	0.4619666048237477	2147	7962	0.6604564508616675	0.42198416394969723	663	4019	0.6742081447963801	0.49019607843137253	100	100	0.01	0.01	500	500	0.1	0.084	100	100	0.06	0.06	500	500	0.218	0.176	0.6660482374768089	0.7458256029684601	0.5269016697588126	0.8376623376623377	1.9058223210085203	1.2445890653125287	-0.5312864094061034	0.1420063975502128	0.14172347024869303	0.18670323272044675	0.5537659150176407	ok
cross_m10	PRAD	SRP118614	SRP002628	0	13564	13886	15696	483	850	0.30434782608695654	0.3022774327122153	1571	2420	0.3475493316359007	0.34182049649904517	604	1078	0.3758278145695364	0.3543046357615894	100	100	0.02	0.02	500	500	0.124	0.124	100	100	0.08	0.08	500	500	0.208	0.206	0.8799171842650103	0.42028985507246375	0.4161490683229814	0.7791580400276052	0.8304498973333112	1.2499220251134193	0.3355986368366016	0.35402650979452455	0.3757200087116304	0.40520277075203576	0.612208787968151	ok
cross_m10	PRAD	SRP118614	SRP002628	1	13351	13526	15696	484	475	0.2396694214876033	0.2396694214876033	1645	1154	0.23221884498480244	0.23221884498480244	589	735	0.3599320882852292	0.34974533106960953	100	100	0.05	0.05	500	500	0.144	0.144	100	100	0.12	0.12	500	500	0.24	0.24	0.9132231404958677	0.30165289256198347	0.30165289256198347	0.7727272727272727	0.805434902203061	1.2874073415780805	0.3743744685999898	0.5202510261986292	0.5177159115179852	0.5611096647602217	0.6686390532544378	ok
cross_m10	PRAD	SRP118614	SRP002628	2	14767	15325	15696	1243	1048	0.2944489139179405	0.2936444086886565	3607	2656	0.308012198502911	0.3071804823953424	1485	1336	0.3542087542087542	0.3367003367003367	100	100	0.05	0.05	500	500	0.24	0.24	100	100	0.19	0.18	500	500	0.248	0.246	0.8889782783588094	0.4448913917940467	0.4432823813354787	0.7498720105317049	0.7783749120276497	1.2961047536554016	0.39945061552131444	0.435432491164806	0.4601317793394781	0.4984783961552436	0.6326268030067042	ok
cross_m10	PRAD	TCGA-PRAD	SRP212704	0	16292	16897	16515	929	1440	0.33153928955866524	0.310010764262648	1804	4481	0.42572062084257206	0.4057649667405765	1604	1705	0.4339152119700748	0.38154613466334164	100	100	0.02	0.02	500	500	0.056	0.052	100	100	0.15	0.12	500	500	0.19	0.17	0.8385360602798708	0.48869752421959095	0.45855758880516684	0.7373519913885898	0.818001106430492	1.4612052386398497	0.4401873981837615	0.483287334561726	0.4970235462138376	0.42866273197623633	0.6831573778541615	ok
cross_m10	PRAD	TCGA-PRAD	SRP212704	1	16292	16897	16515	2762	1867	0.38269370021723387	0.38052136133236786	6373	5857	0.5087086144672839	0.4986662482347403	3114	2004	0.40622992935131663	0.3940269749518304	100	100	0.12	0.12	500	500	0.184	0.184	100	100	0.37	0.37	500	500	0.39	0.386	0.9134685010861694	0.6415640839971035	0.6332367849384504	0.81414433985035	0.8145226889505123	1.3961781500242405	0.4166054747838802	0.61316531035613	0.6249371536639511	0.6549154744678963	0.7161797201080284	ok
cross_m10	PRAD	TCGA-PRAD	SRP212704	2	16292	16897	16515	2080	1869	0.45096153846153847	0.4480769230769231	4352	5356	0.5523897058823529	0.5484834558823529	2526	2091	0.49802058590657167	0.4845605700712589	100	100	0.11	0.11	500	500	0.21	0.21	100	100	0.33	0.33	500	500	0.394	0.392	0.9298076923076923	0.6509615384615385	0.6447115384615385	0.8461538461538461	0.9872580749049966	1.474363664935769	0.33038360997047034	0.6436407880259051	0.6521703672293832	0.679655237706582	0.735944021605696	ok
cross_m10	PRAD	TCGA-PRAD	SRP212704	3	16292	16897	16515	1111	1749	0.44104410441044106	0.4365436543654365	1933	6314	0.6932229694774961	0.6896016554578376	1874	1937	0.49039487726787623	0.47011739594450375	100	100	0.14	0.14	500	500	0.246	0.246	100	100	0.33	0.33	500	500	0.308	0.304	0.9108910891089109	0.6741674167416741	0.6687668766876688	0.828982898289829	0.9695726384272895	1.6291397504955036	0.4048560670547794	0.5998061386345641	0.6342016250596048	0.6142451036599967	0.7215197643014977	ok
cross_m10	PRAD	SRP212704	SRP118614	3	13831	16515	13886	1194	347	0.152428810720268	0.14656616415410384	5500	1297	0.16254545454545455	0.15945454545454546	1265	534	0.22687747035573122	0.20237154150197628	100	100	0.09	0.09	500	500	0.14	0.138	100	100	0.2	0.19	500	500	0.234	0.226	0.8065326633165829	0.2370184254606365	0.23031825795644892	0.5996649916247907	0.5759116954538877	1.34383027797156	0.5714401551338792	0.5076901468581921	0.5376921344090425	0.5107202569403199	0.6879473646157183	ok
cross_m10	PRAD	SRP212704	SRP118614	4	14191	16515	14246	1404	676	0.28703703703703703	0.2841880341880342	4836	2340	0.3213399503722084	0.3184449958643507	1468	877	0.34877384196185285	0.33923705722070846	100	100	0.09	0.09	500	500	0.266	0.266	100	100	0.18	0.17	500	500	0.346	0.342	0.8952991452991453	0.42806267806267806	0.4230769230769231	0.7685185185185185	0.8300174698971076	1.4116034261749195	0.4120037862572774	0.6195968395736945	0.6387329006661526	0.6250886810276912	0.7243323233035022	ok
cross_m10	PRAD	SRP212704	SRP114904	0	2	16515	2	1	0	0.0	0.0	1	0	0.0	0.0	1	0	0.0	0.0	2	2	1.0	1.0	2	2	1.0	1.0	1	0	0.0	0.0	1	0	0.0	0.0												ok
cross_m10	PRAD	SRP212704	SRP114904	1	2	16515	2	0	0			2	0	0.0	0.0	0	0			2	2	1.0	0.5	2	2	1.0	0.5	2	0	0.0	0.0	2	0	0.0	0.0												ok
cross_m10	PRAD	SRP212704	SRP114904	2	2	16515	2	1	0	0.0	0.0	2	0	0.0	0.0	1	0	0.0	0.0	2	2	1.0	1.0	2	2	1.0	1.0	2	0	0.0	0.0	2	0	0.0	0.0												ok
cross_m10	PRAD	SRP212704	SRP114904	3	2	16515	2	0	0			0	1			0	0			2	2	1.0	1.0	2	2	1.0	1.0	0	1			0	1														ok
cross_m10	PRAD	SRP212704	SRP114904	4	2	16515	2	1	0	0.0	0.0	2	0	0.0	0.0	1	0	0.0	0.0	2	2	1.0	0.5	2	2	1.0	0.5	2	0	0.0	0.0	2	0	0.0	0.0												ok
cross_m10	PRAD	SRP212704	SRP027258	0	14188	16515	14504	950	4596	0.6621052631578948	0.4673684210526316	3866	8614	0.6334712881531298	0.40403517847904813	1062	4903	0.7335216572504708	0.4905838041431262	100	100	0.01	0.01	500	500	0.08	0.064	100	100	0.07	0.05	500	500	0.224	0.182	0.651578947368421	0.7442105263157894	0.5210526315789473	0.8736842105263157	2.1706723393168965	1.3825272911668849	-0.5700755805585573	0.14700938407847122	0.14403247826801388	0.19265529687748245	0.5577248378911757	ok
cross_m10	PRAD	SRP119917	TCGA-PRAD	3	16637	16788	16897	652	1163	0.4401840490797546	0.4325153374233129	1767	1985	0.34125636672325976	0.33729485002829657	1051	1995	0.5585156993339676	0.5080875356803045	100	100	0.22	0.22	500	500	0.264	0.264	100	100	0.38	0.38	500	500	0.38	0.374	0.906441717791411	0.44631901840490795	0.4386503067484663	0.6578574799433694	1.2077164411248296	1.535562433919249	0.21350222273779584	0.47284839361720876	0.5106909980405918	0.5210138117803659	0.6748211817034321	ok
cross_m10	PRAD	SRP119917	TCGA-PRAD	4	16637	16788	16897	1263	2693	0.4718923198733175	0.4576405384006334	3113	5468	0.4895599100546097	0.4776742691937038	1741	3145	0.5646180356117174	0.5157955198161975	100	100	0.06	0.06	500	500	0.104	0.104	100	100	0.24	0.22	500	500	0.258	0.25	0.8638163103721298	0.5043547110055424	0.48931116389548696	0.7123251517550805	1.1733616622671024	1.5083164833460572	0.22207197546226454	0.5328834286605935	0.5609671339028345	0.5162098407416932	0.7054757468293562	ok
cross_m10	PRAD	SRP119917	SRP118614	0	13754	16788	13886	526	486	0.26806083650190116	0.2661596958174905	1405	1574	0.24199288256227758	0.2412811387900356	977	635	0.28249744114636643	0.26509723643807576	100	100	0.08	0.08	500	500	0.108	0.108	100	100	0.22	0.22	500	500	0.278	0.276	0.8916349809885932	0.37832699619771865	0.376425855513308	0.7414448669201521	0.7704927854886559	1.3648782921355571	0.4354860869806171	0.5130448417310047	0.526566208132825	0.5281240236367815	0.681038243420096	ok
cross_m10	PRAD	SRP119917	SRP118614	1	13466	16788	13526	1599	484	0.1957473420888055	0.1957473420888055	4262	1646	0.24448615673392773	0.24448615673392773	1773	593	0.22729836435420192	0.2233502538071066	100	100	0.07	0.07	500	500	0.202	0.202	100	100	0.24	0.24	500	500	0.338	0.338	0.9337085678549093	0.3758599124452783	0.3758599124452783	0.7109304426377596	0.669198007815169	1.4572646199663861	0.5407848384937768	0.6756843119781583	0.6744511512754855	0.69344111102648	0.7445418090004455	ok
cross_m10	PRAD	SRP118614	TCGA-PRAD	0	13763	13886	16897	485	652	0.3030927835051546	0.30103092783505153	1573	1484	0.23903369357914814	0.23458359821996186	636	1076	0.4371069182389937	0.41037735849056606	100	100	0.08	0.08	500	500	0.132	0.132	100	100	0.17	0.16	500	500	0.272	0.27	0.9608247422680413	0.3670103092783505	0.3649484536082474	0.8487972508591064	0.9195404202912415	1.2541501076907593	0.2668019444782632	0.47010423821083597	0.4734870148193578	0.48555715688714896	0.6671510571823004	ok
cross_m10	PRAD	SRP118614	TCGA-PRAD	1	13463	13526	16897	484	2003	0.6735537190082644	0.6714876033057852	1646	5379	0.6269744835965978	0.6233292831105711	592	2154	0.7077702702702703	0.6959459459459459	100	100	0.1	0.1	500	500	0.16	0.16	100	100	0.25	0.24	500	500	0.342	0.34	0.9669421487603306	0.743801652892562	0.7417355371900827	0.9468713105076741	1.408670169314191	1.2874073415780805	-0.09419149931789939	0.5925285654255686	0.5801704100589525	0.6382930016536884	0.7037064547277724	ok
cross_m10	PRAD	SRP118614	TCGA-PRAD	2	15117	15325	16897	1251	1790	0.48840927258193445	0.4860111910471623	3619	4016	0.45288753799392095	0.44432163581099754	1564	2129	0.5453964194373402	0.5249360613810742	100	100	0.06	0.06	500	500	0.138	0.138	100	100	0.33	0.32	500	500	0.31	0.308	0.9600319744204636	0.5819344524380495	0.5795363709032774	0.8920863309352518	1.0847069021041673	1.2970494744204633	0.1637120067537694	0.596641795584765	0.6095040749740571	0.6114954855254402	0.7197856717602699	ok
cross_m10	PRAD	SRP118614	TCGA-PRAD	3	13826	13886	16897	346	743	0.30346820809248554	0.30346820809248554	1296	1525	0.22376543209876543	0.2222222222222222	538	1193	0.5055762081784386	0.4795539033457249	100	100	0.07	0.07	500	500	0.108	0.108	100	100	0.17	0.17	500	500	0.198	0.198	0.930635838150289	0.3352601156069364	0.3352601156069364	0.8410404624277457	0.9655104156372117	1.2593742729912831	0.23334116287454554	0.49825739122038076	0.49289102303704463	0.5330480147944824	0.6762621148560682	ok
cross_m10	PRAD	SRP119917	SRP027258	3	14277	16788	14504	407	4571	0.6339066339066339	0.4643734643734644	1497	8509	0.6312625250501002	0.4121576486305945	565	4863	0.7115044247787611	0.4902654867256637	100	100	0.03	0.03	500	500	0.058	0.04	100	100	0.03	0.02	500	500	0.15	0.116	0.6805896805896806	0.7567567567567568	0.5454545454545454	0.8443898443898443	1.9569641116605228	1.4854322200528935	-0.3174375008445951	0.11814564774018889	0.10924411404841446	0.15020954617290894	0.5445121524129719	ok
cross_m10	PRAD	SRP119917	SRP027258	4	14277	16788	14504	871	4465	0.6946039035591275	0.5453501722158438	2643	8744	0.6799091940976163	0.4782444192205827	1089	4744	0.751147842056933	0.5674931129476584	100	100	0.02	0.02	500	500	0.076	0.07	100	100	0.1	0.09	500	500	0.228	0.19	0.7164179104477612	0.7520091848450058	0.5855338691159586	0.8564867967853043	2.311196015582117	1.44181769125872	-0.6029738222759786	0.21510484889954018	0.20279748075783974	0.2901417764979405	0.5729494991945087	ok
cross_m10	PRAD	SRP119917	SRP002628	0	15687	16788	15696	701	1046	0.3152639087018545	0.3152639087018545	1635	2681	0.3039755351681957	0.3033639143730887	1355	1514	0.44649446494464945	0.43690036900369006	100	100	0.0	0.0	500	500	0.072	0.072	100	100	0.23	0.23	500	500	0.23	0.23	0.9144079885877318	0.39514978601997147	0.39514978601997147	0.6841247197880579	0.9054333166328793	1.4270570896410402	0.36552411027884624	0.48463033747485745	0.4508319818750724	0.5560871604718207	0.6347293937655384	ok
cross_m10	PRAD	SRP119917	SRP002628	1	15687	16788	15696	2162	606	0.18408880666049954	0.18362627197039777	5030	1316	0.17614314115308152	0.17594433399602386	2474	1155	0.3213419563459984	0.3177041228779305	100	100	0.09	0.09	500	500	0.146	0.146	100	100	0.2	0.2	500	500	0.268	0.268	0.9417206290471786	0.2696577243293247	0.26919518963922295	0.7980265186555658	0.7692247338535223	1.4987543747313958	0.4867573053847589	0.5950928822714996	0.5831910533148734	0.6658766036746214	0.6862370115382164	ok
cross_m10	PRAD	SRP118614	TCGA-PRAD	4	14184	14246	16897	675	1997	0.5822222222222222	0.5748148148148148	2339	4679	0.5421120136810603	0.5348439504061565	875	2228	0.6148571428571429	0.5988571428571429	100	100	0.05	0.05	500	500	0.234	0.234	100	100	0.17	0.17	500	500	0.306	0.304	0.9451851851851852	0.6488888888888888	0.6414814814814814	0.8814814814814814	1.280887052434465	1.2774603940730616	-0.0026823989043434082	0.5366833810830232	0.5305050798480141	0.582374360266077	0.6771009588268472	ok
cross_m10	PRAD	SRP118614	SRP119917	0	13754	13886	16788	486	526	0.29012345679012347	0.2880658436213992	1574	1405	0.21601016518424396	0.2153748411689962	635	977	0.4346456692913386	0.4078740157480315	100	100	0.08	0.08	500	500	0.108	0.108	100	100	0.22	0.22	500	500	0.278	0.276	0.9403292181069959	0.345679012345679	0.3436213991769547	0.8118753674309229	0.9335564008591027	1.2537534914972013	0.25539078679312555	0.5130448417310047	0.526566208132825	0.5281240236367813	0.681038243420096	ok
cross_m10	PRAD	SRP118614	SRP119917	1	13466	13526	16788	484	1599	0.6466942148760331	0.6466942148760331	1646	4262	0.6330498177399757	0.6330498177399757	593	1773	0.6795952782462057	0.6677908937605397	100	100	0.07	0.07	500	500	0.202	0.202	100	100	0.24	0.24	500	500	0.338	0.338	0.9628099173553719	0.7210743801652892	0.7210743801652892	0.8760330578512396	1.411303114241035	1.2874073415780805	-0.09623665227128919	0.6756843119781583	0.6744511512754855	0.69344111102648	0.7445418090004455	ok
cross_m10	PRAD	SRP118614	SRP119917	2	15118	15325	16788	1256	348	0.09474522292993631	0.09315286624203821	3624	918	0.08416114790286976	0.07698675496688742	1562	686	0.18373879641485275	0.1677336747759283	100	100	0.05	0.05	500	500	0.076	0.074	100	100	0.28	0.28	500	500	0.212	0.212	0.7372611464968153	0.13455414012738853	0.1305732484076433	0.5329087048832268	0.3261564746202289	1.2974726561450822	0.7486216969001322	0.2432101379093686	0.2448527215702155	0.33394113839540723	0.5789787008863606	ok
cross_m10	PRAD	SRP212704	SRP119917	0	16315	16515	16788	1439	751	0.29812369701181374	0.29673384294649063	4480	1688	0.26339285714285715	0.2629464285714286	1697	1530	0.4955804360636417	0.4696523276370065	100	100	0.26	0.26	500	500	0.344	0.344	100	100	0.42	0.42	500	500	0.358	0.356	0.9166087560806115	0.33425990271021544	0.3328700486448923	0.8239518183924021	0.995639667929003	1.448464433410957	0.3126240141192883	0.6352485605152831	0.671655775255128	0.6660697108292494	0.7359485136377567	ok
cross_m10	PRAD	SRP212704	SRP119917	1	16315	16515	16788	1866	2323	0.6468381564844587	0.6452304394426581	5857	5203	0.5898924364008878	0.588868021171248	1999	2732	0.7108554277138569	0.7008504252126063	100	100	0.19	0.19	500	500	0.328	0.328	100	100	0.45	0.45	500	500	0.506	0.504	0.9614147909967846	0.7047159699892819	0.7031082529474812	0.8704894605216149	1.4086373268275811	1.4479545954969937	0.027153661303804477	0.7434538203144317	0.7775786484265343	0.7733361483543787	0.7862703034017775	ok
cross_m10	PRAD	SRP212704	SRP119917	2	16315	16515	16788	1865	419	0.13512064343163538	0.13351206434316354	5353	1004	0.11246030263403699	0.11077900242854474	2081	885	0.25708793849111006	0.23209995194617972	100	100	0.17	0.17	500	500	0.21	0.21	100	100	0.34	0.33	500	500	0.268	0.264	0.8064343163538874	0.17372654155495978	0.17211796246648794	0.5460232350312777	0.5436726146205888	1.4752522312943146	0.6314714168277537	0.4424822135391379	0.47518679864564195	0.5183940383933878	0.6552865461231995	ok
cross_m10	PRAD	SRP212704	SRP119917	3	16315	16515	16788	1750	629	0.19714285714285715	0.188	6315	1743	0.1634204275534442	0.15613618368962787	1936	974	0.2856404958677686	0.24431818181818182	100	100	0.19	0.19	500	500	0.244	0.244	100	100	0.34	0.31	500	500	0.332	0.316	0.8125714285714286	0.2622857142857143	0.25314285714285717	0.5988571428571429	0.6453069082855205	1.4118882942970163	0.54294761781645	0.4315293586307316	0.4786469419871369	0.4771294662579094	0.6577995709469813	ok
cross_m10	PRAD	SRP118614	SRP119917	3	13834	13886	16788	346	372	0.2023121387283237	0.1994219653179191	1296	1415	0.14351851851851852	0.1381172839506173	538	516	0.28066914498141265	0.24535315985130113	100	100	0.06	0.06	500	500	0.104	0.102	100	100	0.26	0.26	500	500	0.184	0.18	0.869942196531792	0.27167630057803466	0.2658959537572254	0.6820809248554913	0.5694926632699435	1.2593742729912831	0.5477971279202991	0.3060345080706573	0.28440350399868536	0.3670873036358267	0.5998265143848489	ok
cross_m10	PRAD	SRP118614	SRP119917	4	14196	14246	16788	676	874	0.39497041420118345	0.39349112426035504	2340	2627	0.3888888888888889	0.38675213675213677	877	1080	0.45610034207525657	0.4469783352337514	100	100	0.13	0.13	500	500	0.214	0.214	100	100	0.24	0.24	500	500	0.31	0.31	0.9585798816568047	0.5606508875739645	0.5591715976331361	0.9112426035502958	0.8980540309728882	1.2767355887852212	0.29660139588702006	0.5611417681075417	0.5654878332195833	0.6005681538241534	0.6960411383488306	ok
cross_m10	PRAD	SRP118614	SRP212704	0	13730	13886	16515	486	966	0.43209876543209874	0.4176954732510288	1574	3823	0.48602287166454894	0.4726810673443456	631	1095	0.4722662440570523	0.4247226624405705	100	100	0.05	0.05	500	500	0.132	0.128	100	100	0.22	0.21	500	500	0.268	0.26	0.8868312757201646	0.6419753086419753	0.6213991769547325	0.8326474622770919	0.9231715146476952	1.2516394502085313	0.26243015551012805	0.44643663590075916	0.45851592837529304	0.4748756301191689	0.6535324107793153	ok
cross_m10	PRAD	SRP118614	SRP212704	1	13462	13526	16515	485	1233	0.6350515463917525	0.6350515463917525	1647	4903	0.7061323618700668	0.7006678809957498	594	1284	0.67003367003367	0.6397306397306397	100	100	0.1	0.1	500	500	0.212	0.212	100	100	0.24	0.24	500	500	0.366	0.366	0.9463917525773196	0.7835051546391752	0.7752577319587629	0.9175257731958762	1.278119346153672	1.2876895930301995	0.007432107029774704	0.6493827807883703	0.6615461216326405	0.6533242024294541	0.7484029119001634	ok
cross_m10	PRAD	SRP118614	SRP148500	2	15058	15325	16653	1252	241	0.09424920127795527	0.09345047923322684	3621	395	0.05302402651201325	0.05247169290251312	1544	724	0.22085492227979275	0.20595854922279794	100	100	0.05	0.05	500	500	0.118	0.118	100	100	0.22	0.21	500	395	0.168	0.166	0.9153354632587859	0.11261980830670927	0.11182108626198083	0.7284345047923322	0.5809946113760855	1.2974726561450822	0.5522105158637585	0.47813307420454715	0.48848439123919146	0.5124375013575483	0.6557975826803029	ok
cross_m10	PRAD	SRP118614	SRP148500	3	13753	13886	16007	344	202	0.17732558139534885	0.17732558139534885	1293	375	0.08662026295436968	0.08662026295436968	523	532	0.37667304015296366	0.361376673040153	100	100	0.11	0.11	500	500	0.156	0.156	100	100	0.24	0.24	500	375	0.16	0.16	0.9622093023255814	0.19186046511627908	0.19186046511627908	0.8255813953488371	0.7652193397343938	1.2593742729912831	0.39238131495505757	0.5003070966114391	0.4882407607861028	0.5497573709454374	0.6633461790154875	ok
cross_m10	PRAD	SRP118614	SRP148500	4	14176	14246	16653	676	212	0.13609467455621302	0.13609467455621302	2340	363	0.06581196581196581	0.06581196581196581	876	589	0.3150684931506849	0.3093607305936073	100	100	0.06	0.06	500	500	0.154	0.154	100	100	0.19	0.19	500	363	0.186	0.186	0.9615384615384616	0.15680473372781065	0.15680473372781065	0.8055790363482671	0.6894930237923527	1.2767355887852212	0.45995629020697515	0.5678159577597623	0.5667638125263764	0.6066236716122282	0.6920146726862303	ok
cross_m10	PRAD	SRP212704	TCGA-PRAD	0	16292	16515	16897	1440	929	0.21388888888888888	0.2	4481	1804	0.17139031466190582	0.16335639366212898	1705	1604	0.40821114369501466	0.3589442815249267	100	100	0.02	0.02	500	500	0.056	0.052	100	100	0.15	0.12	500	500	0.19	0.17	0.7888888888888889	0.22291666666666668	0.2076388888888889	0.622222222222222	0.7875729919475134	1.4509132966113134	0.457188107802904	0.483287334561726	0.4970235462138376	0.42866273197623633	0.6831573778541615	ok
cross_m10	PRAD	SRP114904	TCGA-PRAD	2	2	2	16897	0	1			0	1			0	1			2	2	1.0	1.0	2	2	1.0	1.0	0	1			0	1														ok
cross_m10	PRAD	SRP114904	TCGA-PRAD	3	2	2	16897	0	1			1	1	1.0	1.0	0	1			2	2	1.0	1.0	2	2	1.0	1.0	1	1	1.0	1.0	1	1	1.0	1.0												ok
cross_m10	PRAD	SRP114904	TCGA-PRAD	4	2	2	16897	0	0			0	0			0	0			2	2	1.0	0.5	2	2	1.0	0.5	0	0			0	0														ok
cross_m10	PRAD	SRP114904	SRP119917	0	2	2	16788	0	0			0	0			0	0			2	2	1.0	1.0	2	2	1.0	1.0	0	0			0	0														ok
cross_m10	PRAD	SRP114904	SRP118614	4	1	2	14246	0	1			0	1			0	1			1	1	1.0	1.0	1	1	1.0	1.0	0	1			0	1														ok
cross_m10	PRAD	SRP114904	SRP212704	0	2	2	16515	0	1			0	1			0	1			2	2	1.0	1.0	2	2	1.0	1.0	0	1			0	1														ok
cross_m10	PRAD	SRP114904	SRP212704	1	2	2	16515	0	0			0	2			0	0			2	2	1.0	0.5	2	2	1.0	0.5	0	2			0	2														ok
cross_m10	PRAD	SRP114904	SRP212704	2	2	2	16515	0	1			0	2			0	1			2	2	1.0	1.0	2	2	1.0	1.0	0	2			0	2														ok
cross_m10	PRAD	SRP114904	SRP119917	1	2	2	16788	0	0			0	0			0	0			2	2	1.0	0.5	2	2	1.0	0.5	0	0			0	0														ok
cross_m10	PRAD	SRP114904	SRP119917	2	2	2	16788	0	0			0	0			0	0			2	2	1.0	0.5	2	2	1.0	0.5	0	0			0	0														ok
cross_m10	PRAD	SRP114904	SRP119917	3	2	2	16788	0	0			1	0	0.0	0.0	0	0			2	2	1.0	1.0	2	2	1.0	1.0	1	0	0.0	0.0	1	0	0.0	0.0												ok
cross_m10	PRAD	SRP114904	SRP119917	4	2	2	16788	0	0			0	0			0	0			2	2	1.0	0.5	2	2	1.0	0.5	0	0			0	0														ok
cross_m10	PRAD	SRP114904	SRP027258	2	2	2	14504	0	1			0	2			0	1			2	2	1.0	0.0	2	2	1.0	0.0	0	2			0	2														ok
cross_m10	PRAD	SRP114904	SRP027258	3	2	2	14504	0	1			1	2	1.0	0.0	0	1			2	2	1.0	0.0	2	2	1.0	0.0	1	2	1.0	0.0	1	2	1.0	0.0												ok
cross_m10	PRAD	SRP114904	SRP027258	4	2	2	14504	0	1			0	2			0	1			2	2	1.0	0.5	2	2	1.0	0.5	0	2			0	2														ok
cross_m10	PRAD	SRP114904	SRP002628	0	2	2	15696	0	0			0	0			0	1			2	2	1.0	0.5	2	2	1.0	0.5	0	0			0	0														ok
cross_m10	PRAD	SRP212704	SRP148500	3	15843	16515	16007	1639	271	0.10006101281269067	0.09884075655887736	6195	450	0.04971751412429379	0.04923325262308313	1789	828	0.2878703186137507	0.27110117384013416	100	100	0.1	0.1	500	500	0.122	0.122	100	100	0.17	0.17	500	450	0.148	0.146	0.8700427089688835	0.11348383160463697	0.11226357535082367	0.6568029286150091	0.6834792596231825	1.396703050286161	0.5106481227465287	0.5399945565536438	0.5677860356055203	0.5725348068378703	0.6948810200088367	ok
cross_m10	PRAD	SRP212704	SRP148500	4	16187	16515	16653	1883	265	0.08815719596388741	0.08656399362719065	5497	419	0.05075495724940877	0.050027287611424415	2037	890	0.26264113892979873	0.24545900834560627	100	100	0.04	0.04	500	500	0.126	0.126	100	100	0.17	0.17	500	419	0.154	0.154	0.8629845990440786	0.09930961232076474	0.09771640998406797	0.6459550362896087	0.6470725224327634	1.4426986194659719	0.5514846179916058	0.5239228001677597	0.5231170373294737	0.5575538266531928	0.6825847902637919	ok
cross_m10	PRAD	SRP114904	TCGA-PRAD	0	2	2	16897	0	0			0	1			0	0			2	2	1.0	1.0	2	2	1.0	1.0	0	1			0	1														ok
cross_m10	PRAD	SRP114904	TCGA-PRAD	1	2	2	16897	0	0			0	1			0	0			2	2	1.0	0.5	2	2	1.0	0.5	0	1			0	1														ok
cross_m10	PRAD	SRP114904	SRP118614	0	1	2	13886	0	0			0	0			0	0			1	1	1.0	1.0	1	1	1.0	1.0	0	0			0	0														ok
cross_m10	PRAD	SRP114904	SRP118614	1	1	2	13526	0	1			0	1			0	1			1	1	1.0	1.0	1	1	1.0	1.0	0	1			0	1														ok
cross_m10	PRAD	SRP114904	SRP118614	2	1	2	15325	0	0			0	0			0	0			1	1	1.0	1.0	1	1	1.0	1.0	0	0			0	0														ok
cross_m10	PRAD	SRP114904	SRP118614	3	1	2	13886	0	0			1	0	0.0	0.0	0	1			1	1	1.0	1.0	1	1	1.0	1.0	1	0	0.0	0.0	1	0	0.0	0.0												ok
cross_m10	PRAD	SRP114904	SRP002628	1	2	2	15696	0	1			0	1			0	1			2	2	1.0	0.5	2	2	1.0	0.5	0	1			0	1														ok
cross_m10	PRAD	SRP114904	SRP002628	2	2	2	15696	0	1			0	1			0	1			2	2	1.0	0.5	2	2	1.0	0.5	0	1			0	1														ok
cross_m10	PRAD	SRP114904	SRP002628	3	2	2	15696	0	0			1	0	0.0	0.0	0	0			2	2	1.0	1.0	2	2	1.0	1.0	1	0	0.0	0.0	1	0	0.0	0.0												ok
cross_m10	PRAD	SRP114904	SRP002628	4	2	2	15696	0	0			0	0			0	0			2	2	1.0	0.5	2	2	1.0	0.5	0	0			0	0														ok
cross_m10	PRAD	SRP114904	SRP148500	0	2	2	16653	0	0			0	0			0	0			2	2	1.0	1.0	2	2	1.0	1.0	0	0			0	0														ok
cross_m10	PRAD	SRP114904	SRP148500	1	2	2	16653	0	0			0	0			0	0			2	2	1.0	0.5	2	2	1.0	0.5	0	0			0	0														ok
cross_m10	PRAD	SRP114904	SRP148500	2	2	2	16653	0	0			0	0			0	0			2	2	1.0	1.0	2	2	1.0	1.0	0	0			0	0														ok
cross_m10	PRAD	SRP114904	SRP148500	3	2	2	16007	0	0			1	0	0.0	0.0	0	0			2	2	1.0	1.0	2	2	1.0	1.0	1	0	0.0	0.0	1	0	0.0	0.0												ok
cross_m10	LIHC	SRP161530	SRP137150	1	15176	15823	15802	2773	3300	0.5196538045438154	0.5142445005409304	4731	5050	0.5191291481716339	0.5106742760515747	3282	3914	0.5813528336380256	0.5618525289457648	100	100	0.22	0.22	500	500	0.354	0.354	100	100	0.36	0.36	500	500	0.498	0.494	0.9177785791561486	0.568698160836639	0.561846375766318	0.8329126096886645	1.251673498901864	1.7014306858011041	0.26434058739658606	0.607229455192101	0.6188475850888465	0.6720761732989273	0.7233790195044808	ok
cross_m10	LIHC	SRP161530	SRP137150	2	15176	15823	15802	2773	3300	0.5196538045438154	0.5142445005409304	4731	5050	0.5191291481716339	0.5106742760515747	3282	3914	0.5813528336380256	0.5618525289457648	100	100	0.22	0.22	500	500	0.354	0.354	100	100	0.36	0.36	500	500	0.498	0.494	0.9177785791561486	0.568698160836639	0.561846375766318	0.8329126096886645	1.2516734989050282	1.7014306858263681	0.2643405874056499	0.6072293941792721	0.618842019768527	0.6714935729887603	0.7233790195044808	ok
cross_m10	LIHC	SRP161530	SRP137150	3	15176	15823	15802	2773	3300	0.5196538045438154	0.5142445005409304	4732	5050	0.5192307692307693	0.510777683854607	3282	3914	0.5813528336380256	0.5618525289457648	100	100	0.22	0.22	500	500	0.354	0.354	100	100	0.36	0.36	500	500	0.498	0.494	0.9177785791561486	0.568698160836639	0.561846375766318	0.8329126096886645	1.2516734992033722	1.7014306857644335	0.2643405872035218	0.6072294905377243	0.6188751867041357	0.6719729786951376	0.7233790195044808	ok
cross_m10	LIHC	SRP161530	SRP137150	4	15176	15823	15802	2773	3300	0.5196538045438154	0.5142445005409304	4733	5050	0.5189097823790407	0.51045848299176	3282	3914	0.5813528336380256	0.5618525289457648	100	100	0.22	0.22	500	500	0.354	0.354	100	100	0.36	0.36	500	500	0.498	0.494	0.9177785791561486	0.568698160836639	0.561846375766318	0.8329126096886645	1.2516734989989104	1.7014306858105048	0.26434058734361254	0.6072294863216559	0.6188505720154663	0.671972969161781	0.7233790195044808	ok
cross_m10	LIHC	SRP137150	SRP050551	1	15265	15802	15968	3302	2563	0.3764385221078134	0.3670502725620836	5052	5182	0.476049089469517	0.46199524940617576	3939	2931	0.42472708809342474	0.40035542015740033	100	100	0.09	0.09	500	500	0.236	0.236	100	100	0.3	0.3	500	500	0.424	0.42	0.8858267716535433	0.5393700787401575	0.5257419745608722	0.7599939430648092	0.8072124799327849	1.5207249839113746	0.46919233360880463	0.5528723138153331	0.5618933241198313	0.6011539384041064	0.7033737307566328	ok
cross_m10	LIHC	SRP137150	SRP050551	2	15265	15802	15968	3302	2935	0.40520896426408237	0.39218655360387644	5052	5612	0.4972288202692003	0.47862232779097386	3939	3244	0.44503681137344503	0.41533384107641536	100	100	0.19	0.19	500	500	0.284	0.284	100	100	0.38	0.38	500	500	0.43	0.428	0.8743185947910357	0.5705632949727438	0.5514839491217444	0.7620489746473997	0.8267480603928961	1.5207249839321064	0.45634610522726393	0.5300626457323337	0.5492226611858712	0.5923357274738422	0.6985260399606944	ok
cross_m10	LIHC	SRP137150	SRP050551	3	15265	15802	15968	3302	2768	0.3949121744397335	0.3812840702604482	5052	5325	0.4758511480601742	0.45902612826603323	3939	3116	0.4389438943894389	0.40924092409240925	100	100	0.13	0.13	500	500	0.254	0.254	100	100	0.39	0.39	500	500	0.41	0.408	0.8725015142337977	0.5484554815263477	0.530587522713507	0.7920452251160912	0.8270085820532147	1.5207249850686972	0.45617479151507767	0.5234329405761678	0.5358487828007679	0.5827570236301118	0.6915165411071078	ok
cross_m10	LIHC	SRP137150	SRP050551	4	15265	15802	15968	3302	2897	0.41429436705027256	0.4049061175045427	5052	5459	0.49623911322248615	0.4831749802058591	3939	3315	0.4656004061944656	0.43945163747143945	100	100	0.16	0.16	500	500	0.256	0.256	100	100	0.38	0.38	500	500	0.416	0.412	0.889763779527559	0.5681405208964264	0.5554209569957601	0.762433541961101	0.8786093424882451	1.5207249842949215	0.42224310670110476	0.5544496245220742	0.5699581419717139	0.6111118088888579	0.7058630854896822	ok
cross_m10	PRAD	SRP114904	SRP212704	3	2	2	16515	0	0			1	0	0.0	0.0	0	0			2	2	1.0	1.0	2	2	1.0	1.0	1	0	0.0	0.0	1	0	0.0	0.0												ok
cross_m10	PRAD	SRP114904	SRP212704	4	2	2	16515	0	1			0	2			0	1			2	2	1.0	0.5	2	2	1.0	0.5	0	2			0	2														ok
cross_m10	PRAD	SRP114904	SRP027258	0	2	2	14504	0	1			0	1			0	1			2	2	1.0	0.0	2	2	1.0	0.0	0	1			0	1														ok
cross_m10	PRAD	SRP114904	SRP027258	1	2	2	14504	0	1			0	1			0	1			2	2	1.0	0.5	2	2	1.0	0.5	0	1			0	1														ok
cross_m10	PRAD	SRP212704	SRP119917	4	16315	16515	16788	1908	1215	0.3972746331236897	0.39622641509433965	5526	3062	0.3825551936301122	0.3814694173000362	2069	1632	0.4847752537457709	0.4712421459642339	100	100	0.11	0.11	500	500	0.212	0.212	100	100	0.32	0.32	500	500	0.354	0.354	0.9365828092243187	0.5026205450733753	0.5010482180293501	0.8218029350104821	0.9691106948641804	1.4474959905141758	0.33049162055368775	0.6815232813026461	0.7138560262001724	0.685698714904539	0.7590560833588722	ok
cross_m10	PRAD	SRP212704	SRP118614	0	13730	16515	13886	966	486	0.21739130434782608	0.21014492753623187	3823	1574	0.2001046298718284	0.19461156160083704	1095	631	0.27214611872146116	0.2447488584474886	100	100	0.05	0.05	500	500	0.132	0.128	100	100	0.22	0.21	500	500	0.268	0.26	0.8157349896480331	0.29606625258799174	0.2867494824016563	0.7308488612836437	0.6605956502058608	1.3801114249215967	0.521346147653702	0.44643663590075916	0.45851592837529304	0.47487563011916883	0.6535324107793153	ok
cross_m10	PRAD	SRP212704	SRP118614	1	13462	16515	13526	1233	485	0.24979724249797242	0.24979724249797242	4903	1647	0.2372017132367938	0.2353661023862941	1284	594	0.3099688473520249	0.29595015576323985	100	100	0.1	0.1	500	500	0.212	0.212	100	100	0.24	0.24	500	500	0.366	0.366	0.8961881589618816	0.38280616382806165	0.3819951338199513	0.7152383527079391	0.7481559495626622	1.3853472899805217	0.45995061673439197	0.6493827807883703	0.6615461216326405	0.6533242024294541	0.7484029119001634	ok
cross_m10	PRAD	SRP212704	SRP118614	2	15066	16515	15325	1578	1256	0.3979721166032953	0.39543726235741444	4988	3625	0.4272253408179631	0.42441860465116277	1719	1551	0.4642233856893543	0.44735311227457825	100	100	0.08	0.08	500	500	0.192	0.192	100	100	0.3	0.3	500	500	0.338	0.334	0.8637515842839036	0.48542458808618505	0.4816223067173637	0.7338403041825095	0.9503119334593173	1.442553513452948	0.3412293377008826	0.6170236069760111	0.6565238602184862	0.6336223433845826	0.7348333997079517	ok
cross_m10	LIHC	SRP062885	SRP099053	1	15819	16024	16117	3470	3571	0.6195965417867435	0.6161383285302594	5974	6723	0.6561767659859391	0.6526615333110144	3999	4051	0.6551637909477369	0.638659664916229	100	100	0.36	0.36	500	500	0.412	0.412	100	100	0.45	0.45	500	500	0.58	0.58	0.9507204610951009	0.7118155619596542	0.7080691642651297	0.9034582132564841	1.3746178842606227	1.676597195344377	0.18011440787465172	0.7368523751648209	0.751955694354087	0.79015499755708	0.7809596055376447	ok
cross_m10	LIHC	SRP062885	SRP099053	2	15819	16024	16117	3333	2773	0.489048904890489	0.48514851485148514	6138	5515	0.5324209840338873	0.5283479960899315	3890	3313	0.5370179948586118	0.519280205655527	100	100	0.42	0.42	500	500	0.382	0.382	100	100	0.32	0.32	500	500	0.512	0.512	0.9297929792979298	0.6201620162016201	0.6153615361536153	0.8391839183918391	1.1080017289640922	1.653246745224978	0.3298025644603265	0.6674510983387847	0.6921449906301921	0.731952578267579	0.7508059927934762	ok
cross_m10	LIHC	SRP062885	SRP099053	3	15819	16024	16117	3568	3567	0.5804372197309418	0.5748318385650224	6380	6885	0.6308777429467085	0.624294670846395	4121	4016	0.6127153603494297	0.5908760009706382	100	100	0.37	0.37	500	500	0.418	0.418	100	100	0.45	0.45	500	500	0.594	0.594	0.9290919282511211	0.7009529147982063	0.6945067264573991	0.8646700832799488	1.272916577265486	1.664026645853692	0.23503834482623664	0.6935289620909917	0.724304782636486	0.7677885038576658	0.7592768190151085	ok
cross_m10	LIHC	SRP062885	SRP099053	4	15819	16024	16117	3402	2728	0.48824221046443267	0.48324514991181655	6028	5928	0.5698407431984074	0.5651957531519576	4001	3128	0.5231192201949513	0.5026243439140214	100	100	0.28	0.28	500	500	0.38	0.38	100	100	0.38	0.38	500	500	0.538	0.538	0.9250440917107584	0.6419753086419753	0.6369782480893592	0.8151414200796917	1.0851445999848364	1.6565024627495664	0.3449182090658377	0.6688543656352802	0.7021907588056092	0.7304977158178093	0.7572539351412858	ok
cross_m10	PRAD	SRP212704	SRP002628	0	15599	16515	15696	1294	1039	0.2635239567233385	0.2581143740340031	4317	2674	0.2640722724113968	0.26082927959230945	1484	1482	0.3921832884097035	0.3665768194070081	100	100	0.02	0.02	500	500	0.076	0.076	100	100	0.23	0.21	500	500	0.224	0.214	0.8601236476043277	0.321483771251932	0.3160741885625966	0.7029022840460244	0.8078227616782601	1.4226558448252449	0.4321727460533571	0.4533445653437125	0.46164124470888607	0.5065447820764977	0.6408744150266042	ok
cross_m10	PRAD	SRP212704	SRP002628	1	15599	16515	15696	1691	600	0.21230041395623891	0.21230041395623891	5648	1310	0.1616501416430595	0.1612960339943343	1789	1130	0.3722750139742873	0.36444941307993295	100	100	0.02	0.02	500	500	0.114	0.114	100	100	0.29	0.29	500	500	0.25	0.25	0.9331756357185098	0.2690715552927262	0.2690715552927262	0.8060319337670017	0.8419974121893271	1.4299082138033932	0.41115282501265604	0.5766615189636556	0.582708950985987	0.6469621321352858	0.6926726072184114	ok
cross_m10	PRAD	SRP212704	SRP002628	2	15599	16515	15696	1706	1148	0.3909730363423212	0.3898007033997655	5170	2773	0.3603481624758221	0.35918762088974854	1860	1537	0.5043010752688172	0.49731182795698925	100	100	0.05	0.05	500	500	0.214	0.214	100	100	0.33	0.33	500	500	0.368	0.368	0.9560375146541618	0.49648300117233296	0.49531066822977726	0.8593200468933176	0.9967607447201667	1.4562480288243171	0.3155281758390509	0.6253386269951005	0.6452618222816051	0.6943357384746582	0.7083787422270659	ok
cross_m10	PRAD	SRP212704	SRP002628	3	15599	16515	15696	1589	3	0.0012586532410320957	0.0012586532410320957	6126	3	0.0004897159647404506	0.0004897159647404506	1723	529	0.2118398142774231	0.2066163668020894	100	100	0.07	0.07	500	500	0.142	0.142	100	3	0.0	0.0	500	3	0.0	0.0	0.933920704845815	0.0012586532410320957	0.0012586532410320957	0.7377805747849799	0.6384371145538649	1.3933380518015954	0.5417930962781348	0.66528607408146	0.6684268713015858	0.6874453080754299	0.7390858388358228	ok
cross_m10	PRAD	SRP027258	SRP212704	4	14188	14504	16515	4402	1232	0.17878237164925034	0.11721944570649705	8677	4671	0.34458914371326493	0.21608850985363606	4671	1306	0.19524727039177905	0.12481267394562193	100	100	0.03	0.03	500	500	0.082	0.064	100	100	0.08	0.08	500	500	0.246	0.178	0.6015447523852794	0.4157201272149023	0.26737846433439344	0.6433439345751931	0.4261234496157011	1.9756947607827335	0.7843171637268103	0.14600194369383482	0.14434455521002434	0.17483874655426582	0.5595573724274034	ok
cross_m10	PRAD	SRP027258	SRP114904	0	2	14504	2	1	0	0.0	0.0	1	0	0.0	0.0	1	0	0.0	0.0	2	2	1.0	0.0	2	2	1.0	0.0	1	0	0.0	0.0	1	0	0.0	0.0												ok
cross_m10	PRAD	SRP027258	SRP114904	1	2	14504	2	1	0	0.0	0.0	1	0	0.0	0.0	1	0	0.0	0.0	2	2	1.0	0.5	2	2	1.0	0.5	1	0	0.0	0.0	1	0	0.0	0.0												ok
cross_m10	PRAD	SRP027258	SRP114904	2	2	14504	2	1	0	0.0	0.0	2	0	0.0	0.0	1	0	0.0	0.0	2	2	1.0	0.0	2	2	1.0	0.0	2	0	0.0	0.0	2	0	0.0	0.0												ok
cross_m10	LIHC	SRP161530	TCGA-LIHC	3	15540	15823	16307	2842	4060	0.6210415200562984	0.6164672765657987	4799	6969	0.6301312773494478	0.620754323817462	3425	4637	0.6797080291970803	0.6624817518248175	100	100	0.23	0.23	500	500	0.314	0.314	100	100	0.4	0.4	500	500	0.538	0.538	0.9363124560168895	0.6798029556650246	0.6741731175228712	0.8662913441238564	1.4535253482267556	1.7156426151781425	0.15278080914548176	0.6600346472245932	0.655830669238497	0.7361590684049064	0.7414414414414414	ok
cross_m10	LIHC	SRP161530	TCGA-LIHC	4	15540	15823	16307	2843	2959	0.5754484699261344	0.5722827998593035	4801	4571	0.5413455530097896	0.538012913976255	3425	3730	0.6516788321167883	0.6353284671532847	100	100	0.16	0.16	500	500	0.346	0.346	100	100	0.4	0.4	500	500	0.552	0.55	0.950756243404854	0.6493141048188533	0.6461484347520225	0.8682569628753238	1.3694428164328794	1.715711314194623	0.2018221217619507	0.6913220790741208	0.7072653921064261	0.7472568735592087	0.7666666666666667	ok
cross_m10	LIHC	SRP161530	SRP068976	0	15455	15823	16012	2800	3592	0.6896428571428571	0.6875	4756	5773	0.6709419680403701	0.6688393608074011	3363	4099	0.7175141242937854	0.7082961641391614	100	100	0.46	0.46	500	500	0.47	0.47	100	100	0.51	0.51	500	500	0.606	0.606	0.9635714285714285	0.7510714285714286	0.7485714285714286	0.9142857142857143	1.5288304271422601	1.7002232749154493	0.1008060825315501	0.753420872446147	0.7702303543017012	0.8098029350501035	0.794564865739243	ok
cross_m10	LIHC	SRP161530	SRP068976	1	15455	15823	16012	2800	3280	0.6378571428571429	0.635	4756	5280	0.6230025231286795	0.6213204373423045	3363	3941	0.68004757656854	0.6687481415402914	100	100	0.3	0.3	500	500	0.406	0.406	100	100	0.45	0.45	500	500	0.578	0.576	0.9442857142857143	0.6925	0.6896428571428571	0.8761904761904762	1.4479240845480592	1.700223274946552	0.14839179895735988	0.7261448379933472	0.74957024519271	0.7752520318775269	0.7796182465221612	ok
cross_m10	PRAD	SRP212704	TCGA-PRAD	1	16292	16515	16897	1867	2762	0.566148901981789	0.562935190144617	5857	6373	0.5535256957486768	0.5425985999658528	2004	3114	0.6312375249500998	0.6122754491017964	100	100	0.12	0.12	500	500	0.184	0.184	100	100	0.37	0.37	500	500	0.39	0.386	0.9169791108730584	0.6218532404927691	0.6175682913765399	0.8408447471114852	1.2453726490769368	1.4482151169924016	0.14006376921180075	0.61316531035613	0.6249371536639511	0.6549154744678963	0.7161797201080284	ok
cross_m10	PRAD	SRP212704	TCGA-PRAD	2	16292	16515	16897	1869	2080	0.50187265917603	0.4986623863028357	5356	4352	0.44884241971620614	0.4456684092606423	2091	2526	0.6016260162601627	0.5853658536585366	100	100	0.11	0.11	500	500	0.21	0.21	100	100	0.33	0.33	500	500	0.394	0.392	0.9250936329588015	0.5478865703584804	0.5441412520064205	0.8471298631812275	1.1775855788657232	1.4779370905422828	0.20322347520648187	0.6436407880259051	0.6521703672293832	0.679655237706582	0.735944021605696	ok
cross_m10	PRAD	SRP212704	TCGA-PRAD	3	16292	16515	16897	1749	1111	0.2801600914808462	0.2773013150371641	6314	1933	0.21222679759265126	0.21111815014254037	1937	1874	0.47444501806917916	0.45482705214248836	100	100	0.14	0.14	500	500	0.246	0.246	100	100	0.33	0.33	500	500	0.308	0.304	0.8902229845626072	0.3053173241852487	0.3024585477415666	0.6912521440823327	0.9548225572518747	1.4128528770994608	0.32418826282033475	0.5998061386345641	0.6342016250596048	0.6142451036599967	0.7215197643014977	ok
cross_m10	PRAD	SRP212704	TCGA-PRAD	4	16292	16515	16897	1907	2559	0.5212375458835868	0.5138961719979025	5523	5331	0.48343291689299295	0.47655259822560203	2077	2974	0.5970149253731343	0.5767934520943668	100	100	0.23	0.23	500	500	0.274	0.274	100	100	0.17	0.16	500	500	0.312	0.31	0.891976927110645	0.5736759307813319	0.5652857891976927	0.7673642560900034	1.2017002253067894	1.4479163778098045	0.17004859968187858	0.5872366397704208	0.5996576553390853	0.6127000758717087	0.7068499877240363	ok
cross_m10	PRAD	SRP002628	SRP114904	0	2	15696	2	0	0			0	0			1	0	0.0	0.0	2	2	1.0	0.5	2	2	1.0	0.5	0	0			0	0														ok
cross_m10	PRAD	SRP002628	SRP114904	1	2	15696	2	1	0	0.0	0.0	1	0	0.0	0.0	1	0	0.0	0.0	2	2	1.0	0.5	2	2	1.0	0.5	1	0	0.0	0.0	1	0	0.0	0.0												ok
cross_m10	PRAD	SRP002628	SRP114904	2	2	15696	2	1	0	0.0	0.0	1	0	0.0	0.0	1	0	0.0	0.0	2	2	1.0	0.5	2	2	1.0	0.5	1	0	0.0	0.0	1	0	0.0	0.0												ok
cross_m10	PRAD	SRP002628	SRP114904	3	2	15696	2	0	0			0	1			0	0			2	2	1.0	1.0	2	2	1.0	1.0	0	1			0	1														ok
cross_m10	PRAD	SRP027258	SRP118614	1	12495	14504	13526	3712	394	0.07300646551724138	0.060075431034482756	7479	1512	0.13638186923385479	0.09840887819227169	3914	459	0.0886561062851303	0.07051609606540624	100	100	0.04	0.04	500	500	0.096	0.088	100	100	0.14	0.14	500	500	0.206	0.172	0.6228448275862069	0.1869612068965517	0.14170258620689655	0.4414511494252873	0.341097453544281	1.9637630681505982	0.8263041712738215	0.19465892607274776	0.19210818264886648	0.2460765390919711	0.5735094037615046	ok
cross_m10	PRAD	SRP027258	SRP118614	2	13578	14504	15325	4239	1021	0.1523944326492097	0.11960368011323426	8164	3309	0.2659235668789809	0.19928956393924546	4497	1195	0.17989770958416723	0.1400933955970647	100	100	0.01	0.01	500	500	0.1	0.092	100	100	0.09	0.09	500	500	0.214	0.188	0.6633640009436188	0.32625619249823073	0.2505307855626327	0.5889360698277895	0.4717136406014804	2.0633583530906794	0.7713854988422606	0.2716784539624942	0.2574535593412498	0.2976096380302364	0.5954485196641626	ok
cross_m10	PRAD	SRP027258	SRP118614	3	12788	14504	13886	3796	282	0.0505795574288725	0.04162276080084299	7524	1187	0.1032695374800638	0.07389686337054759	4032	404	0.07142857142857142	0.059027777777777776	100	100	0.02	0.02	500	500	0.09	0.07	100	100	0.12	0.12	500	500	0.168	0.14	0.6159114857744995	0.14120126448893572	0.10432033719704953	0.4567380868750731	0.33115498641143404	1.9585397915311564	0.83091740701753	0.18820357726336487	0.17524885768804496	0.23887181853102843	0.5635752267751016	ok
cross_m10	PRAD	SRP027258	SRP118614	4	13038	14504	14246	3813	539	0.0904799370574351	0.06530291109362707	7962	2147	0.1780959557900025	0.11379050489826677	4019	663	0.11122169693953719	0.08086588703657627	100	100	0.01	0.01	500	500	0.1	0.084	100	100	0.06	0.06	500	500	0.218	0.176	0.5927091528979805	0.22449514817728822	0.15263571990558616	0.4644636768948335	0.3767405790108684	1.9022661272910655	0.801951696660147	0.1420063975502128	0.14172347024869303	0.18670323272044675	0.5537659150176407	ok
cross_m10	PRAD	SRP027258	SRP212704	0	14188	14504	16515	4596	950	0.13685813751087902	0.09660574412532637	8614	3866	0.2843046203854191	0.1813327141862085	4903	1062	0.15888231694880686	0.10626147256781562	100	100	0.01	0.01	500	500	0.08	0.064	100	100	0.07	0.05	500	500	0.224	0.182	0.5926892950391645	0.3318102697998259	0.21801566579634465	0.6170583115752828	0.37188852011837276	2.1046862861322397	0.823304535897467	0.14700938407847122	0.14403247826801388	0.19265529687748245	0.5577248378911757	ok
cross_m10	PRAD	SRP027258	SRP212704	1	14188	14504	16515	4521	1210	0.170316301703163	0.12054855120548551	8562	5029	0.3666199486101378	0.23288951179630926	4777	1268	0.18505338078291814	0.12811387900355872	100	100	0.02	0.02	500	500	0.07	0.064	100	100	0.1	0.1	500	500	0.24	0.2	0.5916832559168326	0.4072107940721079	0.2683034726830347	0.6431467964314678	0.4247022275157126	2.076174758208624	0.7954400390253484	0.1441851851235025	0.14619258692791215	0.21352042372811533	0.5612489427685368	ok
cross_m10	PRAD	SRP027258	SRP212704	2	14188	14504	16515	4550	1215	0.17296703296703297	0.12351648351648352	8540	4585	0.3407494145199063	0.2336065573770492	4846	1332	0.19686339248865042	0.1341312422616591	100	100	0.01	0.01	500	500	0.08	0.064	100	100	0.11	0.1	500	500	0.258	0.222	0.6281318681318682	0.3975824175824176	0.2806593406593407	0.6448351648351647	0.44083647740753507	2.1043888476918515	0.7905156749471202	0.21035301297731088	0.20708297373362017	0.24946957328372713	0.5814773047645898	ok
cross_m10	PRAD	SRP027258	SRP212704	3	14188	14504	16515	4504	1178	0.16785079928952043	0.12544404973357015	8442	5492	0.4018005212035063	0.273513385453684	4789	1256	0.1847984965546043	0.13698058049697223	100	100	0.0	0.0	500	500	0.08	0.066	100	100	0.16	0.15	500	500	0.254	0.218	0.6261101243339254	0.4515985790408526	0.316607460035524	0.6797291296625221	0.4585674502002205	2.0782672506733815	0.7793510675532035	0.2068163790775826	0.2080488959015259	0.268173599452945	0.5800676628136453	ok
cross_m10	PRAD	SRP027258	TCGA-PRAD	3	14340	14504	16897	4622	869	0.10406750324534833	0.07875378623972307	8562	1686	0.12391964494277038	0.08853071712216772	4917	1338	0.179174293268253	0.1342281879194631	100	100	0.02	0.02	500	500	0.046	0.04	100	100	0.01	0.01	500	500	0.16	0.124	0.6464733881436607	0.1430116832540026	0.10666378191259195	0.5023799221116398	0.4442650058849724	2.110524850310404	0.7895002251124252	0.2231073848021297	0.20997406369907695	0.23028245807236428	0.5809623430962343	ok
cross_m10	PRAD	SRP027258	TCGA-PRAD	4	14340	14504	16897	4513	1967	0.22933746953246179	0.15710170618214048	8794	4673	0.3281783033886741	0.2108255628837844	4798	2204	0.2738641100458524	0.18528553563984992	100	100	0.03	0.03	500	500	0.068	0.058	100	100	0.06	0.06	500	500	0.182	0.122	0.6035896299578994	0.356082428539774	0.24041657434079328	0.6055838688233991	0.5565166288721327	1.9986113582295526	0.7215483507683471	0.1623994447720253	0.1539417237075297	0.17368916516203606	0.555439330543933	ok
cross_m10	PRAD	SRP027258	SRP119917	0	14277	14504	16788	4663	569	0.0802058760454643	0.0649796268496676	8685	1501	0.11352907311456534	0.08773747841105355	4973	1006	0.15081439774783834	0.11321134124271064	100	100	0.02	0.02	500	500	0.06	0.052	100	100	0.04	0.04	500	500	0.148	0.126	0.6686682393309028	0.13703624276217027	0.11301737079133604	0.5221960111516191	0.38719493862131704	2.119156686357472	0.8172881971805257	0.27832108307086	0.26920928510134773	0.2947718654987511	0.6006864187154164	ok
cross_m10	PRAD	SRP027258	SRP119917	1	14277	14504	16788	4586	1669	0.2387701700828609	0.18033144352376798	8631	4479	0.3344919476306338	0.23948557525199862	4846	1857	0.271151465125877	0.1981015270326042	100	100	0.0	0.0	500	500	0.072	0.07	100	100	0.2	0.2	500	500	0.276	0.246	0.6556912341910162	0.39424334932402966	0.2978630614914959	0.6743712748946067	0.5414145415483842	2.0880111450109267	0.7407032319525522	0.2543236007374959	0.2485113963296537	0.3129951965634092	0.5951530433564475	ok
cross_m10	PRAD	SRP119917	SRP002628	2	15687	16788	15696	387	1158	0.28165374677002586	0.268733850129199	970	2783	0.25463917525773194	0.24845360824742269	746	1566	0.4597855227882037	0.37935656836461124	100	100	0.04	0.04	500	500	0.078	0.078	100	100	0.2	0.19	500	500	0.168	0.162	0.7855297157622739	0.31266149870801035	0.2997416020671835	0.681309216192937	0.8805596212906497	1.5940295662699144	0.44758890303948984	0.22044928115206744	0.24333644660725565	0.3246431819770345	0.5529419264359023	ok
cross_m10	PRAD	SRP119917	SRP002628	3	15687	16788	15696	569	3	0.0	0.0	1683	3	0.0005941770647653001	0.0005941770647653001	843	540	0.2277580071174377	0.1826809015421115	100	100	0.01	0.01	500	500	0.078	0.076	100	3	0.0	0.0	500	3	0.0	0.0	0.8066783831282952	0.0	0.0	0.43121904457581095	0.5664234902803829	1.4963102461251634	0.6214531767411271	0.3514956694582499	0.38301520727169236	0.35922096319030145	0.635813093644419	ok
cross_m10	PRAD	SRP119917	SRP002628	4	15687	16788	15696	1124	3	0.0	0.0	2965	3	0.0003372681281618887	0.0003372681281618887	1445	429	0.18200692041522493	0.16816608996539792	100	100	0.11	0.11	500	500	0.146	0.146	100	3	0.0	0.0	500	3	0.0	0.0	0.9074733096085409	0.0	0.0	0.6212506354855107	0.5508402522478821	1.4706666356302955	0.6254485966414789	0.48627828804041867	0.46951681561876024	0.5617824880909669	0.6496462038630714	ok
cross_m10	PRAD	SRP119917	SRP148500	0	16456	16788	16653	757	277	0.10700132100396301	0.10568031704095113	1694	432	0.08028335301062574	0.07969303423848878	1572	963	0.29389312977099236	0.2837150127226463	100	100	0.1	0.1	500	500	0.14	0.14	100	100	0.14	0.14	500	432	0.128	0.126	0.9141347424042272	0.12285336856010567	0.1215323645970938	0.7357992073976222	0.7353065762207985	1.4599638167867999	0.4963528768547719	0.5506370168054292	0.5399327326057903	0.5776595682948049	0.6775036460865338	ok
cross_m10	PRAD	SRP002628	SRP119917	3	15687	15696	16788	3	569	0.0	0.0	3	1683	0.3333333333333333	0.3333333333333333	540	843	0.35555555555555557	0.2851851851851852	100	100	0.01	0.01	500	500	0.078	0.076	3	100	0.0	0.0	3	500	0.0	0.0								0.3514956694582499	0.38301520727169236	0.3592209631903014	0.635813093644419	ok
cross_m10	PRAD	SRP002628	SRP119917	4	15687	15696	16788	3	1124	0.0	0.0	3	2965	0.3333333333333333	0.3333333333333333	429	1445	0.6130536130536131	0.5664335664335665	100	100	0.11	0.11	500	500	0.146	0.146	3	100	0.0	0.0	3	500	0.0	0.0								0.48627828804041867	0.46951681561876024	0.5617824880909669	0.6496462038630714	ok
cross_m10	PRAD	SRP002628	SRP118614	0	13564	15696	13886	850	483	0.17294117647058824	0.17176470588235293	2420	1571	0.2256198347107438	0.22190082644628098	1078	604	0.21057513914656772	0.19851576994434136	100	100	0.02	0.02	500	500	0.124	0.124	100	100	0.08	0.08	500	500	0.208	0.206	0.8070588235294117	0.31176470588235294	0.30823529411764705	0.5970588235294116	0.5570986913312752	1.246160393513195	0.5529478434467864	0.35402650979452455	0.3757200087116304	0.4052027707520357	0.612208787968151	ok
cross_m10	PRAD	SRP002628	SRP118614	1	13351	15696	13526	475	484	0.24421052631578946	0.24421052631578946	1154	1645	0.3310225303292894	0.3310225303292894	735	589	0.28843537414965986	0.2802721088435374	100	100	0.05	0.05	500	500	0.144	0.144	100	100	0.12	0.12	500	500	0.24	0.24	0.9263157894736842	0.40210526315789474	0.40210526315789474	0.7824561403508772	0.7377902237741275	1.2603343673750684	0.41460754949439127	0.5202510261986292	0.5177159115179852	0.5611096647602217	0.6686390532544378	ok
cross_m10	PRAD	SRP027258	SRP114904	3	2	14504	2	1	0	0.0	0.0	2	1	0.5	0.0	1	0	0.0	0.0	2	2	1.0	0.0	2	2	1.0	0.0	2	1	0.5	0.0	2	1	0.5	0.0												ok
cross_m10	PRAD	SRP027258	SRP114904	4	2	14504	2	1	0	0.0	0.0	2	0	0.0	0.0	1	0	0.0	0.0	2	2	1.0	0.5	2	2	1.0	0.5	2	0	0.0	0.0	2	0	0.0	0.0												ok
cross_m10	PRAD	SRP027258	SRP002628	0	13975	14504	15696	4474	783	0.1124273580688422	0.07845328565042467	8472	2351	0.17811614730878186	0.12417374881964117	4765	1036	0.15445960125918154	0.10661070304302203	100	100	0.05	0.05	500	500	0.086	0.074	100	100	0.1	0.1	500	500	0.164	0.14	0.5932051855163165	0.22776039338399642	0.16160035762181493	0.611086276262852	0.46899402131862017	2.075500416453859	0.774033280070389	0.16377681497266408	0.16255358273349466	0.2048192278274682	0.5507692307692308	ok
cross_m10	PRAD	SRP027258	SRP002628	1	13975	14504	15696	4396	445	0.06960873521383075	0.051865332120109194	8413	1123	0.09128729347438488	0.06608819683822656	4639	741	0.11791334339297262	0.0829920241431343	100	100	0.05	0.05	500	500	0.096	0.084	100	100	0.08	0.08	500	500	0.16	0.134	0.6101000909918107	0.12989080982711557	0.09576888080072793	0.5586897179253867	0.41205373068554924	2.0401543722482627	0.7980281608634039	0.20087066604161902	0.20196994127870063	0.23871085605766568	0.5640787119856887	ok
cross_m10	PRAD	SRP027258	SRP119917	2	14277	14504	16788	4614	284	0.04161248374512354	0.03446033810143043	8606	853	0.06507088078085058	0.044271438531257264	4915	552	0.08545269582909461	0.06266531027466939	100	100	0.03	0.03	500	500	0.054	0.038	100	100	0.07	0.05	500	500	0.106	0.088	0.5791070654529692	0.07845687039445166	0.05808409189423494	0.4094061551798872	0.2456073953123361	2.117980987523789	0.8840370160265296	0.12782000157189746	0.10681239447036667	0.20322194369568128	0.541010016109827	ok
cross_m10	PRAD	SRP027258	SRP119917	3	14277	14504	16788	4571	407	0.05644279151170422	0.04134762633996937	8509	1497	0.11105887883417558	0.07251145845575273	4863	565	0.08266502159161011	0.05696072383302488	100	100	0.03	0.03	500	500	0.058	0.04	100	100	0.03	0.02	500	500	0.15	0.116	0.5720848829577773	0.1257930430977904	0.08532049879676219	0.40980578040302384	0.2584899518199418	2.086635170647873	0.8761211564647	0.1181456477401889	0.10924411404841446	0.1502095461729089	0.5445121524129719	ok
cross_m10	PRAD	SRP027258	SRP119917	4	14277	14504	16788	4465	871	0.135498320268757	0.10638297872340426	8744	2643	0.20551235132662396	0.1445562671546203	4744	1089	0.1724283305227656	0.1302698145025295	100	100	0.02	0.02	500	500	0.076	0.07	100	100	0.1	0.09	500	500	0.228	0.19	0.6434490481522956	0.2566629339305711	0.19462486002239643	0.56849570735349	0.3899301845473276	1.9840156832263969	0.8034641621818105	0.21510484889954018	0.20279748075783974	0.2901417764979405	0.5729494991945087	ok
cross_m10	PRAD	SRP027258	SRP118614	0	12644	14504	13886	3863	412	0.07092932953662956	0.05669169039606523	7632	1456	0.1293238993710692	0.0915880503144654	4113	504	0.0899586676391928	0.07099440797471432	100	100	0.05	0.05	500	500	0.094	0.086	100	100	0.13	0.13	500	500	0.204	0.17	0.6425058244887393	0.1713694020191561	0.12736215376650273	0.5547501941496245	0.3484533510948701	2.025647627284394	0.8279792860310998	0.23711141346862316	0.2159047589261754	0.2717350511638248	0.5806706738373932	ok
cross_m10	PRAD	SRP148500	SRP114904	1	2	16653	2	0	0			0	0			0	0			2	2	1.0	0.5	2	2	1.0	0.5	0	0			0	0														ok
cross_m10	PRAD	SRP148500	SRP114904	2	2	16653	2	0	0			0	0			0	0			2	2	1.0	1.0	2	2	1.0	1.0	0	0			0	0														ok
cross_m10	PRAD	SRP148500	SRP114904	3	2	16007	2	0	0			0	1			0	0			2	2	1.0	1.0	2	2	1.0	1.0	0	1			0	1														ok
cross_m10	PRAD	SRP148500	SRP114904	4	2	16653	2	0	0			0	0			0	0			2	2	1.0	0.5	2	2	1.0	0.5	0	0			0	0														ok
cross_m10	PRAD	SRP148500	TCGA-PRAD	1	16548	16653	16897	278	2849	0.6007194244604317	0.5971223021582733	432	6463	0.5439814814814815	0.5300925925925926	989	3239	0.6289180990899899	0.6006066734074823	100	100	0.07	0.07	500	500	0.09	0.09	100	100	0.14	0.14	432	500	0.17592592592592593	0.1736111111111111	0.9568345323741008	0.6402877697841727	0.6366906474820144	0.7937649880095923	1.4267938324901932	1.5605705601224305	0.0857229599549425	0.36947788652089036	0.30666930589648045	0.49762347210875363	0.5952985255015711	ok
cross_m10	PRAD	SRP148500	TCGA-PRAD	2	16548	16653	16897	278	2169	0.5971223021582733	0.5899280575539568	433	4444	0.5242494226327945	0.5150115473441108	989	2643	0.6390293225480284	0.6147623862487361	100	100	0.08	0.08	500	500	0.112	0.11	100	100	0.15	0.15	433	500	0.17551963048498845	0.17090069284064666	0.9388489208633094	0.6330935251798561	0.6258992805755396	0.8621103117505995	1.401508916556773	1.560570560202653	0.10192531353739276	0.43220406572476033	0.39212433407748726	0.5471328940486047	0.6171138506163887	ok
cross_m10	PRAD	SRP148500	TCGA-PRAD	3	15989	16007	16897	282	1075	0.32978723404255317	0.3262411347517731	461	1898	0.3080260303687636	0.30585683297180044	880	1777	0.5409090909090909	0.5136363636363637	100	100	0.09	0.09	500	500	0.126	0.122	100	100	0.16	0.16	461	500	0.14967462039045554	0.1475054229934924	0.8829787234042553	0.35106382978723405	0.3475177304964539	0.7163120567375887	1.063005673704187	1.5356573662936017	0.3077846028441793	0.44866118253826837	0.4385474970524607	0.5203667485458966	0.6430671086371881	ok
cross_m10	PRAD	SRP148500	TCGA-PRAD	4	16548	16653	16897	278	2678	0.5287769784172662	0.5251798561151079	432	5453	0.4861111111111111	0.4652777777777778	989	3119	0.5854398382204247	0.544994944388271	100	100	0.06	0.06	500	500	0.088	0.088	100	100	0.13	0.13	432	500	0.12268518518518519	0.12037037037037036	0.9100719424460432	0.5719424460431655	0.5683453237410072	0.8201438848920863	1.3875961676155004	1.5605705601231148	0.1108404816338252	0.3396463743525562	0.2845643265466088	0.4516262591778448	0.5826686004350979	ok
cross_m10	PRAD	SRP002628	SRP148500	2	15649	15696	16653	1154	248	0.09098786828422877	0.09012131715771231	2779	403	0.06908960057574667	0.06872975890608132	1554	780	0.26833976833976836	0.25418275418275416	100	100	0.04	0.04	500	500	0.124	0.124	100	100	0.08	0.08	500	403	0.148	0.146	0.9194107452339688	0.11265164644714037	0.11178509532062392	0.7425105224065363	0.6567909598307843	1.347560385728786	0.5126074001681347	0.6126748828427419	0.6454344214571547	0.585456731658509	0.7463096683494153	ok
cross_m10	PRAD	SRP002628	SRP148500	3	15537	15696	16007	3	253	0.0	0.0	3	432	0.0	0.0	519	763	0.3159922928709056	0.279383429672447	100	100	0.02	0.02	500	500	0.052	0.052	3	100	0.0	0.0	3	432	0.0	0.0								0.5012647717096722	0.5183451196296842	0.46572427996247995	0.6949861620647486	ok
cross_m10	PRAD	SRP002628	SRP148500	4	15649	15696	16653	2	248	0.0	0.0	2	402	0.0	0.0	425	780	0.40705882352941175	0.3623529411764706	100	100	0.03	0.03	500	500	0.082	0.076	2	100	0.0	0.0	2	402	0.0	0.0								0.4704247002639344	0.4792841574474871	0.45969067121125123	0.674867403667966	ok
cross_m10	PRAD	SRP148500	TCGA-PRAD	0	16548	16653	16897	278	970	0.2446043165467626	0.24100719424460432	433	1845	0.21016166281755197	0.20785219399538107	989	1704	0.5025278058645096	0.474216380182002	100	100	0.06	0.06	500	500	0.088	0.088	100	100	0.09	0.09	433	500	0.11085450346420324	0.10854503464203233	0.9028776978417267	0.2589928057553957	0.25539568345323743	0.7841726618705036	1.0193595197253318	1.560570560119492	0.34680331298363076	0.3987729712289644	0.3523350767163829	0.48334727879075173	0.6114938361131255	ok
cross_m10	PRAD	SRP148500	SRP119917	0	16456	16653	16788	277	757	0.2924187725631769	0.2888086642599278	432	1694	0.3148148148148148	0.3125	963	1572	0.4797507788161994	0.46313603322949115	100	100	0.1	0.1	500	500	0.14	0.14	100	100	0.14	0.14	432	500	0.14814814814814814	0.14583333333333334	0.9530685920577617	0.3249097472924188	0.3212996389891697	0.8916967509025271	0.9891731907236705	1.5590898498218049	0.3655444611888613	0.5506370168054292	0.5399327326057903	0.577659568294805	0.6775036460865338	ok
cross_m10	PRAD	SRP148500	SRP119917	1	16456	16653	16788	277	2366	0.631768953068592	0.628158844765343	431	5245	0.6264501160092807	0.6218097447795824	963	2807	0.660436137071651	0.6220145379023884	100	100	0.11	0.11	500	500	0.13	0.128	100	100	0.13	0.13	431	500	0.16009280742459397	0.15777262180974477	0.9494584837545126	0.6678700361010831	0.6642599277978339	0.9037304452466907	1.4894021788865728	1.5590898498280281	0.04469766187570401	0.49068638264452547	0.48012054266732174	0.5551409879707502	0.6576932425862907	ok
cross_m10	PRAD	SRP148500	SRP119917	2	16456	16653	16788	277	425	0.18411552346570398	0.18050541516245489	432	1011	0.2152777777777778	0.21296296296296297	963	915	0.34371754932502596	0.3073727933541018	100	100	0.08	0.08	500	500	0.12	0.118	100	100	0.13	0.13	432	500	0.15046296296296297	0.14814814814814814	0.8808664259927798	0.22021660649819494	0.21660649819494585	0.6258615031178208	0.7281679030530795	1.5590898498819281	0.5329532142690656	0.37929953380940856	0.38049338032320995	0.43725616840714	0.6188624210014584	ok
cross_m10	PRAD	SRP148500	SRP119917	3	15967	16007	16788	281	598	0.2704626334519573	0.2669039145907473	460	1713	0.31956521739130433	0.3173913043478261	871	907	0.35706084959816303	0.33295063145809417	100	100	0.08	0.08	500	500	0.14	0.138	100	100	0.12	0.12	460	500	0.15869565217391304	0.1565217391304348	0.9288256227758007	0.33807829181494664	0.33451957295373663	0.7330960854092526	0.8158904758418948	1.532377497951501	0.4675656116507936	0.4898725251511572	0.4963461930927467	0.5167428846448056	0.6722615394250642	ok
cross_m10	PRAD	SRP148500	SRP212704	2	16187	16653	16515	265	1841	0.660377358490566	0.6566037735849056	420	5327	0.7023809523809523	0.6976190476190476	890	2050	0.6494382022471911	0.6146067415730337	100	100	0.09	0.09	500	500	0.172	0.172	100	100	0.23	0.23	420	500	0.2	0.2	0.9358490566037736	0.7433962264150943	0.7358490566037735	0.8490566037735849	1.4321215318981986	1.5251949062586283	0.061023921584384855	0.5654189934214262	0.5806628143636848	0.5960322951443924	0.7035275220856243	ok
cross_m10	PRAD	SRP148500	SRP212704	3	15843	16007	16515	271	1639	0.6051660516605166	0.5977859778597786	450	6195	0.6844444444444444	0.6777777777777778	828	1789	0.6219806763285024	0.5857487922705314	100	100	0.1	0.1	500	500	0.122	0.122	100	100	0.17	0.17	450	500	0.16444444444444445	0.1622222222222222	0.915129151291513	0.7195571955719557	0.7084870848708487	0.9114391143911439	1.241678026658881	1.5190551644143906	0.1825984626848236	0.5399945565536438	0.5677860356055203	0.5725348068378703	0.6948810200088367	ok
cross_m10	PRAD	SRP148500	SRP212704	4	16187	16653	16515	265	1883	0.6264150943396226	0.6150943396226415	419	5497	0.665871121718377	0.6563245823389021	890	2037	0.601123595505618	0.5617977528089888	100	100	0.04	0.04	500	500	0.126	0.126	100	100	0.17	0.17	419	500	0.18377088305489261	0.18377088305489261	0.9245283018867925	0.7358490566037735	0.7245283018867924	0.9245283018867925	1.307555698644684	1.5251949039278279	0.1426959955889301	0.5239228001677597	0.5231170373294737	0.5575538266531929	0.6825847902637919	ok
cross_m10	PRAD	SRP148500	SRP114904	0	2	16653	2	0	0			0	0			0	0			2	2	1.0	1.0	2	2	1.0	1.0	0	0			0	0														ok
cross_m10	PRAD	SRP148500	SRP119917	4	16456	16653	16788	277	1236	0.5234657039711191	0.516245487364621	431	3085	0.5359628770301624	0.5290023201856149	963	1674	0.5835929387331257	0.5514018691588785	100	100	0.18	0.18	500	500	0.18	0.178	100	100	0.16	0.16	431	500	0.1925754060324826	0.18793503480278423	0.9458483754512635	0.6028880866425993	0.5956678700361011	0.927797833935018	1.1841442521751593	1.559089849825208	0.2404900510974941	0.4808288779590122	0.4704539849823782	0.5603251354456854	0.6494287797763734	ok
cross_m10	PRAD	SRP148500	SRP118614	0	13734	16653	13886	201	487	0.35323383084577115	0.35323383084577115	351	1575	0.3646723646723647	0.3646723646723647	567	633	0.3862433862433862	0.36860670194003525	100	100	0.09	0.09	500	500	0.194	0.194	100	100	0.25	0.25	351	500	0.23646723646723647	0.23646723646723647	0.8656716417910447	0.42786069651741293	0.42786069651741293	0.7557666214382632	0.9137390703143611	1.4734283426187231	0.37985510127328403	0.5201382981639212	0.5298491024187579	0.5436872329323705	0.6797728265618174	ok
cross_m10	PRAD	SRP148500	SRP118614	1	13449	16653	13526	190	484	0.4	0.4	338	1645	0.39644970414201186	0.39644970414201186	519	592	0.43545279383429675	0.4238921001926782	100	100	0.08	0.08	500	500	0.19	0.19	100	100	0.2	0.2	338	500	0.26331360946745563	0.26331360946745563	0.9157894736842105	0.4842105263157895	0.4842105263157895	0.894736842105263	0.9711227085523249	1.4423027363331782	0.3266859418007848	0.5650334550183672	0.5523351599697751	0.6115706747852703	0.6900141274444197	ok
cross_m10	PRAD	SRP148500	SRP118614	2	15058	16653	15325	241	1252	0.4896265560165975	0.4854771784232365	395	3621	0.4860759493670886	0.4810126582278481	724	1544	0.47099447513812154	0.43922651933701656	100	100	0.05	0.05	500	500	0.118	0.118	100	100	0.22	0.21	395	500	0.21265822784810126	0.21012658227848102	0.8423236514522822	0.5186721991701245	0.5103734439834025	0.7233748271092669	1.114632163136747	1.519055164613682	0.26623325531419106	0.47813307420454715	0.48848439123919146	0.5124375013575483	0.6557975826803029	ok
cross_m10	LIHC	SRP161530	SRP174991	1	15386	15823	15733	2779	1059	0.27743792731198275	0.27671824397265204	4733	1758	0.2670610606380731	0.26642721318402707	3332	1911	0.42316926770708285	0.4144657863145258	100	100	0.1	0.1	500	500	0.284	0.284	100	100	0.3	0.3	500	500	0.41	0.408	0.9514213745951782	0.3501259445843829	0.3494062612450522	0.8470672903922274	0.9070652600270716	1.6994184114555324	0.46624959814918066	0.7069344496040685	0.7216702928519029	0.7470142785925036	0.7720005199532042	ok
cross_m10	LIHC	SRP161530	SRP174991	2	15386	15823	15733	2779	883	0.20151133501259447	0.20043181000359842	4733	1399	0.18994295372913586	0.18867525882104375	3332	1717	0.3556422569027611	0.3394357743097239	100	100	0.1	0.1	500	500	0.2	0.2	100	100	0.22	0.22	500	500	0.344	0.344	0.9172364159769701	0.258006477150054	0.25620726880172723	0.7409139978409499	0.7857058906008266	1.6994184114717459	0.5376618934471926	0.5972363861943345	0.6130693595793271	0.665344442491246	0.7237098661120499	ok
cross_m10	LIHC	SRP161530	SRP174991	3	15386	15823	15733	2779	1594	0.3911478949262325	0.388629003238575	4734	2849	0.38339670468948034	0.38191803971271654	3332	2310	0.4891956782713085	0.47869147659063627	100	100	0.17	0.17	500	500	0.344	0.344	100	100	0.43	0.43	500	500	0.53	0.53	0.9395465994962217	0.4695933789132782	0.4670744872256207	0.8108260936616459	1.0182991085199558	1.6994184114311546	0.40079553000582036	0.665445905588831	0.6716205587317258	0.7432918782392206	0.7434680878720915	ok
cross_m10	LIHC	SRP161530	SRP174991	4	15386	15823	15733	2779	2311	0.5570349046419575	0.5563152213026269	4735	3984	0.5372756071805702	0.5362196409714889	3332	2782	0.5975390156062425	0.5900360144057623	100	100	0.27	0.27	500	500	0.432	0.432	100	100	0.47	0.47	500	500	0.59	0.59	0.964735516372796	0.6739834472831954	0.6732637639438647	0.8838225466509021	1.2379971438569302	1.6994184114618351	0.27151716404436954	0.7359301630943815	0.7482696109965743	0.8023689221387114	0.7775250227479527	ok
cross_m10	PRAD	SRP002628	SRP212704	1	15599	15696	16515	600	1691	0.5983333333333334	0.5983333333333334	1310	5648	0.6969465648854962	0.6954198473282442	1130	1789	0.5893805309734513	0.5769911504424778	100	100	0.02	0.02	500	500	0.114	0.114	100	100	0.29	0.29	500	500	0.25	0.25	0.9633333333333334	0.7566666666666667	0.7566666666666667	0.8871794871794871	1.1760090062351862	1.311564812314188	0.10335425653866137	0.5766615189636556	0.582708950985987	0.6469621321352858	0.6926726072184114	ok
cross_m10	PRAD	SRP002628	SRP212704	2	15599	15696	16515	1148	1706	0.5810104529616724	0.5792682926829268	2773	5170	0.6718355571583123	0.6696718355571583	1537	1860	0.6102797657774887	0.6018217306441119	100	100	0.05	0.05	500	500	0.214	0.214	100	100	0.33	0.33	500	500	0.368	0.368	0.9668989547038328	0.7534843205574913	0.75	0.9094076655052264	1.1876065180325244	1.3450969326311841	0.11708480688494927	0.6253386269951005	0.6452618222816051	0.6943357384746582	0.7083787422270659	ok
cross_m10	PRAD	SRP002628	SRP212704	3	15599	15696	16515	3	1589	0.6666666666666666	0.6666666666666666	3	6126	1.0	1.0	529	1723	0.6899810964083176	0.6729678638941399	100	100	0.07	0.07	500	500	0.142	0.142	3	100	0.0	0.0	3	500	0.0	0.0								0.66528607408146	0.6684268713015858	0.6874453080754298	0.7390858388358228	ok
cross_m10	PRAD	SRP002628	SRP212704	4	15599	15696	16515	2	1729	0.0	0.0	2	5317	0.5	0.5	418	1840	0.6961722488038278	0.6842105263157895	100	100	0.04	0.04	500	500	0.09	0.09	2	100	0.0	0.0	2	500	0.0	0.0								0.5884092050560475	0.5898646574530653	0.6442285314468832	0.6944675940765433	ok
cross_m10	LUNG	SRP074349	SRP125001	4	13670	15756	13908	2933	1808	0.13228775997272418	0.10501193317422435	5798	1809	0.1360814073818558	0.09417040358744394	3151	5335	0.4084417645192003	0.292922881624881	100	100	0.01	0.01	500	500	0.086	0.086	100	100	0.15	0.15	500	500	0.156	0.152	0.6017729287419025	0.13228775997272418	0.10501193317422435	0.43987141395937823	0.7932719464858768	1.5432233611004955	0.48596427031782174	0.07493465206609207	0.05777953025937327	0.18240796809447796	0.517629846378932	ok
cross_m10	LUNG	SRP125001	SRP074349	0	14175	14480	15756	95	2770	0.7368421052631579	0.7368421052631579	95	5945	0.8210526315789474	0.8210526315789474	2297	2977	0.42490204614714844	0.3952982150631258	100	100	0.11	0.11	500	500	0.184	0.184	95	100	0.06315789473684211	0.06315789473684211	95	500	0.3473684210526316	0.3473684210526316	0.968421052631579	0.8210526315789474	0.8210526315789474	0.9473684210526315	1.9175062751665872	2.716171340346327	0.294040752627154	0.3679090798107072	0.38378696745509866	0.4489407613706554	0.6312522045855379	ok
cross_m10	LUNG	SRP125001	SRP074349	1	12891	13049	15756	154	2284	0.5064935064935064	0.5064935064935064	154	5087	0.7272727272727273	0.7012987012987013	2450	2449	0.29346938775510206	0.26653061224489794	100	100	0.06	0.06	500	500	0.132	0.132	100	100	0.11	0.11	154	500	0.22727272727272727	0.22727272727272727	0.8506493506493507	0.7272727272727273	0.7012987012987013	0.99999999	1.1154806990485016	2.142367738906204	0.47932342389639626	0.29331327438688837	0.2990786845647185	0.3663313160678891	0.602590954929796	ok
cross_m10	LUNG	SRP125001	SRP074349	2	14173	14480	15756	64	2498	0.53125	0.46875	64	5872	0.609375	0.53125	2376	2682	0.3261784511784512	0.2222222222222222	100	100	0.0	0.0	500	500	0.046	0.044	64	100	0.078125	0.0625	64	500	0.1875	0.171875	0.84375	0.609375	0.53125	0.99999999	1.3390064060620634	3.237704211801274	0.5864333742466498	0.09355398380396539	0.09473881412589347	0.16552915127990783	0.5325619134974953	ok
cross_m10	PRAD	SRP002628	SRP027258	3	13975	15696	14504	3	4379	1.0	1.0	3	8295	1.0	1.0	303	4650	0.801980198019802	0.6006600660066007	100	100	0.07	0.06	500	500	0.102	0.086	3	100	0.0	0.0	3	500	0.0	0.0								0.2054286617898116	0.20687662734279894	0.23051545500791598	0.5718783542039356	ok
cross_m10	PRAD	SRP002628	SRP027258	4	13975	15696	14504	3	4270	0.6666666666666666	0.6666666666666666	3	8536	0.6666666666666666	0.6666666666666666	241	4526	0.8008298755186722	0.5975103734439834	100	100	0.04	0.03	500	500	0.072	0.06	3	100	0.0	0.0	3	500	0.0	0.0								0.16126792469167597	0.16641412527573723	0.19109516415179043	0.5586404293381038	ok
cross_m10	PRAD	SRP002628	SRP148500	0	15649	15696	16653	1043	248	0.07574304889741132	0.07478427612655801	2678	403	0.05974607916355489	0.05937266616878267	1499	780	0.24549699799866578	0.23215476984656438	100	100	0.03	0.03	500	500	0.076	0.076	100	100	0.07	0.07	500	403	0.114	0.112	0.9146692233940557	0.09491850431447747	0.09395973154362416	0.7459252157238734	0.6141167495765911	1.2757521426007636	0.5186237756774248	0.5878696403540962	0.626980773957239	0.546111109724497	0.7411336187615822	ok
cross_m10	PRAD	SRP002628	SRP148500	1	15649	15696	16653	602	248	0.09136212624584718	0.08803986710963455	1312	402	0.07317073170731707	0.07164634146341463	1146	780	0.28883071553228623	0.2670157068062827	100	100	0.04	0.04	500	500	0.09	0.086	100	100	0.11	0.1	500	402	0.114	0.11	0.8920265780730897	0.10631229235880399	0.10299003322259136	0.7757475083056478	0.6890932948169146	1.3141621271364752	0.4756405769214862	0.5685104765123226	0.5995620028625858	0.5307091411402626	0.7262444884657167	ok
cross_m10	PRAD	SRP027258	SRP002628	2	13975	14504	15696	4428	841	0.12579042457091238	0.08897922312556458	8409	2403	0.1872993221548341	0.13212034724699726	4707	1066	0.1631612492033142	0.11302315700021245	100	100	0.04	0.04	500	500	0.106	0.088	100	100	0.12	0.11	500	500	0.2	0.156	0.6034327009936766	0.243676603432701	0.17253839205058719	0.6296296296296295	0.46270237909796563	2.0772299331921062	0.7772502833198995	0.1820328638498871	0.18083213629907063	0.2091372344791205	0.5620035778175313	ok
cross_m10	PRAD	SRP027258	SRP002628	3	13975	14504	15696	4379	3	0.0006850879196163508	0.0006850879196163508	8295	3	0.0003616636528028933	0.0003616636528028933	4650	303	0.052258064516129035	0.03913978494623656	100	100	0.07	0.06	500	500	0.102	0.086	100	3	0.0	0.0	500	3	0.0	0.0	0.6179493034939484	0.0006850879196163508	0.0006850879196163508	0.36591306995508854	0.3051205343375028	2.050079298381085	0.851166472156247	0.20542866178981156	0.20687662734279894	0.23051545500791598	0.5718783542039356	ok
cross_m10	PRAD	SRP027258	SRP002628	4	13975	14504	15696	4270	3	0.000468384074941452	0.000468384074941452	8536	3	0.00023430178069353328	0.00023430178069353328	4526	241	0.042642509942554134	0.031816173221387536	100	100	0.04	0.03	500	500	0.072	0.06	100	3	0.0	0.0	500	3	0.0	0.0	0.5969555035128805	0.000468384074941452	0.000468384074941452	0.3133489461358311	0.2745947812369194	1.9560115020418536	0.8596149455408244	0.16126792469167597	0.16641412527573723	0.19109516415179043	0.5586404293381038	ok
cross_m10	PRAD	SRP027258	SRP148500	0	14245	14504	16653	4649	172	0.02710260271026027	0.018713701871370187	8664	324	0.026200369344413665	0.017659279778393353	4957	560	0.08997377446035909	0.06475690942102078	100	100	0.02	0.02	500	500	0.082	0.066	100	100	0.03	0.02	500	324	0.08	0.062	0.6179823617982362	0.03699720369972037	0.024736502473650248	0.3771659377165937	0.28655161138083896	2.1184114619653607	0.8647327884475332	0.19925150557926335	0.18498535765529858	0.24054417990350843	0.5657423657423657	ok
cross_m10	PRAD	SRP212704	SRP027258	1	14188	16515	14504	1210	4521	0.6363636363636364	0.45041322314049587	5029	8562	0.6241797574070391	0.3965002982700338	1268	4777	0.6971608832807571	0.48264984227129337	100	100	0.02	0.02	500	500	0.07	0.064	100	100	0.1	0.1	500	500	0.24	0.2	0.6628099173553719	0.7231404958677686	0.5041322314049587	0.859504132231405	1.990867115504024	1.3845225840318038	-0.43794484717361026	0.14418518512350248	0.14619258692791215	0.2135204237281153	0.5612489427685368	ok
cross_m10	PRAD	SRP212704	SRP027258	2	14188	16515	14504	1215	4550	0.6477366255144033	0.46255144032921813	4585	8540	0.6346782988004362	0.4351145038167939	1332	4846	0.7162162162162162	0.487987987987988	100	100	0.01	0.01	500	500	0.08	0.064	100	100	0.11	0.1	500	500	0.258	0.222	0.6683127572016461	0.7226337448559671	0.5102880658436214	0.8436213991769547	2.1030586435965843	1.3877151523209328	-0.5154829433686374	0.21035301297731088	0.20708297373362017	0.24946957328372713	0.5814773047645898	ok
cross_m10	PRAD	SRP212704	SRP027258	3	14188	16515	14504	1178	4504	0.6417657045840407	0.4796264855687606	5492	8442	0.6176256372906045	0.4204297159504734	1256	4789	0.7046178343949044	0.5222929936305732	100	100	0.0	0.0	500	500	0.08	0.066	100	100	0.16	0.15	500	500	0.254	0.218	0.7054329371816639	0.7275042444821732	0.5356536502546689	0.8387096774193549	1.992062538587681	1.36553187594541	-0.4588180427560504	0.20681637907758263	0.20804889590152592	0.26817359945294506	0.5800676628136453	ok
cross_m10	PRAD	SRP212704	SRP027258	4	14188	16515	14504	1232	4402	0.6387987012987013	0.41883116883116883	4671	8677	0.640119888674802	0.40141297366730894	1306	4671	0.6983154670750383	0.4464012251148545	100	100	0.03	0.03	500	500	0.082	0.064	100	100	0.08	0.08	500	500	0.246	0.178	0.625	0.713474025974026	0.46834415584415584	0.8106060606060606	1.881564238940117	1.3663304424176643	-0.3770931105148825	0.1460019436938348	0.14434455521002434	0.17483874655426582	0.5595573724274034	ok
cross_m10	PRAD	SRP148500	SRP002628	3	15537	16007	15696	253	3	0.0	0.0	432	3	0.0	0.0	763	519	0.21494102228047182	0.19003931847968544	100	100	0.02	0.02	500	500	0.052	0.052	100	3	0.0	0.0	432	3	0.0	0.0	0.9051383399209486	0.0	0.0	0.5500152021891151	0.5799735325143942	1.496330204006556	0.6124027096683179	0.5012647717096722	0.5183451196296842	0.46572427996248	0.6949861620647486	ok
cross_m10	PRAD	SRP148500	SRP002628	4	15649	16653	15696	248	2	0.0	0.0	402	2	0.0	0.0	780	425	0.22179487179487178	0.19743589743589743	100	100	0.03	0.03	500	500	0.082	0.076	100	2	0.0	0.0	402	2	0.0	0.0	0.9274193548387096	0.0	0.0	0.6415770609318996	0.5444100218934854	1.5101119863796617	0.6394902982005642	0.4704247002639344	0.4792841574474871	0.4596906712112513	0.674867403667966	ok
cross_m10	STAD	TCGA-STAD	SRP172499	0	17065	17534	17152	1991	1832	0.316926167754897	0.2641888498242089	2737	2747	0.3127511874314943	0.2721958348556814	3475	2622	0.3890647482014388	0.3082014388489209	100	100	0.14	0.14	500	500	0.186	0.164	100	100	0.31	0.2	500	500	0.332	0.224	0.8101456554495229	0.3711702661978905	0.31541938724259166	0.7723087225849655	0.774007635205299	1.9254271636923639	0.5980073150515879	0.40900641661758647	0.43030811739315183	0.3177324208991666	0.6541459126867858	ok
cross_m10	STAD	TCGA-STAD	SRP172499	1	17065	17534	17152	3418	2597	0.296664716208309	0.1889994148624927	4658	5727	0.40961786174323744	0.289609274366681	4632	2951	0.37240932642487046	0.231433506044905	100	100	0.04	0.04	500	500	0.08	0.074	100	100	0.22	0.17	500	500	0.25	0.178	0.6082504388531305	0.43739028671737856	0.2884727911059099	0.7091030677923597	0.6629274665400593	2.020016934449849	0.671820837125503	0.19452565327347987	0.23242988075088314	0.1891231652145091	0.5885145033694696	ok
cross_m10	PRAD	TCGA-PRAD	SRP118614	1	13463	16897	13526	2003	484	0.16275586620069896	0.16225661507738393	5379	1646	0.19185722253206916	0.19074177356385946	2154	592	0.19452181987000927	0.19127205199628597	100	100	0.1	0.1	500	500	0.16	0.16	100	100	0.25	0.24	500	500	0.342	0.34	0.909136295556665	0.327009485771343	0.3255117324013979	0.6686787999818454	0.5571647497668418	1.3394156142131728	0.5840239998291024	0.5925285654255686	0.5801704100589525	0.6382930016536884	0.7037064547277724	ok
cross_m10	PRAD	TCGA-PRAD	SRP118614	2	15117	16897	15325	1790	1251	0.34134078212290503	0.3396648044692737	4016	3619	0.4081175298804781	0.40039840637450197	2129	1564	0.40065758572099575	0.38562705495537813	100	100	0.06	0.06	500	500	0.138	0.138	100	100	0.33	0.32	500	500	0.31	0.308	0.8720670391061452	0.49385474860335193	0.48659217877094973	0.7251396648044692	0.8319133648859779	1.430692020071033	0.4185237960265733	0.596641795584765	0.6095040749740571	0.6114954855254402	0.7197856717602699	ok
cross_m10	PRAD	TCGA-PRAD	SRP118614	3	13826	16897	13886	743	346	0.14131897711978467	0.14131897711978467	1525	1296	0.1901639344262295	0.18885245901639344	1193	538	0.22799664710813075	0.2162615255658005	100	100	0.07	0.07	500	500	0.108	0.108	100	100	0.17	0.17	500	500	0.198	0.198	0.8748317631224765	0.25168236877523553	0.2503364737550471	0.7098848512038283	0.602665140693224	1.500449451890944	0.5983435896932654	0.49825739122038076	0.49289102303704463	0.5330480147944823	0.6762621148560682	ok
cross_m10	PRAD	TCGA-PRAD	SRP118614	4	14184	16897	14246	1997	675	0.19679519278918378	0.1942914371557336	4679	2339	0.27099807651207525	0.26736482154306473	2228	875	0.2414721723518851	0.23518850987432674	100	100	0.05	0.05	500	500	0.234	0.234	100	100	0.17	0.17	500	500	0.306	0.304	0.8908362543815723	0.3885828743114672	0.38407611417125687	0.6957936905358036	0.6275949234758447	1.4003860118095146	0.5518414792897743	0.5366833810830232	0.5305050798480141	0.582374360266077	0.6771009588268472	ok
cross_m10	STAD	TCGA-STAD	SRP133891	1	16771	17534	16820	3348	3203	0.3635005973715651	0.3473715651135006	4587	6578	0.49138870721604533	0.4711140178766078	4467	3866	0.4425789120214909	0.3991493172151332	100	100	0.09	0.09	500	500	0.134	0.134	100	100	0.32	0.32	500	500	0.326	0.324	0.8010752688172043	0.45280764635603343	0.4295101553166069	0.6774193548387095	0.8827031400938943	2.0026299782087302	0.5592280402775975	0.47903923115354696	0.5029711336478282	0.5387537023148276	0.6739013773776161	ok
cross_m10	STAD	TCGA-STAD	SRP133891	2	16771	17534	16820	2059	1445	0.31471588149587176	0.30791646430305974	2967	1882	0.2794068082237951	0.2726659925851028	3443	2338	0.3935521347661923	0.3610223642172524	100	100	0.19	0.19	500	500	0.226	0.226	100	100	0.37	0.37	500	500	0.336	0.324	0.8494414764448761	0.3589120932491501	0.34919864011656143	0.6654255032108358	0.8351067709121988	1.933942887691811	0.5681843676837268	0.48023824563042794	0.4943689234737988	0.5550876761940088	0.6668057957188003	ok
cross_m10	STAD	TCGA-STAD	SRP133891	3	16771	17534	16820	3412	1649	0.18083235638921455	0.15885111371629543	5061	3049	0.21833629717447145	0.1956135151155898	4409	2531	0.3102744386482196	0.24291222499432977	100	100	0.06	0.06	500	500	0.084	0.084	100	100	0.12	0.11	500	500	0.156	0.138	0.6474208675263775	0.223915592028136	0.1954865181711606	0.5322391559202814	0.5988091954141834	1.9571133634409512	0.694034486402274	0.2439822655586367	0.26884253749453807	0.2936831630484836	0.5720589112157891	ok
cross_m10	STAD	TCGA-STAD	SRP133891	4	16771	17534	16820	2901	3638	0.3243709065839366	0.2843846949327818	4369	6298	0.40192263675898376	0.3444724193179217	4447	4294	0.3984708792444345	0.3134697548909377	100	100	0.13	0.13	500	500	0.132	0.132	100	100	0.16	0.16	500	500	0.25	0.234	0.7207859358841778	0.42330230954843157	0.36573595311961393	0.6608066184074455	0.7751420841530323	1.8726272555589638	0.5860670713555012	0.26797354913793486	0.280849720267281	0.3326438515173453	0.5835668713851291	ok
cross_m10	LUNG	SRP074349	SRP125001	0	14175	15756	14480	2770	95	0.02527075812274368	0.02527075812274368	5945	95	0.01312026913372582	0.01312026913372582	2977	2297	0.32784682566341955	0.3050050386294928	100	100	0.11	0.11	500	500	0.184	0.184	100	95	0.06	0.06	500	95	0.066	0.066	0.7808664259927798	0.02527075812274368	0.02527075812274368	0.3694344163658242	0.6669908517105037	1.5292714006023131	0.5638505686774727	0.3679090798107072	0.38378696745509866	0.44894076137065536	0.6312522045855379	ok
cross_m10	LUNG	SRP074349	SRP125001	1	12891	15756	13049	2284	154	0.03415061295971979	0.03415061295971979	5087	154	0.02201690583841164	0.021230587772754078	2449	2450	0.29358922008983257	0.2666394446712944	100	100	0.06	0.06	500	500	0.132	0.132	100	100	0.11	0.11	500	154	0.07	0.07	0.7294220665499125	0.03415061295971979	0.03415061295971979	0.2788341255941956	0.595087136615496	1.5653597959036047	0.6198400277222007	0.29331327438688837	0.2990786845647185	0.3663313160678891	0.602590954929796	ok
cross_m10	LUNG	SRP074349	SRP125001	2	14173	15756	14480	2498	64	0.013610888710968775	0.01200960768614892	5872	64	0.006641689373297003	0.0057901907356948225	2682	2376	0.2889634601043997	0.19686800894854586	100	100	0.0	0.0	500	500	0.046	0.044	100	64	0.05	0.04	500	64	0.024	0.022	0.5948759007205765	0.013610888710968775	0.01200960768614892	0.2586068855084065	0.5604646242447987	1.5093818732339774	0.6286793725407898	0.09355398380396539	0.09473881412589345	0.1655291512799078	0.5325619134974953	ok
cross_m10	LUNG	SRP074349	SRP125001	3	13923	15756	14194	2774	38	0.010093727469358327	0.010093727469358327	5977	38	0.004851932407562322	0.004851932407562322	2955	1758	0.26159052453468695	0.21658206429780033	100	100	0.05	0.05	500	500	0.14	0.138	100	38	0.0	0.0	500	38	0.02	0.02	0.6961067051189618	0.010093727469358327	0.010093727469358327	0.23792357606344627	0.5423441831705273	1.5134925572766984	0.6416604888058426	0.24346776338053414	0.26190397888234773	0.29365723346240336	0.5809811103928751	ok
cross_m10	STAD	SRP172499	TCGA-STAD	0	17065	17152	17534	1832	1991	0.34443231441048033	0.287117903930131	2747	2737	0.3116126683654896	0.2712049508554787	2622	3475	0.5156369183829138	0.408466819221968	100	100	0.14	0.14	500	500	0.186	0.164	100	100	0.31	0.2	500	500	0.332	0.224	0.7745633187772926	0.35534934497816595	0.2980349344978166	0.6752183406113537	1.081775444949019	1.8180821346798384	0.404990883352188	0.40900641661758647	0.43030811739315183	0.31773242089916665	0.6541459126867858	ok
cross_m10	STAD	SRP172499	TCGA-STAD	1	17065	17152	17534	2597	3418	0.3904505198305737	0.24874855602618406	5727	4658	0.33315872184389733	0.2355508992491706	2951	4632	0.5845476109793291	0.3632666892578787	100	100	0.04	0.04	500	500	0.08	0.074	100	100	0.22	0.17	500	500	0.25	0.178	0.5987678090103966	0.4008471313053523	0.25721986907970734	0.6195610319599538	1.2057876382262924	1.6579539594740427	0.27272549919974387	0.19452565327347987	0.23242988075088314	0.1891231652145091	0.5885145033694696	ok
cross_m10	STAD	SRP172499	TCGA-STAD	2	17065	17152	17534	1565	2114	0.339297124600639	0.28753993610223644	3085	3023	0.2700162074554295	0.2372771474878444	2207	3615	0.5586769370185772	0.4218396012686905	100	100	0.07	0.07	500	500	0.114	0.112	100	100	0.29	0.23	500	500	0.294	0.264	0.7648562300319489	0.3488817891373802	0.2971246006389776	0.6268370607028755	1.1321791261825274	1.6007900957984023	0.2927372994409694	0.3217169908452846	0.3608253500205815	0.3441838061496668	0.6199824201582186	ok
cross_m10	STAD	SRP172499	TCGA-STAD	3	17065	17152	17534	2257	3521	0.5157288435976961	0.48072662826761187	3306	5171	0.5190562613430127	0.49153055051421657	3195	4582	0.6607198748043819	0.5743348982785602	100	100	0.09	0.09	500	500	0.138	0.138	100	100	0.17	0.17	500	500	0.24	0.208	0.846699158174568	0.5436420026583961	0.5086397873283119	0.7811253876827647	1.463186677935095	1.8155103867687683	0.194063174411652	0.517764493499124	0.5465399278598974	0.4805616077607177	0.6962789334895986	ok
cross_m10	STAD	SRP172499	TCGA-STAD	4	17065	17152	17534	1647	2966	0.45780206435944143	0.41408621736490586	3104	4434	0.4693943298969072	0.4429768041237113	2342	4614	0.6541417591801879	0.5649017933390265	100	100	0.05	0.05	500	500	0.188	0.17	100	100	0.25	0.15	500	500	0.302	0.24	0.8263509411050395	0.46569520340012144	0.4219793564055859	0.8057073466909531	1.5295021075240727	1.6783004234903718	0.08866011941821617	0.4863049615303612	0.535362250080194	0.39413564995264294	0.6949897450922942	ok
cross_m10	STAD	SRP172499	SRP133891	0	16768	17152	16820	1788	2296	0.4121923937360179	0.3959731543624161	2703	4504	0.42286348501664817	0.4117647058823529	2503	2982	0.5417499001198561	0.4886136636036756	100	100	0.14	0.14	500	500	0.208	0.208	100	100	0.29	0.26	500	500	0.38	0.348	0.8573825503355704	0.44798657718120805	0.4317673378076063	0.70917225950783	1.086980449268719	1.7952068132650787	0.3945096234947185	0.5136682078093903	0.502904919692931	0.5181779270311235	0.676944179389313	ok
cross_m10	STAD	SRP172499	SRP133891	1	16768	17152	16820	2536	3204	0.4085173501577287	0.3805205047318612	5666	6579	0.4797034945287681	0.45623014472290857	2835	3868	0.5417989417989418	0.4786596119929453	100	100	0.08	0.08	500	500	0.132	0.132	100	100	0.17	0.15	500	500	0.334	0.294	0.8308359621451105	0.45465299684542587	0.42547318611987384	0.7072160883280756	1.0945403663011204	1.652290051515533	0.33756160711784644	0.5337501295204954	0.5551436713515077	0.498152891360311	0.7071803435114504	ok
cross_m10	STAD	SRP172499	SRP133891	2	16768	17152	16820	1542	1457	0.44487678339818415	0.44422827496757455	3062	1894	0.3210320052253429	0.3207054212932724	2121	2344	0.5827439886845828	0.5553983969825554	100	100	0.25	0.25	500	500	0.298	0.298	100	100	0.32	0.32	500	500	0.438	0.438	0.9254215304798963	0.4701686121919585	0.4695201037613489	0.8746217034154776	1.2140310453834684	1.5971401149641686	0.23987192231365073	0.5898324767885048	0.6139064131307711	0.6608248480562466	0.6953125	ok
cross_m10	PRAD	SRP148500	SRP027258	0	14245	16653	14504	172	4649	0.7325581395348837	0.5058139534883721	324	8664	0.7006172839506173	0.4722222222222222	560	4957	0.7964285714285714	0.5732142857142857	100	100	0.02	0.02	500	500	0.082	0.066	100	100	0.03	0.02	324	500	0.12345679012345678	0.09567901234567901	0.6511627906976745	0.7906976744186046	0.5348837209302325	0.8934108527131783	2.7072704109682837	1.4701961206659289	-0.8414348758735801	0.19925150557926335	0.18498535765529858	0.24054417990350843	0.5657423657423657	ok
cross_m10	PRAD	SRP148500	SRP027258	1	14245	16653	14504	172	4571	0.6976744186046512	0.4883720930232558	323	8610	0.6904024767801857	0.46439628482972134	560	4830	0.7785714285714286	0.5571428571428572	100	100	0.02	0.02	500	500	0.092	0.07	100	100	0.04	0.04	323	500	0.11764705882352941	0.09287925696594428	0.6511627906976745	0.7965116279069767	0.5465116279069767	0.9534883720930233	2.677377014358053	1.4701961206656404	-0.8211019446479384	0.19644366760648282	0.18658762708886267	0.23688464331792283	0.567076167076167	ok
cross_m10	PRAD	SRP148500	SRP027258	2	14245	16653	14504	172	4601	0.6918604651162791	0.4941860465116279	324	8590	0.6944444444444444	0.47530864197530864	560	4899	0.7660714285714286	0.5571428571428572	100	100	0.02	0.02	500	500	0.084	0.066	100	100	0.04	0.04	324	500	0.12037037037037036	0.09567901234567901	0.6569767441860465	0.7848837209302325	0.5406976744186046	0.9612403100775194	2.8086344024941967	1.4701961206717846	-0.910380773696255	0.21335106175687504	0.20161470615498944	0.24920646456085088	0.5733239733239733	ok
cross_m10	PRAD	SRP148500	SRP027258	3	14067	16007	14504	177	4424	0.6836158192090396	0.4745762711864407	351	8354	0.6638176638176638	0.4358974358974359	523	4703	0.7724665391969407	0.5564053537284895	100	100	0.02	0.02	500	500	0.092	0.07	100	100	0.05	0.04	351	500	0.13105413105413105	0.10256410256410256	0.6440677966101694	0.7740112994350282	0.519774011299435	0.99999999	2.6721121641630976	1.4434021754231716	-0.8512596209574765	0.1913882146719765	0.181091252091301	0.231670038579549	0.5650813961754461	ok
cross_m10	PRAD	SRP148500	SRP027258	4	14245	16653	14504	172	4450	0.6337209302325582	0.4186046511627907	323	8724	0.6563467492260062	0.42105263157894735	560	4728	0.7714285714285715	0.5446428571428571	100	100	0.01	0.01	500	500	0.09	0.07	100	100	0.06	0.05	323	500	0.1238390092879257	0.09597523219814241	0.627906976744186	0.7325581395348837	0.47674418604651164	0.8643410852713178	2.40852897835979	1.4701961206660876	-0.6382365213074981	0.17352500599281087	0.16232051572138465	0.21391952984888354	0.5613197613197614	ok
cross_m10	PRAD	SRP148500	SRP002628	0	15649	16653	15696	248	1043	0.3185483870967742	0.31451612903225806	403	2678	0.3970223325062035	0.3945409429280397	780	1499	0.4717948717948718	0.4461538461538462	100	100	0.03	0.03	500	500	0.076	0.076	100	100	0.07	0.07	403	500	0.141439205955335	0.13895781637717122	0.9354838709677419	0.375	0.3709677419354839	0.825268817204301	0.9235355743539988	1.5101119863707302	0.38843239263761975	0.5878696403540962	0.626980773957239	0.5461111097244968	0.7411336187615822	ok
cross_m10	PRAD	SRP148500	SRP002628	1	15649	16653	15696	248	602	0.2217741935483871	0.21370967741935484	402	1312	0.23880597014925373	0.23383084577114427	780	1146	0.42435897435897435	0.3923076923076923	100	100	0.04	0.04	500	500	0.09	0.086	100	100	0.11	0.1	402	500	0.1417910447761194	0.13681592039800994	0.9153225806451613	0.2540322580645161	0.24596774193548387	0.8655913978494623	0.858870819518476	1.510111986384074	0.4312535578404214	0.5685104765123226	0.5995620028625858	0.5307091411402626	0.7262444884657167	ok
cross_m10	PRAD	SRP148500	SRP002628	2	15649	16653	15696	248	1154	0.42338709677419356	0.41935483870967744	403	2779	0.47642679900744417	0.4739454094292804	780	1554	0.5346153846153846	0.5064102564102564	100	100	0.04	0.04	500	500	0.124	0.124	100	100	0.08	0.08	403	500	0.18362282878411912	0.18114143920595532	0.9475806451612904	0.4879032258064516	0.4838709677419355	0.939516129032258	1.0840820985340662	1.5101119865438764	0.28211807588180604	0.6126748828427419	0.6454344214571547	0.585456731658509	0.7463096683494153	ok
cross_m10	PRAD	SRP118614	SRP002628	3	13718	13886	15696	346	3	0.0	0.0	1294	3	0.0	0.0	518	322	0.1640926640926641	0.12934362934362933	100	100	0.01	0.01	500	500	0.068	0.068	100	3	0.0	0.0	500	3	0.0	0.0	0.8815028901734104	0.0	0.0	0.5582163501238646	0.574350624526559	1.2593742729912831	0.5439396874748335	0.3784863390435321	0.38659387037772686	0.3995142110487842	0.6196967487972007	ok
cross_m10	PRAD	SRP118614	SRP002628	4	14051	14246	15696	669	2	0.0	0.0	2332	2	0.0004288164665523156	0.0004288164665523156	856	258	0.12032710280373832	0.1133177570093458	100	100	0.03	0.03	500	500	0.106	0.104	100	2	0.0	0.0	500	2	0.0	0.0	0.9088191330343797	0.0	0.0	0.6748878923766816	0.5233639709083335	1.273303852682021	0.5889716584097764	0.48220029112124585	0.4643366390822699	0.5134218126972421	0.6504163404739877	ok
cross_m10	PRAD	SRP118614	SRP148500	0	13734	13886	16653	487	201	0.1457905544147844	0.1457905544147844	1575	351	0.08126984126984127	0.08126984126984127	633	567	0.3459715639810427	0.330173775671406	100	100	0.09	0.09	500	500	0.194	0.194	100	100	0.25	0.25	500	351	0.166	0.166	0.9650924024640657	0.16837782340862423	0.16837782340862423	0.8305954825462012	0.7454081400833713	1.2533568753036435	0.4052706337907265	0.5201382981639212	0.5298491024187579	0.5436872329323705	0.6797728265618174	ok
cross_m10	PRAD	SRP118614	SRP148500	1	13449	13526	16653	484	190	0.15702479338842976	0.15702479338842976	1645	338	0.08145896656534954	0.08145896656534954	592	519	0.38175675675675674	0.3716216216216216	100	100	0.08	0.08	500	500	0.19	0.19	100	100	0.2	0.2	500	338	0.178	0.178	0.9628099173553719	0.17768595041322313	0.17768595041322313	0.8209366391184573	0.8086849656361474	1.2874073415780805	0.3718499658042371	0.5650334550183672	0.5523351599697751	0.6115706747852703	0.6900141274444197	ok
cross_m10	LIHC	SRP161530	SRP050551	2	15488	15823	15968	2835	3005	0.6627865961199294	0.6603174603174603	4789	5687	0.6867822092294842	0.6849029024848612	3408	3345	0.6734154929577465	0.6622652582159625	100	100	0.23	0.23	500	500	0.418	0.418	100	100	0.47	0.47	500	500	0.566	0.566	0.962257495590829	0.7693121693121693	0.7668430335097002	0.9197530864197531	1.4196628499546018	1.713934211905654	0.17169349903101816	0.7598560748178993	0.7836019786854533	0.8077953990358192	0.7948088842975206	ok
cross_m10	LIHC	SRP161530	SRP050551	3	15488	15823	15968	2835	2823	0.6229276895943563	0.6215167548500882	4790	5383	0.6559498956158664	0.6544885177453027	3408	3201	0.6473004694835681	0.6352699530516432	100	100	0.13	0.13	500	500	0.394	0.394	100	100	0.45	0.45	500	500	0.546	0.546	0.9566137566137566	0.7354497354497355	0.7333333333333333	0.9002267573696144	1.3323722587304547	1.7139342124022912	0.22262345363713232	0.7573706799513193	0.7806217415629633	0.8000662365391935	0.7991993801652892	ok
cross_m10	LIHC	SRP161530	SRP050551	4	15488	15823	15968	2835	2975	0.6483245149911817	0.6472663139329806	4791	5539	0.6737633061991234	0.6731371321227301	3408	3402	0.6742957746478874	0.6637323943661971	100	100	0.17	0.17	500	500	0.414	0.414	100	100	0.45	0.45	500	500	0.554	0.554	0.963668430335097	0.7499118165784833	0.7488536155202822	0.9012345679012346	1.4099772137650337	1.7139342120279546	0.17734461225514253	0.7692709829736513	0.7930183125295694	0.8103112804130683	0.8067536157024794	ok
cross_m10	LIHC	SRP161530	SRP137150	0	15176	15823	15802	2773	3300	0.5196538045438154	0.5142445005409304	4731	5050	0.5191291481716339	0.5106742760515747	3282	3914	0.5813528336380256	0.5618525289457648	100	100	0.22	0.22	500	500	0.354	0.354	100	100	0.36	0.36	500	500	0.498	0.494	0.9177785791561486	0.568698160836639	0.561846375766318	0.8329126096886645	1.2516734990690905	1.7014306857927701	0.2643405872946968	0.6072294454038181	0.6188623812749073	0.6714935723868655	0.7233790195044808	ok
cross_m10	PRAD	SRP212704	SRP002628	4	15599	16515	15696	1729	2	0.0	0.0	5317	2	0.0001880759826970096	0.0001880759826970096	1840	418	0.15815217391304348	0.15543478260869564	100	100	0.04	0.04	500	500	0.09	0.09	100	2	0.0	0.0	500	2	0.0	0.0	0.9392712550607287	0.0	0.0	0.7532292269134373	0.5709344374542542	1.432984907992606	0.601576796608384	0.5884092050560475	0.5898646574530653	0.6442285314468832	0.6944675940765433	ok
cross_m10	PRAD	SRP212704	SRP148500	0	16187	16515	16653	1412	265	0.09773371104815864	0.09560906515580736	4450	420	0.053258426966292134	0.051685393258426963	1667	890	0.28434313137372524	0.2579484103179364	100	100	0.06	0.06	500	500	0.12	0.12	100	100	0.17	0.17	500	420	0.154	0.15	0.8321529745042493	0.11048158640226628	0.10835694050991501	0.6317280453257789	0.6600068299645263	1.4400837484997329	0.541688578423223	0.4715860898518972	0.4777048635597159	0.498150888543855	0.6597269413727065	ok
cross_m10	PRAD	SRP212704	SRP148500	1	16187	16515	16653	1834	265	0.08996728462377317	0.08833151581243184	5821	419	0.04913245146881979	0.048273492527057205	1963	890	0.27356087620988284	0.25420275089149263	100	100	0.09	0.09	500	500	0.162	0.162	100	100	0.15	0.15	500	419	0.158	0.156	0.8653217011995638	0.10305343511450382	0.10141766630316248	0.6510359869138493	0.6631413040353236	1.444072882903741	0.5407840477539614	0.5168670926051657	0.5151960995854558	0.5615331905305881	0.6775189967257675	ok
cross_m10	PRAD	SRP212704	SRP148500	2	16187	16515	16653	1841	265	0.09505703422053231	0.09451385116784357	5327	420	0.05537826168575183	0.05500281584381453	2050	890	0.2819512195121951	0.26682926829268294	100	100	0.09	0.09	500	500	0.172	0.172	100	100	0.23	0.23	500	420	0.168	0.168	0.8739815317762086	0.10755024443237371	0.10700706137968495	0.6632265073329711	0.6662989605906978	1.4666193581820754	0.5456906000364007	0.5654189934214262	0.5806628143636848	0.5960322951443924	0.7035275220856243	ok
cross_m10	THCA	TCGA-THCA	ERP012979	0	16137	16747	16146	2196	1481	0.43624772313296906	0.4348816029143898	4574	2885	0.3788806296458242	0.3775688675120245	2537	2064	0.5431612140323216	0.5293653921955065	100	100	0.16	0.16	500	500	0.342	0.342	100	100	0.45	0.45	500	500	0.506	0.506	0.9403460837887068	0.5040983606557377	0.5027322404371585	0.8337887067395264	1.107395487450844	1.7079446737188655	0.3516209836940387	0.6721535819740212	0.682269745957375	0.7427178704870666	0.7483423188944661	ok
cross_m10	THCA	TCGA-THCA	ERP012979	1	16137	16747	16146	2062	1311	0.42919495635305527	0.4277400581959263	3929	2174	0.35403410537032326	0.3530160346144057	2501	1939	0.5433826469412235	0.5349860055977609	100	100	0.32	0.32	500	500	0.386	0.386	100	100	0.51	0.51	500	500	0.528	0.526	0.937439379243453	0.49757516973811833	0.495635305528613	0.8157129000969933	1.1452007054385724	1.7294402520749914	0.337820023522319	0.6861107968313267	0.6880019589474922	0.7786080478978917	0.7407820536654892	ok
cross_m10	THCA	TCGA-THCA	ERP012979	2	16137	16747	16146	1786	2087	0.5195968645016797	0.5117581187010078	4329	3630	0.40448140448140446	0.3966273966273966	2445	2649	0.5959100204498977	0.5198364008179959	100	100	0.26	0.26	500	500	0.316	0.316	100	100	0.47	0.47	500	500	0.53	0.528	0.8829787234042553	0.5991041433370661	0.589585666293393	0.8516237402015677	1.236382833211741	1.6072658950200007	0.23075401709039833	0.5268019529236795	0.5769425900464006	0.6350882679075747	0.7071326764578298	ok
cross_m10	THCA	TCGA-THCA	ERP012979	3	16136	16747	16145	2676	1530	0.3086696562032885	0.3023168908819133	5826	2566	0.22330930312392722	0.2155853072433917	3087	2325	0.4509232264334305	0.38095238095238093	100	100	0.17	0.17	500	500	0.234	0.234	100	100	0.38	0.38	500	500	0.424	0.424	0.8120328849028401	0.35351270553064273	0.34641255605381166	0.6562032884902839	0.8414704951525281	1.6698701606677164	0.49608627366809366	0.2926748774136136	0.32624344569631486	0.5111344069411222	0.5691621219633118	ok
cross_m10	LIHC	SRP161530	SRP068976	2	15455	15823	16012	2800	3524	0.6753571428571429	0.6728571428571428	4756	5402	0.6429772918418839	0.6412952060555088	3363	4092	0.7127564674397859	0.7035385072851621	100	100	0.46	0.46	500	500	0.492	0.492	100	100	0.49	0.49	500	500	0.604	0.602	0.9596428571428571	0.72	0.7175	0.8901785714285714	1.5307049713238574	1.7002232750043018	0.09970355433465972	0.758097607319118	0.7734582963768835	0.8090810980742671	0.7918472986088645	ok
cross_m10	LIHC	SRP161530	SRP068976	3	15455	15823	16012	2800	3735	0.6246428571428572	0.6210714285714286	4757	5720	0.613832247214631	0.6094177002312382	3363	4248	0.6669640202200416	0.6529884032114184	100	100	0.35	0.35	500	500	0.404	0.404	100	100	0.44	0.44	500	500	0.558	0.556	0.9475	0.6771428571428572	0.6728571428571428	0.8590909090909091	1.445415109720739	1.700223274844368	0.14986747263941147	0.7011115048802107	0.7136111024037675	0.7620642042611339	0.765189259139437	ok
cross_m10	LIHC	SRP161530	SRP068976	4	15455	15823	16012	2800	3518	0.6182142857142857	0.6164285714285714	4758	5336	0.6027742749054225	0.600042034468264	3363	4268	0.6806422836752899	0.6693428486470413	100	100	0.3	0.3	500	500	0.428	0.428	100	100	0.45	0.45	500	500	0.568	0.568	0.9482142857142857	0.6646428571428571	0.6621428571428571	0.8671428571428571	1.4884584442493514	1.7002232749736255	0.12455118915341223	0.7070466920552767	0.7220818626659958	0.7741710257286263	0.7653833710773212	ok
cross_m10	LIHC	SRP161530	SRP174991	0	15386	15823	15733	2779	2529	0.5552356962936308	0.5534364879453041	4733	4345	0.5381364884851045	0.5358123811536024	3332	3068	0.5957382953181273	0.5837334933973589	100	100	0.36	0.36	500	500	0.45	0.45	100	100	0.43	0.43	500	500	0.572	0.572	0.946023749550198	0.6473551637279596	0.645555955379633	0.8488664987405541	1.2728501903030167	1.6994184114496278	0.25100835572491087	0.6797624673519772	0.6889600918519401	0.7632744915567574	0.7499025087742103	ok
cross_m10	PRAD	SRP002628	TCGA-PRAD	0	15690	15696	16897	1045	878	0.21626794258373205	0.21052631578947367	2680	1751	0.15335820895522387	0.14888059701492537	1516	1432	0.3482849604221636	0.32255936675461744	100	100	0.02	0.02	500	500	0.07	0.07	100	100	0.11	0.1	500	500	0.182	0.178	0.8258373205741627	0.24688995215311005	0.23923444976076555	0.7448165869218499	0.7381048895880982	1.2764264253921473	0.4217411400258848	0.27568316836163503	0.24580162389787474	0.37179942827207346	0.5555130656469088	ok
cross_m10	PRAD	SRP002628	TCGA-PRAD	1	15690	15696	16897	604	2568	0.4718543046357616	0.4685430463576159	1314	6168	0.5007610350076104	0.4908675799086758	1158	2838	0.5457685664939551	0.5198618307426598	100	100	0.03	0.03	500	500	0.062	0.062	100	100	0.17	0.17	500	500	0.182	0.182	0.9172185430463576	0.5380794701986755	0.5331125827814569	0.7427407030056037	1.0378972723141682	1.3158690080428062	0.21124575016937808	0.37021490739935675	0.337410375565087	0.47868270284278197	0.5943275971956661	ok
cross_m10	PRAD	SRP002628	TCGA-PRAD	2	15690	15696	16897	1159	1924	0.3986194995685936	0.3925798101811907	2784	4194	0.36745689655172414	0.35811781609195403	1569	2284	0.4926704907584449	0.47609942638623326	100	100	0.01	0.01	500	500	0.098	0.098	100	100	0.23	0.23	500	500	0.268	0.266	0.8869715271786023	0.454702329594478	0.4469370146678171	0.7963761863675581	0.9870888208673828	1.3492066081225247	0.26839313198965375	0.34901345366279324	0.3249816553608184	0.48520545439258417	0.5788400254939452	ok
cross_m10	PRAD	SRP002628	TCGA-PRAD	3	15690	15696	16897	3	1010	0.0	0.0	3	1831	0.3333333333333333	0.3333333333333333	541	1666	0.4658040665434381	0.4195933456561922	100	100	0.02	0.02	500	500	0.076	0.074	3	100	0.0	0.0	3	500	0.0	0.0								0.4195317025319248	0.4451228064340329	0.46451965711900367	0.6389420012746972	ok
cross_m10	STAD	TCGA-STAD	SRP172499	2	17065	17534	17152	2114	1565	0.2511825922421949	0.21286660359508042	3023	3085	0.2755540853456831	0.24214356599404566	3615	2207	0.34107883817427387	0.25753803596127245	100	100	0.07	0.07	500	500	0.114	0.112	100	100	0.29	0.23	500	500	0.294	0.264	0.6925260170293283	0.31267738883632923	0.26773888363292336	0.672658467360454	0.6715025404830111	1.959948826129416	0.6573877177144871	0.3217169908452846	0.3608253500205815	0.3441838061496668	0.6199824201582186	ok
cross_m10	STAD	TCGA-STAD	SRP172499	3	17065	17534	17152	3521	2257	0.3305879011644419	0.3081510934393638	5171	3306	0.33185070585960164	0.314252562367047	4582	3195	0.4607158446093409	0.40048013967699697	100	100	0.09	0.09	500	500	0.138	0.138	100	100	0.17	0.17	500	500	0.24	0.208	0.7943765975575121	0.3888099971598978	0.36381709741550694	0.656663195430591	0.8576700625192223	1.9887851142659176	0.5687467407277946	0.517764493499124	0.5465399278598974	0.48056160776071766	0.6962789334895986	ok
cross_m10	STAD	TCGA-STAD	SRP172499	4	17065	17534	17152	2966	1647	0.2542144302090357	0.2299393122049899	4434	3104	0.32859720342805593	0.3101037437979251	4614	2342	0.3320329432162982	0.2867360208062419	100	100	0.05	0.05	500	500	0.188	0.17	100	100	0.25	0.15	500	500	0.302	0.24	0.7993931220498989	0.3860418071476736	0.3590694538098449	0.7505057316250843	0.6838333638135115	1.8941958991702452	0.6389848779035656	0.4863049615303612	0.535362250080194	0.3941356499526429	0.6949897450922942	ok
cross_m10	STAD	TCGA-STAD	SRP133891	0	16771	17534	16820	1955	2286	0.48439897698209716	0.480306905370844	2701	4494	0.5945945945945946	0.5916327286190299	3355	2974	0.5087928464977646	0.4879284649776453	100	100	0.2	0.2	500	500	0.308	0.308	100	100	0.27	0.27	500	500	0.408	0.406	0.9411764705882353	0.5989769820971867	0.5948849104859335	0.8238135834043763	1.142089642082615	1.9015554928118734	0.3993918944780407	0.6428202237709753	0.6724969351605347	0.6649359501698197	0.7458112217518336	ok
cross_m10	PRAD	SRP119917	SRP148500	1	16456	16788	16653	2366	277	0.07396449704142012	0.073541842772612	5245	431	0.05147759771210677	0.05109628217349857	2807	963	0.22657641610260065	0.21339508371927324	100	100	0.11	0.11	500	500	0.13	0.128	100	100	0.13	0.13	500	431	0.138	0.136	0.8609467455621301	0.08537616229923922	0.08453085376162299	0.6055226824457594	0.5892498697904243	1.5222200256797818	0.6129009868154366	0.49068638264452547	0.48012054266732174	0.5551409879707502	0.6576932425862907	ok
cross_m10	PRAD	SRP119917	SRP148500	2	16456	16788	16653	425	277	0.12	0.11764705882352941	1011	432	0.09198813056379822	0.09099901088031652	915	963	0.3617486338797814	0.32349726775956283	100	100	0.08	0.08	500	500	0.12	0.118	100	100	0.13	0.13	500	432	0.13	0.128	0.8423529411764706	0.12941176470588237	0.12705882352941175	0.604705882352941	0.7256087519542518	1.6444835253296946	0.55876192082327	0.37929953380940856	0.38049338032320995	0.43725616840713993	0.6188624210014584	ok
cross_m10	PRAD	SRP119917	SRP148500	3	15967	16788	16007	598	281	0.12709030100334448	0.1254180602006689	1713	460	0.08581436077057793	0.08523058960887332	907	871	0.3428886438809261	0.3197353914002205	100	100	0.08	0.08	500	500	0.14	0.138	100	100	0.12	0.12	500	460	0.146	0.144	0.882943143812709	0.14046822742474915	0.13879598662207357	0.576365663322185	0.6999380377567481	1.4979589848997241	0.5327388501203836	0.4898725251511572	0.4963461930927467	0.5167428846448056	0.6722615394250642	ok
cross_m10	PRAD	SRP119917	SRP148500	4	16456	16788	16653	1236	277	0.11731391585760517	0.1156957928802589	3085	431	0.07487844408427877	0.07390599675850891	1674	963	0.33572281959378736	0.3172043010752688	100	100	0.18	0.18	500	500	0.18	0.178	100	100	0.16	0.16	500	431	0.166	0.162	0.8754045307443366	0.12702265372168284	0.12459546925566344	0.6871628910463862	0.747758836212401	1.4927288383678703	0.4990658604613075	0.4808288779590122	0.4704539849823782	0.5603251354456854	0.6494287797763734	ok
cross_m10	STAD	SRP133891	TCGA-STAD	2	16771	16820	17534	1445	2059	0.44844290657439445	0.4387543252595156	1882	2967	0.4404888416578108	0.4298618490967056	2338	3443	0.5795551753635586	0.5316509837467921	100	100	0.19	0.19	500	500	0.226	0.226	100	100	0.37	0.37	500	500	0.336	0.324	0.889273356401384	0.4615916955017301	0.4519031141868512	0.7477893118031527	1.3107804881270728	1.6867062831258266	0.22287567121768415	0.48023824563042794	0.4943689234737988	0.5550876761940088	0.6668057957188003	ok
cross_m10	STAD	SRP133891	TCGA-STAD	3	16771	16820	17534	1649	3412	0.3741661613098848	0.3286840509399636	3049	5061	0.3624139061987537	0.3246966218432273	2531	4409	0.5404978269458712	0.4231529039905176	100	100	0.06	0.06	500	500	0.084	0.084	100	100	0.12	0.11	500	500	0.156	0.138	0.7374166161309885	0.4020618556701031	0.3559733171619163	0.5623610268849808	1.0368381401924809	1.5453323852289975	0.3290516978075009	0.2439822655586367	0.26884253749453807	0.2936831630484836	0.5720589112157891	ok
cross_m10	STAD	SRP133891	TCGA-STAD	4	16771	16820	17534	3638	2901	0.25865860362836723	0.22677295217152282	6298	4369	0.27881867259447446	0.23896475071451254	4294	4447	0.4126688402421984	0.3246390312063344	100	100	0.13	0.13	500	500	0.132	0.132	100	100	0.16	0.16	500	500	0.25	0.234	0.6948873007146784	0.30263881253435954	0.26608026388125344	0.5629466739967015	0.7290139982883472	1.4381214197619148	0.4930789651898533	0.26797354913793486	0.280849720267281	0.3326438515173453	0.5835668713851291	ok
cross_m10	STAD	SRP133891	SRP172499	0	16768	16820	17152	2296	1788	0.320993031358885	0.3083623693379791	4504	2703	0.25377442273534634	0.24711367673179396	2982	2503	0.45472837022132795	0.4101274312541918	100	100	0.14	0.14	500	500	0.208	0.208	100	100	0.29	0.26	500	500	0.38	0.348	0.8797909407665505	0.3806620209059233	0.3680313588850174	0.731416957026713	0.8325193515177383	1.502827307566732	0.44603125899695506	0.5136682078093903	0.502904919692931	0.5181779270311234	0.676944179389313	ok
cross_m10	PRAD	TCGA-PRAD	SRP148500	0	16548	16897	16653	970	278	0.07010309278350516	0.06907216494845361	1845	433	0.04932249322493225	0.04878048780487805	1704	989	0.2916666666666667	0.27523474178403756	100	100	0.06	0.06	500	500	0.088	0.088	100	100	0.09	0.09	500	433	0.096	0.094	0.8577319587628865	0.08041237113402062	0.07938144329896907	0.5257731958762886	0.6000225177876377	1.4928467576087687	0.5980682446276337	0.3987729712289644	0.3523350767163829	0.4833472787907517	0.6114938361131255	ok
cross_m10	PRAD	TCGA-PRAD	SRP148500	1	16548	16897	16653	2849	278	0.05861705861705862	0.05826605826605827	6463	432	0.03636082314714529	0.03543246170509051	3239	989	0.19203457857363385	0.18338993516517443	100	100	0.07	0.07	500	500	0.09	0.09	100	100	0.14	0.14	500	432	0.152	0.15	0.8006318006318006	0.06844506844506844	0.06774306774306774	0.4536094536094535	0.41498561604737383	1.4167741895396218	0.7070912082452443	0.36947788652089036	0.30666930589648045	0.4976234721087537	0.5952985255015711	ok
cross_m10	PRAD	TCGA-PRAD	SRP148500	2	16548	16897	16653	2169	278	0.07653296449976948	0.0756108805901337	4444	433	0.05108010801080108	0.05018001800180018	2643	989	0.23912220961029135	0.23004161937192585	100	100	0.08	0.08	500	500	0.112	0.11	100	100	0.15	0.15	500	433	0.152	0.148	0.8658367911479945	0.08529276164130936	0.08437067773167359	0.54510527124635	0.5507535511363504	1.4975060165816856	0.6322194735527409	0.43220406572476033	0.39212433407748726	0.5471328940486047	0.6171138506163887	ok
cross_m10	PRAD	TCGA-PRAD	SRP148500	3	15989	16897	16007	1075	282	0.08651162790697674	0.08558139534883721	1898	461	0.07481559536354057	0.07428872497365648	1777	880	0.2678671918964547	0.2543612830613393	100	100	0.09	0.09	500	500	0.126	0.122	100	100	0.16	0.16	500	461	0.138	0.136	0.8762790697674419	0.10511627906976745	0.10418604651162791	0.6130232558139533	0.5910517815978928	1.6018781659958536	0.6310257582976365	0.44866118253826837	0.4385474970524607	0.5203667485458966	0.6430671086371881	ok
cross_m10	THCA	ERP012979	TCGA-THCA	2	16137	16146	16747	2087	1786	0.44465740297077144	0.43794920939147103	3630	4329	0.4823691460055096	0.4730027548209366	2649	2445	0.5500188750471876	0.4798036995092488	100	100	0.26	0.26	500	500	0.316	0.316	100	100	0.47	0.47	500	500	0.53	0.528	0.8418782942022042	0.5098227120268328	0.5002395783421179	0.7809569443493736	1.1244692359754478	1.8508744855829802	0.39246596960827007	0.5268019529236795	0.5769425900464006	0.6350882679075747	0.7071326764578298	ok
cross_m10	THCA	ERP012979	TCGA-THCA	3	16136	16145	16747	1530	2676	0.5398692810457516	0.5287581699346405	2566	5826	0.5070148090413095	0.48947778643803586	2325	3087	0.5987096774193549	0.5058064516129033	100	100	0.17	0.17	500	500	0.234	0.234	100	100	0.38	0.38	500	500	0.424	0.424	0.777124183006536	0.5823529411764706	0.569281045751634	0.8431372549019607	1.3228654358330214	1.8905217359262099	0.30026436052325034	0.2926748774136136	0.32624344569631486	0.5111344069411223	0.5691621219633118	ok
cross_m10	THCA	ERP012979	TCGA-THCA	4	16137	16146	16747	1874	2488	0.5981856990394877	0.5853788687299893	4849	5229	0.4262734584450402	0.3926582800577439	2208	2866	0.646286231884058	0.623641304347826	100	100	0.4	0.4	500	500	0.362	0.362	100	100	0.59	0.59	500	500	0.58	0.58	0.9039487726787621	0.6531483457844184	0.6371398078975453	0.8577018854500177	1.449805054606035	1.638742275156494	0.11529404190931491	0.3882862363408694	0.33129577787523673	0.6872239969390863	0.5724731982400694	ok
cross_m10	THCA	ERP012979	SRP076801	0	15831	16146	16242	1424	2013	0.589185393258427	0.5821629213483146	2825	4894	0.5507964601769911	0.5430088495575222	1925	2370	0.6098701298701299	0.587012987012987	100	100	0.11	0.11	500	500	0.266	0.266	100	100	0.41	0.41	500	500	0.526	0.522	0.9094101123595506	0.6678370786516854	0.6558988764044944	0.8237997957099081	1.3752939031528317	1.762746227145077	0.21980039896029635	0.5154730570094521	0.5321366913395471	0.6852171924812734	0.67317288863622	ok
cross_m10	THCA	TCGA-THCA	SRP076801	3	16007	16747	16242	2626	2332	0.531987814166032	0.5285605483625285	5772	5580	0.5218295218295218	0.5171517671517671	3003	2576	0.5584415584415584	0.5308025308025308	100	100	0.13	0.13	500	500	0.322	0.322	100	100	0.4	0.4	500	500	0.55	0.55	0.9299314546839299	0.6610814927646611	0.6576542269611576	0.8542052007398542	1.1604594242857758	1.6554138408220984	0.29899134846578446	0.57961492380235	0.6176092398086152	0.7116635661836945	0.7005685012806897	ok
cross_m10	THCA	TCGA-THCA	SRP076801	4	16007	16747	16242	2460	2034	0.5821138211382114	0.5821138211382114	5199	5151	0.5872283131371417	0.5860742450471245	2824	2280	0.5970254957507082	0.5906515580736544	100	100	0.41	0.41	500	500	0.368	0.368	100	100	0.52	0.52	500	500	0.626	0.626	0.9650406504065041	0.6983739837398374	0.6979674796747968	0.8829268292682926	1.2588568854855593	1.7148354826619836	0.2659022406444477	0.726317030845105	0.7324700997050105	0.8207128999068211	0.759167864059474	ok
cross_m10	THCA	ERP012979	TCGA-THCA	0	16137	16146	16747	1481	2196	0.6468602295746118	0.6448345712356516	2885	4574	0.6006932409012131	0.5986135181975737	2064	2537	0.6676356589147286	0.6506782945736435	100	100	0.16	0.16	500	500	0.342	0.342	100	100	0.45	0.45	500	500	0.506	0.506	0.9513841998649561	0.7083051991897367	0.7042538825118163	0.849763673193788	1.5294652049398672	1.7886801939023507	0.14491969545263206	0.6721535819740212	0.682269745957375	0.7427178704870666	0.7483423188944661	ok
cross_m10	THCA	ERP012979	TCGA-THCA	1	16137	16146	16747	1311	2062	0.6750572082379863	0.6727688787185355	2174	3929	0.639834406623735	0.6379944802207912	1939	2501	0.7008767405879319	0.6900464156781846	100	100	0.32	0.32	500	500	0.386	0.386	100	100	0.51	0.51	500	500	0.528	0.526	0.9649122807017544	0.7223493516399695	0.7200610221205187	0.9267734553775744	1.666442563818661	1.840164160709637	0.09440548870595455	0.6861107968313267	0.6880019589474922	0.7786080478978917	0.7407820536654892	ok
cross_m10	THCA	TCGA-THCA	ERP012979	4	16137	16747	16146	2488	1874	0.45056270096463025	0.4409163987138264	5229	4849	0.3952954675846242	0.36412315930388217	2866	2208	0.49790648988136776	0.4804605722260991	100	100	0.4	0.4	500	500	0.362	0.362	100	100	0.59	0.59	500	500	0.58	0.58	0.8906752411575563	0.5506430868167203	0.5389871382636656	0.7636655948553054	0.9998053963398279	1.720924115506647	0.4190299343643743	0.3882862363408694	0.33129577787523673	0.6872239969390864	0.5724731982400694	ok
cross_m10	THCA	TCGA-THCA	SRP076801	0	16007	16747	16242	2148	2039	0.6205772811918063	0.6187150837988827	4522	4930	0.6282618310482088	0.6251658558160106	2465	2417	0.6369168356997972	0.62920892494929	100	100	0.52	0.52	500	500	0.472	0.472	100	100	0.61	0.61	500	500	0.646	0.644	0.9483240223463687	0.7309124767225326	0.7281191806331471	0.8975791433891992	1.3540741446501494	1.6876377158659344	0.19765117126730725	0.7013757861231209	0.7117214941033085	0.8232436890969033	0.7459861310676579	ok
cross_m10	THCA	TCGA-THCA	SRP076801	1	16007	16747	16242	2019	1881	0.6141654284299158	0.612184249628529	3885	4566	0.6108108108108108	0.607979407979408	2443	2261	0.6389684813753582	0.6320098239869013	100	100	0.38	0.38	500	500	0.408	0.408	100	100	0.6	0.6	500	500	0.632	0.632	0.9559187716691432	0.7137196631996038	0.7112431896978703	0.8949975235264982	1.3478390496130679	1.7183137092847303	0.21560362212664708	0.6791334113000521	0.6794850869294915	0.8094878620326535	0.7323046167301805	ok
cross_m10	THCA	TCGA-THCA	SRP076801	2	16007	16747	16242	1725	2074	0.5269565217391304	0.5234782608695652	4266	5229	0.5028129395218003	0.48523206751054854	2352	2392	0.5314625850340136	0.5148809523809523	100	100	0.2	0.2	500	500	0.262	0.262	100	100	0.48	0.48	500	500	0.538	0.538	0.8614492753623189	0.623768115942029	0.6115942028985507	0.762962962962963	1.1515958035099203	1.5895543468816309	0.27552284967852314	0.5088131315854882	0.5344107858808465	0.6731899630451793	0.6716436559005435	ok
cross_m10	THCA	SRP076801	TCGA-THCA	0	16007	16242	16747	2039	2148	0.6537518391368318	0.6517900931829328	4930	4522	0.5762677484787019	0.5734279918864097	2417	2465	0.6495655771617708	0.6417045924700041	100	100	0.52	0.52	500	500	0.472	0.472	100	100	0.61	0.61	500	500	0.646	0.644	0.9592937714565963	0.7253555664541442	0.7233938205002453	0.8806604544711459	1.467774863404065	1.6664633963267106	0.11922766102190019	0.7013757861231209	0.7117214941033085	0.8232436890969032	0.7459861310676579	ok
cross_m10	THCA	SRP076801	TCGA-THCA	1	16007	16242	16747	1881	2019	0.6592238171185539	0.6570972886762361	4566	3885	0.5197109067017083	0.5173017958826106	2261	2443	0.6904024767801857	0.6828836797877046	100	100	0.38	0.38	500	500	0.408	0.408	100	100	0.6	0.6	500	500	0.632	0.632	0.9696969696969697	0.7198298777246146	0.7177033492822966	0.9003189792663476	1.5153914326215803	1.6963288827550822	0.10666413333694669	0.6791334113000521	0.6794850869294915	0.8094878620326535	0.7323046167301805	ok
cross_m10	THCA	SRP076801	TCGA-THCA	2	16007	16242	16747	2074	1725	0.4382835101253616	0.43539054966248797	5229	4266	0.4102122776821572	0.3958691910499139	2392	2352	0.5225752508361204	0.5062709030100334	100	100	0.2	0.2	500	500	0.262	0.262	100	100	0.48	0.48	500	500	0.538	0.538	0.9151398264223722	0.5081967213114754	0.503857280617165	0.7610628951033965	1.0907381089712533	1.6650074500708776	0.34490496788778824	0.5088131315854882	0.5344107858808465	0.6731899630451793	0.6716436559005435	ok
cross_m10	THCA	SRP076801	TCGA-THCA	3	16007	16242	16747	2332	2626	0.5990566037735849	0.5951972555746141	5580	5772	0.5397849462365591	0.5349462365591398	2576	3003	0.6510093167701864	0.6187888198757764	100	100	0.13	0.13	500	500	0.322	0.322	100	100	0.4	0.4	500	500	0.55	0.55	0.8529159519725558	0.6599485420240138	0.6552315608919382	0.8507718696397941	1.414027877015846	1.7367871605180674	0.18583698154812778	0.57961492380235	0.6176092398086152	0.7116635661836945	0.7005685012806897	ok
cross_m10	PRAD	SRP002628	SRP118614	2	14767	15696	15325	1048	1243	0.34923664122137404	0.3482824427480916	2656	3607	0.4182981927710843	0.4171686746987952	1336	1485	0.3937125748502994	0.37425149700598803	100	100	0.05	0.05	500	500	0.24	0.24	100	100	0.19	0.18	500	500	0.248	0.246	0.8520992366412213	0.4675572519083969	0.4666030534351145	0.6391394864677308	0.8084078826334287	1.3233295206638997	0.3891106712197735	0.435432491164806	0.4601317793394781	0.4984783961552436	0.6326268030067042	ok
cross_m10	PRAD	SRP002628	SRP118614	3	13718	15696	13886	3	346	0.0	0.0	3	1294	0.0	0.0	322	518	0.2639751552795031	0.2080745341614907	100	100	0.01	0.01	500	500	0.068	0.068	3	100	0.0	0.0	3	500	0.0	0.0								0.3784863390435321	0.38659387037772686	0.3995142110487842	0.6196967487972007	ok
cross_m10	PRAD	SRP002628	SRP118614	4	14051	15696	14246	2	669	0.0	0.0	2	2332	0.5	0.5	258	856	0.3992248062015504	0.375968992248062	100	100	0.03	0.03	500	500	0.106	0.104	2	100	0.0	0.0	2	500	0.0	0.0								0.48220029112124585	0.4643366390822699	0.5134218126972421	0.6504163404739877	ok
cross_m10	PRAD	SRP002628	SRP212704	0	15599	15696	16515	1039	1294	0.32820019249278154	0.32146294513955725	2674	4317	0.4263275991024682	0.42109199700822736	1482	1484	0.39271255060728744	0.36707152496626183	100	100	0.02	0.02	500	500	0.076	0.076	100	100	0.23	0.21	500	500	0.224	0.214	0.8941289701636189	0.5052935514918191	0.4966313763233879	0.7497593840230992	0.7873725310628714	1.2729447892011625	0.3814558669453467	0.4533445653437125	0.46164124470888607	0.5065447820764977	0.6408744150266042	ok
cross_m10	THCA	SRP076801	ERP012979	3	15831	16242	16145	2295	1481	0.44531590413943356	0.44357298474945533	5533	2517	0.30833182721850716	0.30670522320621724	2524	2211	0.5744849445324881	0.563391442155309	100	100	0.24	0.24	500	500	0.356	0.356	100	100	0.44	0.44	500	500	0.57	0.57	0.9159041394335512	0.4928104575163399	0.49106753812636167	0.76232917409388	1.1465227779884073	1.7339550877491827	0.33878173310896487	0.5463474642508951	0.5510956932973328	0.7513112790190264	0.6706462004927042	ok
cross_m10	THCA	SRP076801	ERP012979	4	15831	16242	16146	2008	1797	0.5567729083665338	0.5547808764940239	5117	4769	0.5014657025600938	0.4957983193277311	2238	2087	0.5866845397676497	0.5755138516532619	100	100	0.49	0.49	500	500	0.47	0.47	100	100	0.52	0.52	500	500	0.606	0.606	0.9382470119521913	0.6822709163346613	0.6797808764940239	0.8630478087649402	1.1802458911179565	1.6386213362860516	0.27973237929820116	0.5655146966583776	0.5672084139706254	0.7500943252166535	0.6795527761985977	ok
cross_m10	UCEC	TCGA-UCEC	SRP040442	0	14983	16903	15016	4229	495	0.07188460628990305	0.0666824308347127	6829	1097	0.08815346317176746	0.08346756479718846	4689	1535	0.2235018127532523	0.19044572403497548	100	100	0.02	0.02	500	500	0.038	0.038	100	100	0.09	0.07	500	500	0.114	0.104	0.7919129817923859	0.09931425868999763	0.092456845589974	0.5157247576259161	0.5341358887843226	1.7109189574052843	0.6878076039356223	0.46553068210394677	0.4643937950246467	0.4315614514976181	0.6696923179603551	ok
cross_m10	UCEC	TCGA-UCEC	SRP040442	1	14983	16903	15016	5040	8	0.0011904761904761906	0.0011904761904761906	7891	12	0.0011405398555316183	0.0011405398555316183	5437	597	0.08405370608791612	0.07301820857090308	100	100	0.01	0.01	500	500	0.042	0.04	100	12	0.0	0.0	500	12	0.01	0.01	0.8759920634920635	0.0015873015873015873	0.0015873015873015873	0.5031746031746029	0.3831080448084153	1.7761044542949362	0.7842986971391283	0.6196913398067517	0.6262948650811403	0.5686155827282615	0.7433090836281119	ok
cross_m10	PRAD	SRP027258	SRP148500	1	14245	14504	16653	4571	172	0.02625246116823452	0.018376722817764167	8610	323	0.025900116144018583	0.017421602787456445	4830	560	0.09026915113871635	0.06459627329192547	100	100	0.02	0.02	500	500	0.092	0.07	100	100	0.04	0.04	500	323	0.076	0.06	0.6151826733756289	0.036534675125793045	0.024939838109822796	0.37188555871557394	0.29065677315455946	2.085685318898329	0.8606420774404808	0.1964436676064828	0.1865876270888627	0.2368846433179228	0.567076167076167	ok
cross_m10	PRAD	SRP027258	SRP148500	2	14245	14504	16653	4601	172	0.02586394262116931	0.01847424472940665	8590	324	0.02619324796274738	0.017927823050058207	4899	560	0.08756889161053276	0.06368646662584201	100	100	0.02	0.02	500	500	0.084	0.066	100	100	0.04	0.04	500	324	0.078	0.062	0.6257335361877853	0.03629645729189307	0.024994566398609	0.4123016735492282	0.29006331061236446	2.116331765581599	0.862940529774333	0.21335106175687504	0.20161470615498944	0.24920646456085088	0.5733239733239733	ok
cross_m10	PRAD	SRP027258	SRP148500	3	14067	14504	16007	4424	177	0.027350813743218808	0.0189873417721519	8354	351	0.027890830739765383	0.01831457984199186	4703	523	0.08590261535190304	0.061875398681692534	100	100	0.02	0.02	500	500	0.092	0.07	100	100	0.05	0.04	500	351	0.092	0.072	0.6103074141048824	0.04023508137432188	0.02667269439421338	0.38323430638077993	0.28531871356643956	2.05983263276032	0.8614845162521323	0.1913882146719765	0.181091252091301	0.231670038579549	0.5650813961754461	ok
cross_m10	PRAD	SRP027258	SRP148500	4	14245	14504	16653	4450	172	0.024494382022471912	0.016179775280898877	8724	323	0.024300779458963778	0.015589179275561669	4728	560	0.09137055837563451	0.0645093062605753	100	100	0.01	0.01	500	500	0.09	0.07	100	100	0.06	0.05	500	323	0.08	0.062	0.6038202247191011	0.03438202247191011	0.022247191011235956	0.3950561797752806	0.29240328005528926	1.982387099473513	0.8524994033037512	0.17352500599281087	0.16232051572138465	0.21391952984888354	0.5613197613197614	ok
cross_m10	UCEC	TCGA-UCEC	SRP040442	2	14983	16903	15016	4523	41	0.0059694892770285205	0.005306212690692019	6967	61	0.005310750681785561	0.004880149275154299	5145	997	0.14285714285714285	0.12886297376093295	100	100	0.05	0.05	500	500	0.124	0.124	100	61	0.05	0.05	500	61	0.028	0.026	0.856068980764979	0.006632765863365023	0.0059694892770285205	0.5135971700198982	0.44798645593923503	1.690496904898868	0.7349971747117542	0.5743106545116872	0.5768240716401513	0.5445599745660505	0.7165454181405593	ok
cross_m10	UCEC	TCGA-UCEC	SRP040442	3	14983	16903	15016	4446	25	0.004048582995951417	0.0033738191632928477	6847	33	0.003067036658390536	0.002628888564334745	5010	842	0.11337325349301397	0.09221556886227544	100	100	0.01	0.01	500	500	0.034	0.034	100	33	0.03	0.03	500	33	0.014	0.01	0.8247863247863247	0.00449842555105713	0.0038236617183985606	0.4796821112610583	0.3876527633574869	1.713073325813061	0.7737091824872712	0.504748141120073	0.5270850002347106	0.4566558242300722	0.6963892411399586	ok
cross_m10	UCEC	TCGA-UCEC	SRP040442	4	14983	16903	15016	3894	717	0.1448382126348228	0.1448382126348228	6947	1137	0.13084784799193896	0.13084784799193896	4278	1681	0.3195418419822347	0.3134642356241234	100	100	0.01	0.01	500	500	0.156	0.156	100	100	0.27	0.27	500	500	0.296	0.296	0.940934771443246	0.1928608115048793	0.1928608115048793	0.8292244478685156	0.7194226151721272	1.7288372776336034	0.5838690983359301	0.7203153523384654	0.7250670107335188	0.7382063226991862	0.7712741106587466	ok
cross_m10	UCEC	SRP040442	TCGA-UCEC	0	14983	15016	16903	495	4229	0.6141414141414141	0.5696969696969697	1097	6829	0.5487693710118505	0.5195989061075661	1535	4689	0.6827361563517915	0.5817589576547231	100	100	0.02	0.02	500	500	0.038	0.038	100	100	0.09	0.07	500	500	0.114	0.104	0.8545454545454545	0.6585858585858586	0.6141414141414141	0.7777777777777778	1.4536170449060808	1.4743929928837642	0.01409118740929971	0.46553068210394677	0.4643937950246467	0.43156145149761815	0.6696923179603551	ok
cross_m10	UCEC	SRP040442	TCGA-UCEC	1	14983	15016	16903	8	5040	0.75	0.75	12	7891	0.75	0.75	597	5437	0.7654941373534339	0.6649916247906198	100	100	0.01	0.01	500	500	0.042	0.04	12	100	0.0	0.0	12	500	0.4166666666666667	0.4166666666666667	1.0	0.75	0.75		3.8074063222224126	3.0944648521657196	-0.2303924924394367	0.6196913398067517	0.6262948650811403	0.5686155827282615	0.7433090836281119	ok
cross_m10	UCEC	SRP040442	TCGA-UCEC	2	14983	15016	16903	41	4523	0.6585365853658537	0.5853658536585366	61	6967	0.6065573770491803	0.5573770491803278	997	5145	0.7372116349047142	0.6649949849548646	100	100	0.05	0.05	500	500	0.124	0.124	61	100	0.08196721311475409	0.08196721311475409	61	500	0.22950819672131148	0.21311475409836064	0.9024390243902439	0.6829268292682927	0.6097560975609756	0.99999999	2.4161859742139846	2.0488201672020097	-0.1793060283634711	0.5743106545116872	0.5768240716401513	0.5445599745660505	0.7165454181405593	ok
cross_m10	UCEC	SRP040442	TCGA-UCEC	3	14983	15016	16903	25	4446	0.72	0.6	33	6847	0.6363636363636364	0.5454545454545454	842	5010	0.6745843230403801	0.5486935866983373	100	100	0.01	0.01	500	500	0.034	0.034	33	100	0.09090909090909091	0.09090909090909091	33	500	0.21212121212121213	0.15151515151515152	0.8	0.72	0.6	0.9272727272727272	1.9780658560261624	2.531529456774161	0.21862814958244958	0.504748141120073	0.5270850002347106	0.45665582423007217	0.6963892411399586	ok
cross_m10	UCEC	SRP040442	TCGA-UCEC	4	14983	15016	16903	717	3894	0.7866108786610879	0.7866108786610879	1137	6947	0.7994722955145118	0.7994722955145118	1681	4278	0.8132064247471743	0.7977394408090422	100	100	0.01	0.01	500	500	0.156	0.156	100	100	0.27	0.27	500	500	0.296	0.296	0.9679218967921897	0.8089260808926081	0.8089260808926081	0.9581589958158996	2.1048708419168274	1.5474008525061826	-0.36026217027589325	0.7203153523384654	0.7250670107335188	0.7382063226991862	0.7712741106587466	ok
cross_m10	PRAD	SRP002628	TCGA-PRAD	4	15690	15696	16897	2	2403	0.0	0.0	2	5170	0.5	0.5	432	2719	0.5509259259259259	0.4976851851851852	100	100	0.0	0.0	500	500	0.05	0.046	2	100	0.0	0.0	2	500	0.0	0.0								0.3265672509009663	0.3135818957913723	0.39734661226126916	0.5888463989802422	ok
cross_m10	PRAD	SRP002628	SRP119917	0	15687	15696	16788	1046	701	0.2112810707456979	0.2112810707456979	2681	1635	0.185378590078329	0.18500559492726595	1514	1355	0.3996036988110964	0.3910171730515192	100	100	0.0	0.0	500	500	0.072	0.072	100	100	0.23	0.23	500	500	0.23	0.23	0.9378585086042065	0.24665391969407266	0.24665391969407266	0.816989893471729	0.8526070785810735	1.27652548558298	0.3320876956939923	0.48463033747485745	0.4508319818750724	0.5560871604718207	0.6347293937655384	ok
cross_m10	PRAD	SRP002628	SRP119917	1	15687	15696	16788	606	2162	0.6567656765676567	0.6551155115511551	1316	5030	0.6732522796352584	0.6724924012158054	1155	2474	0.6883116883116883	0.6805194805194805	100	100	0.09	0.09	500	500	0.146	0.146	100	100	0.2	0.2	500	500	0.268	0.268	0.9620462046204621	0.7227722772277227	0.7211221122112211	0.885988598859886	1.3614947563685793	1.3162995897888503	-0.034335015318951	0.5950928822714996	0.5831910533148734	0.6658766036746214	0.6862370115382164	ok
cross_m10	PRAD	SRP002628	SRP119917	2	15687	15696	16788	1158	387	0.09412780656303972	0.08981001727115717	2783	970	0.08875314408911247	0.08659719726913402	1566	746	0.219029374201788	0.18071519795657726	100	100	0.04	0.04	500	500	0.078	0.078	100	100	0.2	0.19	500	500	0.168	0.162	0.7141623488773747	0.12435233160621761	0.11917098445595854	0.435808865860679	0.3853995196911937	1.3491420436104435	0.7143373290333279	0.22044928115206744	0.24333644660725565	0.3246431819770345	0.5529419264359023	ok
cross_m10	PRAD	SRP148500	SRP118614	3	13753	16007	13886	202	344	0.30198019801980197	0.30198019801980197	375	1293	0.2986666666666667	0.2986666666666667	532	523	0.37030075187969924	0.35526315789473684	100	100	0.11	0.11	500	500	0.156	0.156	100	100	0.24	0.24	375	500	0.21333333333333335	0.21333333333333335	0.8861386138613861	0.37623762376237624	0.37623762376237624	0.8349834983498349	0.8421031219882638	1.4365452468114417	0.41379979234389075	0.5003070966114391	0.4882407607861028	0.5497573709454374	0.6633461790154875	ok
cross_m10	PRAD	SRP148500	SRP118614	4	14176	16653	14246	212	676	0.4339622641509434	0.4339622641509434	363	2340	0.42424242424242425	0.42424242424242425	589	876	0.4685908319185059	0.4601018675721562	100	100	0.06	0.06	500	500	0.154	0.154	100	100	0.19	0.19	363	500	0.256198347107438	0.256198347107438	0.9245283018867925	0.5	0.5	0.8490566037735848	1.1042229796407694	1.4738122367437252	0.2507709244696833	0.5678159577597623	0.5667638125263764	0.6066236716122282	0.6920146726862303	ok
cross_m10	PRAD	SRP148500	SRP212704	0	16187	16653	16515	265	1412	0.5207547169811321	0.5094339622641509	420	4450	0.5642857142857143	0.5476190476190477	890	1667	0.5325842696629214	0.48314606741573035	100	100	0.06	0.06	500	500	0.12	0.12	100	100	0.17	0.17	420	500	0.18333333333333332	0.17857142857142858	0.9132075471698113	0.6075471698113207	0.5849056603773585	0.9119496855345912	1.1435759774445449	1.5251949038269836	0.25020994066062596	0.4715860898518972	0.4777048635597159	0.498150888543855	0.6597269413727065	ok
cross_m10	PRAD	SRP148500	SRP212704	1	16187	16653	16515	265	1834	0.6226415094339622	0.6113207547169811	419	5821	0.6825775656324582	0.6706443914081146	890	1963	0.6033707865168539	0.5606741573033708	100	100	0.09	0.09	500	500	0.162	0.162	100	100	0.15	0.15	419	500	0.18854415274463007	0.18615751789976134	0.9169811320754717	0.7396226415094339	0.720754716981132	0.8221024258760108	1.3894793879879332	1.5251949038863548	0.08898240844668726	0.5168670926051657	0.5151960995854558	0.5615331905305881	0.6775189967257675	ok
cross_m10	PRAD	SRP114904	SRP148500	4	2	2	16653	0	0			0	0			0	0			2	2	1.0	0.5	2	2	1.0	0.5	0	0			0	0														ok
cross_m10	PRAD	SRP027258	TCGA-PRAD	0	14340	14504	16897	4713	703	0.10693825588796944	0.08975175047740293	8736	1569	0.12316849816849818	0.0989010989010989	5027	1099	0.1678933757708375	0.12651680923015715	100	100	0.03	0.03	500	500	0.104	0.098	100	100	0.09	0.09	500	500	0.198	0.182	0.6456609378315298	0.1640144281773817	0.13770422236367494	0.5756418417144067	0.42011955323376576	2.133206617593963	0.8030572614163286	0.23758346617575496	0.23208697113042395	0.27503849146856707	0.5795676429567643	ok
cross_m10	PRAD	SRP027258	TCGA-PRAD	1	14340	14504	16897	4635	2187	0.24573894282632147	0.18813376483279395	8682	5738	0.3995623128311449	0.27136604469016357	4899	2374	0.28373137374974483	0.20983874260053073	100	100	0.02	0.02	500	500	0.052	0.044	100	100	0.06	0.06	500	500	0.196	0.16	0.6399137001078748	0.40323624595469254	0.29622437971952537	0.6413160733549081	0.5922877181035484	2.1085387440928276	0.7191003865767841	0.21897091855619139	0.20278132143048236	0.2544170520741639	0.5744769874476987	ok
cross_m10	PRAD	SRP027258	TCGA-PRAD	2	14340	14504	16897	4666	1595	0.2070295756536648	0.16716673810544364	8659	3850	0.27820764522462177	0.20545097586326366	4969	1841	0.25135842221775007	0.1938015697323405	100	100	0.02	0.02	500	500	0.082	0.076	100	100	0.09	0.09	500	500	0.224	0.192	0.6701671667381054	0.32554650664380624	0.2526789541363052	0.6209662604861919	0.5441819885852965	2.132905597613611	0.7448635377045514	0.2687009196985322	0.251106613607754	0.3011544671273299	0.5914923291492329	ok
cross_m10	PRAD	SRP002628	SRP114904	4	2	15696	2	0	0			0	0			0	0			2	2	1.0	0.5	2	2	1.0	0.5	0	0			0	0														ok
cross_m10	PRAD	SRP002628	SRP027258	0	13975	15696	14504	783	4474	0.6424010217113666	0.4482758620689655	2351	8472	0.6418545299872395	0.4474691620586984	1036	4765	0.7104247104247104	0.49034749034749037	100	100	0.05	0.05	500	500	0.086	0.074	100	100	0.1	0.1	500	500	0.164	0.14	0.6807151979565773	0.7203065134099617	0.49936143039591313	0.8576902025177886	2.0122822366378874	1.247085773533872	-0.6135876772418589	0.16377681497266408	0.16255358273349466	0.20481922782746823	0.5507692307692308	ok
cross_m10	PRAD	SRP002628	SRP027258	1	13975	15696	14504	445	4396	0.6876404494382022	0.5123595505617977	1123	8413	0.6838824577025824	0.4951024042742654	741	4639	0.738191632928475	0.5195681511470985	100	100	0.05	0.05	500	500	0.096	0.084	100	100	0.08	0.08	500	500	0.16	0.134	0.698876404494382	0.7528089887640449	0.550561797752809	0.8651685393258426	2.204570984219761	1.2628260098943314	-0.7457440430801956	0.200870666041619	0.20196994127870063	0.23871085605766568	0.5640787119856887	ok
cross_m10	PRAD	SRP002628	SRP027258	2	13975	15696	14504	841	4428	0.6623067776456599	0.4684898929845422	2403	8409	0.6554307116104869	0.46233874323761964	1066	4707	0.7204502814258912	0.49906191369606	100	100	0.04	0.04	500	500	0.106	0.088	100	100	0.12	0.11	500	500	0.2	0.156	0.6694411414982164	0.7419738406658739	0.5148632580261593	0.8771304003170828	2.014020753322265	1.290251808032461	-0.5609517001130953	0.1820328638498871	0.18083213629907063	0.2091372344791205	0.5620035778175313	ok
cross_m10	STAD	SRP172499	SRP133891	3	16768	17152	16820	2191	1651	0.29666818804198997	0.2797809219534459	3240	3051	0.3216049382716049	0.3080246913580247	3066	2526	0.44585779517286367	0.3851924331376386	100	100	0.12	0.12	500	500	0.15	0.15	100	100	0.21	0.19	500	500	0.302	0.27	0.8060246462802373	0.3400273847558193	0.32177088087631217	0.6942035600182563	0.9105613029505605	1.7949798077374224	0.4927178016011635	0.45212390098448385	0.4638136188967592	0.4385218045508807	0.6532681297709924	ok
cross_m10	STAD	SRP172499	SRP133891	4	16768	17152	16820	1606	3641	0.539227895392279	0.5280199252801993	3063	6301	0.534116878876918	0.5233431276526281	2234	4297	0.6374216651745748	0.5917636526410027	100	100	0.13	0.13	500	500	0.194	0.194	100	100	0.45	0.45	500	500	0.438	0.428	0.8966376089663761	0.5803237858032378	0.5678704856787049	0.8069738480697384	1.3814302071466253	1.662765341975573	0.1691971366775581	0.5327444272277456	0.5417299937652522	0.5848578605686752	0.6883945610687023	ok
cross_m10	STAD	SRP133891	TCGA-STAD	0	16771	16820	17534	2286	1955	0.4142607174103237	0.410761154855643	4494	2701	0.35736537605696483	0.35558522474410326	2974	3355	0.5739744451916611	0.5504371217215871	100	100	0.2	0.2	500	500	0.308	0.308	100	100	0.27	0.27	500	500	0.408	0.406	0.9243219597550306	0.4483814523184602	0.4448818897637795	0.7845581802274715	1.162477195495801	1.5009254961600136	0.22549307179477118	0.6428202237709753	0.6724969351605347	0.6649359501698198	0.7458112217518336	ok
cross_m10	STAD	SRP133891	TCGA-STAD	1	16771	16820	17534	3203	3348	0.37995629097720884	0.36309709647205746	6578	4587	0.34265734265734266	0.3285193067801763	3866	4467	0.5113812726332126	0.4612002069322297	100	100	0.09	0.09	500	500	0.134	0.134	100	100	0.32	0.32	500	500	0.326	0.324	0.8435841398688729	0.43771464252263503	0.4199188261005308	0.6704478440351059	0.9657195546013048	1.4540359342581226	0.3358351524551326	0.47903923115354696	0.5029711336478282	0.5387537023148276	0.6739013773776161	ok
cross_m10	THCA	ERP012979	SRP076801	1	15831	16146	16242	1265	1857	0.6869565217391305	0.6853754940711463	2128	4535	0.7166353383458647	0.7152255639097744	1821	2221	0.6902800658978583	0.6836902800658978	100	100	0.45	0.45	500	500	0.426	0.426	100	100	0.54	0.54	500	500	0.598	0.596	0.9683794466403162	0.7383399209486166	0.7359683794466403	0.9420289855072463	1.653737953300275	1.823632376650686	0.09316264918614903	0.7048255540327896	0.7328164538447897	0.7976388260834268	0.7636283241740888	ok
cross_m10	THCA	ERP012979	SRP076801	2	15831	16146	16242	2023	2042	0.6292634700939199	0.6287691547207118	3566	5185	0.7041503084688727	0.7033090297251823	2511	2344	0.6503385105535643	0.6463560334528077	100	100	0.51	0.51	500	500	0.512	0.512	100	100	0.52	0.52	500	500	0.626	0.626	0.9762728620860108	0.7034107760751359	0.7024221453287197	0.9176141044653155	1.4143226540824132	1.8302399456784686	0.2272474123287016	0.7619615467464407	0.778606662278293	0.8283610328447126	0.7931905754532247	ok
cross_m10	THCA	ERP012979	SRP076801	3	15831	16145	16242	1481	2295	0.6900742741390952	0.687373396353815	2517	5533	0.6777910210568137	0.6742153357171236	2211	2524	0.6558118498417006	0.6431478968792401	100	100	0.24	0.24	500	500	0.356	0.356	100	100	0.44	0.44	500	500	0.57	0.57	0.9561107359891965	0.7575962187711006	0.7535449020931803	0.8659207099450179	1.7085931940037422	1.8746191875794236	0.08856518415884784	0.5463474642508951	0.5510956932973328	0.7513112790190264	0.6706462004927042	ok
cross_m10	THCA	ERP012979	SRP076801	4	15831	16146	16242	1797	2008	0.6221480244852532	0.6199220923761826	4769	5117	0.5380582931432166	0.5319773537429231	2087	2238	0.6291327264015333	0.6171538092956397	100	100	0.49	0.49	500	500	0.47	0.47	100	100	0.52	0.52	500	500	0.606	0.606	0.9309961046188091	0.7056204785754034	0.7022815804117974	0.839547393804489	1.4362421831085541	1.6197501049346297	0.11329397125335061	0.5655146966583776	0.5672084139706254	0.7500943252166535	0.6795527761985977	ok
cross_m10	STAD	SRP133891	SRP172499	1	16768	16820	17152	3204	2536	0.3233458177278402	0.3011860174781523	6579	5666	0.4131326949384405	0.3929168566651467	3868	2835	0.39710444674250256	0.35082730093071357	100	100	0.08	0.08	500	500	0.132	0.132	100	100	0.17	0.15	500	500	0.334	0.294	0.8632958801498127	0.518414481897628	0.48907615480649186	0.7588951310861423	0.6729776242125922	1.4541276396791627	0.5371949436563372	0.5337501295204954	0.5551436713515077	0.49815289136031093	0.7071803435114504	ok
cross_m10	STAD	SRP133891	SRP172499	2	16768	16820	17152	1457	1542	0.4708304735758408	0.47014413177762526	1894	3062	0.5190073917634636	0.518479408658923	2344	2121	0.5273037542662116	0.5025597269624573	100	100	0.25	0.25	500	500	0.298	0.298	100	100	0.32	0.32	500	500	0.438	0.438	0.9464653397391901	0.5319148936170213	0.5312285518188058	0.8398535804163807	1.1054316984979855	1.6985376497127918	0.34918622576019753	0.5898324767885048	0.6139064131307711	0.6608248480562467	0.6953125	ok
cross_m10	STAD	SRP133891	SRP172499	3	16768	16820	17152	1651	2191	0.3937007874015748	0.37129012719563903	3051	3240	0.3415273680760406	0.3271058669288758	2526	3066	0.5411718131433095	0.4675376088677751	100	100	0.12	0.12	500	500	0.15	0.15	100	100	0.21	0.19	500	500	0.302	0.27	0.8594791035735918	0.4409448818897638	0.4161114476075106	0.7213809812235008	1.0155174218984342	1.5464561121152682	0.34332606406179045	0.45212390098448385	0.4638136188967592	0.4385218045508807	0.6532681297709924	ok
cross_m10	STAD	SRP133891	SRP172499	4	16768	16820	17152	3641	1606	0.23784674539961548	0.23290304861301842	6301	3063	0.259641326773528	0.2544040628471671	4297	2234	0.33139399581103096	0.3076565045380498	100	100	0.13	0.13	500	500	0.194	0.194	100	100	0.45	0.45	500	500	0.438	0.428	0.8676187860477891	0.33287558363087066	0.32628398791540786	0.6978851963746222	0.6041523381378688	1.4386889521463482	0.5800674376232977	0.5327444272277456	0.5417299937652522	0.5848578605686752	0.6883945610687023	ok
cross_m10	THCA	SRP076801	TCGA-THCA	4	16007	16242	16747	2034	2460	0.704031465093412	0.704031465093412	5151	5199	0.5927004465152398	0.5915356241506503	2280	2824	0.7394736842105263	0.7315789473684211	100	100	0.41	0.41	500	500	0.368	0.368	100	100	0.52	0.52	500	500	0.626	0.626	0.9754178957718781	0.7738446411012783	0.7733529990167158	0.9339794915016154	1.5785620929862172	1.6433441020496315	0.039420842526295075	0.726317030845105	0.7324700997050105	0.8207128999068211	0.759167864059474	ok
cross_m10	THCA	SRP076801	ERP012979	0	15831	16242	16146	2013	1424	0.4167908594138102	0.41182314952806753	4894	2825	0.3179403351042092	0.31344503473641194	2370	1925	0.49535864978902955	0.4767932489451477	100	100	0.11	0.11	500	500	0.266	0.266	100	100	0.41	0.41	500	500	0.526	0.522	0.8897168405365127	0.468455042225534	0.4629905613512171	0.7284318595794006	1.0471543753310983	1.6648629531412564	0.37102668219307067	0.5154730570094521	0.5321366913395471	0.6852171924812733	0.67317288863622	ok
cross_m10	THCA	SRP076801	ERP012979	1	15831	16242	16146	1857	1265	0.46795907377490575	0.4668820678513732	4535	2128	0.3362734288864388	0.3356119073869901	2221	1821	0.5659612787032868	0.5605583070688879	100	100	0.45	0.45	500	500	0.426	0.426	100	100	0.54	0.54	500	500	0.598	0.596	0.9531502423263328	0.535271943995692	0.5341949380721593	0.8355118225877516	1.1944600646381525	1.6937633547083668	0.29478928604886756	0.7048255540327896	0.7328164538447897	0.7976388260834267	0.7636283241740888	ok
cross_m10	THCA	SRP076801	ERP012979	2	15831	16242	16146	2042	2023	0.6234084231145935	0.6229187071498531	5185	3566	0.484281581485053	0.4837029893924783	2344	2511	0.6966723549488054	0.6924061433447098	100	100	0.51	0.51	500	500	0.512	0.512	100	100	0.52	0.52	500	500	0.626	0.626	0.9730656219392753	0.7076395690499511	0.7071498530852106	0.9177277179236043	1.436966163347766	1.6618283369453055	0.13531010911203412	0.7619615467464407	0.778606662278293	0.8283610328447126	0.7931905754532247	ok
